instance_family,instance,path,node_count,salesman_count,solver,objective,time_seconds,valid,best_baseline_solver,best_baseline_objective,best_baseline_time_seconds,best_baseline_valid,best_baseline_status,objective_gap,relative_gap_percent
clustered-center,clustered-center_n1000_m3_r01.txt,data\mtsp\generated_multifamily\clustered-center_n1000_m3_r01.txt,1000,3,rand+nn,6799.669318065871,0.001523,True,tsp-transform-lkh,3335.625776,1.226521,True,ok,3464.043542,103.849885
clustered-center,clustered-center_n1000_m3_r01.txt,data\mtsp\generated_multifamily\clustered-center_n1000_m3_r01.txt,1000,3,2opt+greed,3955.030827669042,0.015367,True,tsp-transform-lkh,3335.625776,1.226521,True,ok,619.405052,18.569381
clustered-center,clustered-center_n1000_m3_r01.txt,data\mtsp\generated_multifamily\clustered-center_n1000_m3_r01.txt,1000,3,lkh-wrapper-v2,3214.8019864188013,2.544988,True,tsp-transform-lkh,3335.625776,1.226521,True,ok,-120.82379,-3.622223
clustered-center,clustered-center_n1000_m3_r01.txt,data\mtsp\generated_multifamily\clustered-center_n1000_m3_r01.txt,1000,3,lkh-wrapper-v3,3227.650724066557,0.739601,True,tsp-transform-lkh,3335.625776,1.226521,True,ok,-107.975052,-3.237025
clustered-center,clustered-center_n1000_m5_r01.txt,data\mtsp\generated_multifamily\clustered-center_n1000_m5_r01.txt,1000,5,rand+nn,9511.206079541336,0.002661,True,ortools-gls,3472.404292,5.00174,True,ok,6038.801788,173.908372
clustered-center,clustered-center_n1000_m5_r01.txt,data\mtsp\generated_multifamily\clustered-center_n1000_m5_r01.txt,1000,5,2opt+greed,5026.595117463842,0.012,True,ortools-gls,3472.404292,5.00174,True,ok,1554.190825,44.758349
clustered-center,clustered-center_n1000_m5_r01.txt,data\mtsp\generated_multifamily\clustered-center_n1000_m5_r01.txt,1000,5,lkh-wrapper-v2,3307.8276140688718,3.068282,True,ortools-gls,3472.404292,5.00174,True,ok,-164.576678,-4.73956
clustered-center,clustered-center_n1000_m5_r01.txt,data\mtsp\generated_multifamily\clustered-center_n1000_m5_r01.txt,1000,5,lkh-wrapper-v3,3314.0173933695723,0.234575,True,ortools-gls,3472.404292,5.00174,True,ok,-158.386899,-4.561304
clustered-center,clustered-center_n1000_m7_r01.txt,data\mtsp\generated_multifamily\clustered-center_n1000_m7_r01.txt,1000,7,rand+nn,11775.341895928283,0.000866,True,ortools-gls,3398.734214,5.0025,True,ok,8376.607682,246.46257
clustered-center,clustered-center_n1000_m7_r01.txt,data\mtsp\generated_multifamily\clustered-center_n1000_m7_r01.txt,1000,7,2opt+greed,5755.324768224316,0.007238,True,ortools-gls,3398.734214,5.0025,True,ok,2356.590554,69.3373
clustered-center,clustered-center_n1000_m7_r01.txt,data\mtsp\generated_multifamily\clustered-center_n1000_m7_r01.txt,1000,7,lkh-wrapper-v2,3503.177318164143,10.641077,True,ortools-gls,3398.734214,5.0025,True,ok,104.443104,3.073
clustered-center,clustered-center_n1000_m7_r01.txt,data\mtsp\generated_multifamily\clustered-center_n1000_m7_r01.txt,1000,7,lkh-wrapper-v3,3318.582621282451,0.251277,True,ortools-gls,3398.734214,5.0025,True,ok,-80.151593,-2.358278
clustered-center,clustered-center_n100_m2_r01.txt,data\mtsp\generated_multifamily\clustered-center_n100_m2_r01.txt,100,2,rand+nn,391.83993847606064,4.5e-05,True,ortools-gls,235.176596,5.000621,True,ok,156.663342,66.615192
clustered-center,clustered-center_n100_m2_r01.txt,data\mtsp\generated_multifamily\clustered-center_n100_m2_r01.txt,100,2,2opt+greed,354.9756239370395,0.000202,True,ortools-gls,235.176596,5.000621,True,ok,119.799028,50.94003
clustered-center,clustered-center_n100_m2_r01.txt,data\mtsp\generated_multifamily\clustered-center_n100_m2_r01.txt,100,2,lkh-wrapper-v2,241.65990568534352,0.004741,True,ortools-gls,235.176596,5.000621,True,ok,6.48331,2.756784
clustered-center,clustered-center_n100_m2_r01.txt,data\mtsp\generated_multifamily\clustered-center_n100_m2_r01.txt,100,2,lkh-wrapper-v3,241.10385913461084,0.00514,True,ortools-gls,235.176596,5.000621,True,ok,5.927263,2.520346
clustered-center,clustered-center_n100_m3_r01.txt,data\mtsp\generated_multifamily\clustered-center_n100_m3_r01.txt,100,3,rand+nn,603.5268568202332,4.3e-05,True,ortools-gls,248.291092,5.000799,True,ok,355.235765,143.072296
clustered-center,clustered-center_n100_m3_r01.txt,data\mtsp\generated_multifamily\clustered-center_n100_m3_r01.txt,100,3,2opt+greed,413.11464864493655,0.000226,True,ortools-gls,248.291092,5.000799,True,ok,164.823557,66.383194
clustered-center,clustered-center_n100_m3_r01.txt,data\mtsp\generated_multifamily\clustered-center_n100_m3_r01.txt,100,3,lkh-wrapper-v2,268.33729050352827,0.005648,True,ortools-gls,248.291092,5.000799,True,ok,20.046199,8.073668
clustered-center,clustered-center_n100_m3_r01.txt,data\mtsp\generated_multifamily\clustered-center_n100_m3_r01.txt,100,3,lkh-wrapper-v3,266.96726346709204,0.003934,True,ortools-gls,248.291092,5.000799,True,ok,18.676171,7.521885
clustered-center,clustered-center_n100_m5_r01.txt,data\mtsp\generated_multifamily\clustered-center_n100_m5_r01.txt,100,5,rand+nn,856.6413084818985,4.5e-05,True,ortools-gls,249.114022,5.000539,True,ok,607.527286,243.875187
clustered-center,clustered-center_n100_m5_r01.txt,data\mtsp\generated_multifamily\clustered-center_n100_m5_r01.txt,100,5,2opt+greed,552.7501678080508,0.000124,True,ortools-gls,249.114022,5.000539,True,ok,303.636146,121.886413
clustered-center,clustered-center_n100_m5_r01.txt,data\mtsp\generated_multifamily\clustered-center_n100_m5_r01.txt,100,5,lkh-wrapper-v2,324.7464534462929,0.010718,True,ortools-gls,249.114022,5.000539,True,ok,75.632431,30.360568
clustered-center,clustered-center_n100_m5_r01.txt,data\mtsp\generated_multifamily\clustered-center_n100_m5_r01.txt,100,5,lkh-wrapper-v3,347.84482733041295,0.006681,True,ortools-gls,249.114022,5.000539,True,ok,98.730805,39.632777
clustered-center,clustered-center_n200_m2_r01.txt,data\mtsp\generated_multifamily\clustered-center_n200_m2_r01.txt,200,2,rand+nn,536.2339861466058,8.9e-05,True,ortools-gls,296.181468,5.000852,True,ok,240.052518,81.049135
clustered-center,clustered-center_n200_m2_r01.txt,data\mtsp\generated_multifamily\clustered-center_n200_m2_r01.txt,200,2,2opt+greed,368.3071995365525,0.000658,True,ortools-gls,296.181468,5.000852,True,ok,72.125732,24.351872
clustered-center,clustered-center_n200_m2_r01.txt,data\mtsp\generated_multifamily\clustered-center_n200_m2_r01.txt,200,2,lkh-wrapper-v2,303.4028590321304,0.020078,True,ortools-gls,296.181468,5.000852,True,ok,7.221391,2.438164
clustered-center,clustered-center_n200_m2_r01.txt,data\mtsp\generated_multifamily\clustered-center_n200_m2_r01.txt,200,2,lkh-wrapper-v3,299.761805076796,0.015127,True,ortools-gls,296.181468,5.000852,True,ok,3.580337,1.208832
clustered-center,clustered-center_n200_m3_r01.txt,data\mtsp\generated_multifamily\clustered-center_n200_m3_r01.txt,200,3,rand+nn,735.854341491005,7.8e-05,True,ortools-gls,305.354597,5.000644,True,ok,430.499744,140.983548
clustered-center,clustered-center_n200_m3_r01.txt,data\mtsp\generated_multifamily\clustered-center_n200_m3_r01.txt,200,3,2opt+greed,549.0787394565048,0.000387,True,ortools-gls,305.354597,5.000644,True,ok,243.724142,79.816759
clustered-center,clustered-center_n200_m3_r01.txt,data\mtsp\generated_multifamily\clustered-center_n200_m3_r01.txt,200,3,lkh-wrapper-v2,312.047034953044,0.025076,True,ortools-gls,305.354597,5.000644,True,ok,6.692438,2.191694
clustered-center,clustered-center_n200_m3_r01.txt,data\mtsp\generated_multifamily\clustered-center_n200_m3_r01.txt,200,3,lkh-wrapper-v3,311.8491752622592,0.013452,True,ortools-gls,305.354597,5.000644,True,ok,6.494578,2.126897
clustered-center,clustered-center_n200_m5_r01.txt,data\mtsp\generated_multifamily\clustered-center_n200_m5_r01.txt,200,5,rand+nn,1068.89404903207,7.8e-05,True,ortools-gls,335.034743,5.000539,True,ok,733.859306,219.039763
clustered-center,clustered-center_n200_m5_r01.txt,data\mtsp\generated_multifamily\clustered-center_n200_m5_r01.txt,200,5,2opt+greed,651.4925068548418,0.000492,True,ortools-gls,335.034743,5.000539,True,ok,316.457764,94.455208
clustered-center,clustered-center_n200_m5_r01.txt,data\mtsp\generated_multifamily\clustered-center_n200_m5_r01.txt,200,5,lkh-wrapper-v2,373.93929305707513,0.028757,True,ortools-gls,335.034743,5.000539,True,ok,38.90455,11.612094
clustered-center,clustered-center_n200_m5_r01.txt,data\mtsp\generated_multifamily\clustered-center_n200_m5_r01.txt,200,5,lkh-wrapper-v3,375.4894912092147,0.013496,True,ortools-gls,335.034743,5.000539,True,ok,40.454748,12.074792
clustered-center,clustered-center_n20_m2_r01.txt,data\mtsp\generated_multifamily\clustered-center_n20_m2_r01.txt,20,2,rand+nn,80.45528997531606,1.9e-05,True,ortools-gls,44.745373,5.000035,True,ok,35.709917,79.806949
clustered-center,clustered-center_n20_m2_r01.txt,data\mtsp\generated_multifamily\clustered-center_n20_m2_r01.txt,20,2,2opt+greed,63.72705504617106,3.9e-05,True,ortools-gls,44.745373,5.000035,True,ok,18.981682,42.421553
clustered-center,clustered-center_n20_m2_r01.txt,data\mtsp\generated_multifamily\clustered-center_n20_m2_r01.txt,20,2,lkh-wrapper-v2,49.75830648631879,0.000442,True,ortools-gls,44.745373,5.000035,True,ok,5.012933,11.203243
clustered-center,clustered-center_n20_m2_r01.txt,data\mtsp\generated_multifamily\clustered-center_n20_m2_r01.txt,20,2,lkh-wrapper-v3,49.75830648631879,0.000351,True,ortools-gls,44.745373,5.000035,True,ok,5.012933,11.203243
clustered-center,clustered-center_n20_m3_r01.txt,data\mtsp\generated_multifamily\clustered-center_n20_m3_r01.txt,20,3,rand+nn,112.43958837194086,3.2e-05,True,ortools-gls,43.877905,5.001516,True,ok,68.561683,156.255598
clustered-center,clustered-center_n20_m3_r01.txt,data\mtsp\generated_multifamily\clustered-center_n20_m3_r01.txt,20,3,2opt+greed,88.54031032023721,2.2e-05,True,ortools-gls,43.877905,5.001516,True,ok,44.662405,101.787916
clustered-center,clustered-center_n20_m3_r01.txt,data\mtsp\generated_multifamily\clustered-center_n20_m3_r01.txt,20,3,lkh-wrapper-v2,53.52077755495592,0.000351,True,ortools-gls,43.877905,5.001516,True,ok,9.642873,21.976603
clustered-center,clustered-center_n20_m3_r01.txt,data\mtsp\generated_multifamily\clustered-center_n20_m3_r01.txt,20,3,lkh-wrapper-v3,53.52077755495592,0.000296,True,ortools-gls,43.877905,5.001516,True,ok,9.642873,21.976603
clustered-center,clustered-center_n20_m5_r01.txt,data\mtsp\generated_multifamily\clustered-center_n20_m5_r01.txt,20,5,rand+nn,127.40411234055111,2.3e-05,True,ortools-gls,38.744569,5.000544,True,ok,88.659543,228.830892
clustered-center,clustered-center_n20_m5_r01.txt,data\mtsp\generated_multifamily\clustered-center_n20_m5_r01.txt,20,5,2opt+greed,99.92158913139804,2.5e-05,True,ortools-gls,38.744569,5.000544,True,ok,61.17702,157.898311
clustered-center,clustered-center_n20_m5_r01.txt,data\mtsp\generated_multifamily\clustered-center_n20_m5_r01.txt,20,5,lkh-wrapper-v2,44.65971923169637,0.000615,True,ortools-gls,38.744569,5.000544,True,ok,5.91515,15.267043
clustered-center,clustered-center_n20_m5_r01.txt,data\mtsp\generated_multifamily\clustered-center_n20_m5_r01.txt,20,5,lkh-wrapper-v3,44.659719231696386,0.000457,True,ortools-gls,38.744569,5.000544,True,ok,5.91515,15.267043
clustered-center,clustered-center_n500_m2_r01.txt,data\mtsp\generated_multifamily\clustered-center_n500_m2_r01.txt,500,2,rand+nn,1881.1123904648903,0.000324,True,ortools-gls,1041.766363,5.001087,True,ok,839.346027,80.569507
clustered-center,clustered-center_n500_m2_r01.txt,data\mtsp\generated_multifamily\clustered-center_n500_m2_r01.txt,500,2,2opt+greed,1351.9814505440017,0.00417,True,ortools-gls,1041.766363,5.001087,True,ok,310.215088,29.777798
clustered-center,clustered-center_n500_m2_r01.txt,data\mtsp\generated_multifamily\clustered-center_n500_m2_r01.txt,500,2,lkh-wrapper-v2,1033.3123339824847,0.248687,True,ortools-gls,1041.766363,5.001087,True,ok,-8.454029,-0.811509
clustered-center,clustered-center_n500_m2_r01.txt,data\mtsp\generated_multifamily\clustered-center_n500_m2_r01.txt,500,2,lkh-wrapper-v3,1033.7568848984042,0.118118,True,ortools-gls,1041.766363,5.001087,True,ok,-8.009478,-0.768836
clustered-center,clustered-center_n500_m3_r01.txt,data\mtsp\generated_multifamily\clustered-center_n500_m3_r01.txt,500,3,rand+nn,2355.1895631392076,0.000257,True,ortools-gls,1080.086405,5.000934,True,ok,1275.103158,118.055662
clustered-center,clustered-center_n500_m3_r01.txt,data\mtsp\generated_multifamily\clustered-center_n500_m3_r01.txt,500,3,2opt+greed,1603.1103475117634,0.00211,True,ortools-gls,1080.086405,5.000934,True,ok,523.023943,48.424269
clustered-center,clustered-center_n500_m3_r01.txt,data\mtsp\generated_multifamily\clustered-center_n500_m3_r01.txt,500,3,lkh-wrapper-v2,1040.91600047055,0.338444,True,ortools-gls,1080.086405,5.000934,True,ok,-39.170405,-3.626599
clustered-center,clustered-center_n500_m3_r01.txt,data\mtsp\generated_multifamily\clustered-center_n500_m3_r01.txt,500,3,lkh-wrapper-v3,1057.4791934798852,0.066585,True,ortools-gls,1080.086405,5.000934,True,ok,-22.607212,-2.093093
clustered-center,clustered-center_n500_m5_r01.txt,data\mtsp\generated_multifamily\clustered-center_n500_m5_r01.txt,500,5,rand+nn,3608.9297374203306,0.000322,True,ortools-gls,1205.83123,5.000525,True,ok,2403.098507,199.289788
clustered-center,clustered-center_n500_m5_r01.txt,data\mtsp\generated_multifamily\clustered-center_n500_m5_r01.txt,500,5,2opt+greed,2095.26534705431,0.00199,True,ortools-gls,1205.83123,5.000525,True,ok,889.434117,73.761078
clustered-center,clustered-center_n500_m5_r01.txt,data\mtsp\generated_multifamily\clustered-center_n500_m5_r01.txt,500,5,lkh-wrapper-v2,1273.1033437921162,0.381747,True,ortools-gls,1205.83123,5.000525,True,ok,67.272114,5.5789
clustered-center,clustered-center_n500_m5_r01.txt,data\mtsp\generated_multifamily\clustered-center_n500_m5_r01.txt,500,5,lkh-wrapper-v3,1266.238492921747,0.054747,True,ortools-gls,1205.83123,5.000525,True,ok,60.407263,5.009595
clustered-center,clustered-center_n50_m2_r01.txt,data\mtsp\generated_multifamily\clustered-center_n50_m2_r01.txt,50,2,rand+nn,215.3853898320653,3e-05,True,ortools-gls,122.765884,4.999964,True,ok,92.619506,75.44401
clustered-center,clustered-center_n50_m2_r01.txt,data\mtsp\generated_multifamily\clustered-center_n50_m2_r01.txt,50,2,2opt+greed,175.79265039177542,5.6e-05,True,ortools-gls,122.765884,4.999964,True,ok,53.026766,43.193405
clustered-center,clustered-center_n50_m2_r01.txt,data\mtsp\generated_multifamily\clustered-center_n50_m2_r01.txt,50,2,lkh-wrapper-v2,143.47498277205037,0.003458,True,ortools-gls,122.765884,4.999964,True,ok,20.709099,16.868774
clustered-center,clustered-center_n50_m2_r01.txt,data\mtsp\generated_multifamily\clustered-center_n50_m2_r01.txt,50,2,lkh-wrapper-v3,143.79514733501134,0.00154,True,ortools-gls,122.765884,4.999964,True,ok,21.029263,17.129566
clustered-center,clustered-center_n50_m3_r01.txt,data\mtsp\generated_multifamily\clustered-center_n50_m3_r01.txt,50,3,rand+nn,291.15193414579556,3.8e-05,True,ortools-gls,126.387072,4.999979,True,ok,164.764862,130.365281
clustered-center,clustered-center_n50_m3_r01.txt,data\mtsp\generated_multifamily\clustered-center_n50_m3_r01.txt,50,3,2opt+greed,203.0421913259293,6e-05,True,ortools-gls,126.387072,4.999979,True,ok,76.655119,60.651076
clustered-center,clustered-center_n50_m3_r01.txt,data\mtsp\generated_multifamily\clustered-center_n50_m3_r01.txt,50,3,lkh-wrapper-v2,148.3385631469428,0.002659,True,ortools-gls,126.387072,4.999979,True,ok,21.951491,17.368462
clustered-center,clustered-center_n50_m3_r01.txt,data\mtsp\generated_multifamily\clustered-center_n50_m3_r01.txt,50,3,lkh-wrapper-v3,148.21306106549736,0.002706,True,ortools-gls,126.387072,4.999979,True,ok,21.825989,17.269163
clustered-center,clustered-center_n50_m5_r01.txt,data\mtsp\generated_multifamily\clustered-center_n50_m5_r01.txt,50,5,rand+nn,431.68153132045654,3.1e-05,True,ortools-gls,115.376314,5.000338,True,ok,316.305217,274.150912
clustered-center,clustered-center_n50_m5_r01.txt,data\mtsp\generated_multifamily\clustered-center_n50_m5_r01.txt,50,5,2opt+greed,316.19886902957523,5.2e-05,True,ortools-gls,115.376314,5.000338,True,ok,200.822555,174.058737
clustered-center,clustered-center_n50_m5_r01.txt,data\mtsp\generated_multifamily\clustered-center_n50_m5_r01.txt,50,5,lkh-wrapper-v2,147.6975180053758,0.002839,True,ortools-gls,115.376314,5.000338,True,ok,32.321204,28.013726
clustered-center,clustered-center_n50_m5_r01.txt,data\mtsp\generated_multifamily\clustered-center_n50_m5_r01.txt,50,5,lkh-wrapper-v3,148.2611365715805,0.001566,True,ortools-gls,115.376314,5.000338,True,ok,32.884823,28.502231
clustered-offset-depot,clustered-offset-depot_n1000_m3_r01.txt,data\mtsp\generated_multifamily\clustered-offset-depot_n1000_m3_r01.txt,1000,3,rand+nn,7218.462161225855,0.000879,True,ortools-gls,3349.333293,5.001683,True,ok,3869.128868,115.519374
clustered-offset-depot,clustered-offset-depot_n1000_m3_r01.txt,data\mtsp\generated_multifamily\clustered-offset-depot_n1000_m3_r01.txt,1000,3,2opt+greed,5394.445827710264,0.018265,True,ortools-gls,3349.333293,5.001683,True,ok,2045.112535,61.060287
clustered-offset-depot,clustered-offset-depot_n1000_m3_r01.txt,data\mtsp\generated_multifamily\clustered-offset-depot_n1000_m3_r01.txt,1000,3,lkh-wrapper-v2,3043.069657832766,0.584709,True,ortools-gls,3349.333293,5.001683,True,ok,-306.263635,-9.144018
clustered-offset-depot,clustered-offset-depot_n1000_m3_r01.txt,data\mtsp\generated_multifamily\clustered-offset-depot_n1000_m3_r01.txt,1000,3,lkh-wrapper-v3,3056.223965629462,3.985301,True,ortools-gls,3349.333293,5.001683,True,ok,-293.109327,-8.751274
clustered-offset-depot,clustered-offset-depot_n1000_m5_r01.txt,data\mtsp\generated_multifamily\clustered-offset-depot_n1000_m5_r01.txt,1000,5,rand+nn,7126.829688738606,0.000758,True,ortools-gls,2496.622933,5.005167,True,ok,4630.206756,185.458793
clustered-offset-depot,clustered-offset-depot_n1000_m5_r01.txt,data\mtsp\generated_multifamily\clustered-offset-depot_n1000_m5_r01.txt,1000,5,2opt+greed,4621.539535761749,0.007327,True,ortools-gls,2496.622933,5.005167,True,ok,2124.916603,85.111635
clustered-offset-depot,clustered-offset-depot_n1000_m5_r01.txt,data\mtsp\generated_multifamily\clustered-offset-depot_n1000_m5_r01.txt,1000,5,lkh-wrapper-v2,2302.508044089698,0.777858,True,ortools-gls,2496.622933,5.005167,True,ok,-194.114889,-7.775098
clustered-offset-depot,clustered-offset-depot_n1000_m5_r01.txt,data\mtsp\generated_multifamily\clustered-offset-depot_n1000_m5_r01.txt,1000,5,lkh-wrapper-v3,2280.616710712988,2.614754,True,ortools-gls,2496.622933,5.005167,True,ok,-216.006222,-8.651936
clustered-offset-depot,clustered-offset-depot_n1000_m7_r01.txt,data\mtsp\generated_multifamily\clustered-offset-depot_n1000_m7_r01.txt,1000,7,rand+nn,10732.858942006877,0.001428,True,ortools-gls,2670.83384,5.001761,True,ok,8062.025102,301.854237
clustered-offset-depot,clustered-offset-depot_n1000_m7_r01.txt,data\mtsp\generated_multifamily\clustered-offset-depot_n1000_m7_r01.txt,1000,7,2opt+greed,7412.768292615292,0.010484,True,ortools-gls,2670.83384,5.001761,True,ok,4741.934453,177.545094
clustered-offset-depot,clustered-offset-depot_n1000_m7_r01.txt,data\mtsp\generated_multifamily\clustered-offset-depot_n1000_m7_r01.txt,1000,7,lkh-wrapper-v2,2458.2122513007257,0.589192,True,ortools-gls,2670.83384,5.001761,True,ok,-212.621589,-7.960869
clustered-offset-depot,clustered-offset-depot_n1000_m7_r01.txt,data\mtsp\generated_multifamily\clustered-offset-depot_n1000_m7_r01.txt,1000,7,lkh-wrapper-v3,2456.3847258446694,2.659203,True,ortools-gls,2670.83384,5.001761,True,ok,-214.449114,-8.029294
clustered-offset-depot,clustered-offset-depot_n100_m2_r01.txt,data\mtsp\generated_multifamily\clustered-offset-depot_n100_m2_r01.txt,100,2,rand+nn,353.50676549333525,4.5e-05,True,ortools-gls,183.710468,5.000787,True,ok,169.796297,92.426033
clustered-offset-depot,clustered-offset-depot_n100_m2_r01.txt,data\mtsp\generated_multifamily\clustered-offset-depot_n100_m2_r01.txt,100,2,2opt+greed,287.32777247250147,0.000202,True,ortools-gls,183.710468,5.000787,True,ok,103.617304,56.402504
clustered-offset-depot,clustered-offset-depot_n100_m2_r01.txt,data\mtsp\generated_multifamily\clustered-offset-depot_n100_m2_r01.txt,100,2,lkh-wrapper-v2,188.9701608553237,0.004102,True,ortools-gls,183.710468,5.000787,True,ok,5.259693,2.863034
clustered-offset-depot,clustered-offset-depot_n100_m2_r01.txt,data\mtsp\generated_multifamily\clustered-offset-depot_n100_m2_r01.txt,100,2,lkh-wrapper-v3,185.5142977359814,0.007112,True,ortools-gls,183.710468,5.000787,True,ok,1.80383,0.981887
clustered-offset-depot,clustered-offset-depot_n100_m3_r01.txt,data\mtsp\generated_multifamily\clustered-offset-depot_n100_m3_r01.txt,100,3,rand+nn,449.52608122740514,4.9e-05,True,ortools-gls,194.354246,5.00082,True,ok,255.171835,131.292133
clustered-offset-depot,clustered-offset-depot_n100_m3_r01.txt,data\mtsp\generated_multifamily\clustered-offset-depot_n100_m3_r01.txt,100,3,2opt+greed,350.07244093639906,0.000127,True,ortools-gls,194.354246,5.00082,True,ok,155.718195,80.120809
clustered-offset-depot,clustered-offset-depot_n100_m3_r01.txt,data\mtsp\generated_multifamily\clustered-offset-depot_n100_m3_r01.txt,100,3,lkh-wrapper-v2,193.44709930293155,0.005281,True,ortools-gls,194.354246,5.00082,True,ok,-0.907147,-0.466749
clustered-offset-depot,clustered-offset-depot_n100_m3_r01.txt,data\mtsp\generated_multifamily\clustered-offset-depot_n100_m3_r01.txt,100,3,lkh-wrapper-v3,190.24945618955124,0.007246,True,ortools-gls,194.354246,5.00082,True,ok,-4.10479,-2.112015
clustered-offset-depot,clustered-offset-depot_n100_m5_r01.txt,data\mtsp\generated_multifamily\clustered-offset-depot_n100_m5_r01.txt,100,5,rand+nn,452.75662800418525,4.9e-05,True,ortools-gls,150.352625,5.000217,True,ok,302.404003,201.129846
clustered-offset-depot,clustered-offset-depot_n100_m5_r01.txt,data\mtsp\generated_multifamily\clustered-offset-depot_n100_m5_r01.txt,100,5,2opt+greed,364.6040118315329,0.000111,True,ortools-gls,150.352625,5.000217,True,ok,214.251387,142.499266
clustered-offset-depot,clustered-offset-depot_n100_m5_r01.txt,data\mtsp\generated_multifamily\clustered-offset-depot_n100_m5_r01.txt,100,5,lkh-wrapper-v2,145.9611641447281,0.005732,True,ortools-gls,150.352625,5.000217,True,ok,-4.391461,-2.920774
clustered-offset-depot,clustered-offset-depot_n100_m5_r01.txt,data\mtsp\generated_multifamily\clustered-offset-depot_n100_m5_r01.txt,100,5,lkh-wrapper-v3,180.76144956699233,0.039142,True,ortools-gls,150.352625,5.000217,True,ok,30.408825,20.225004
clustered-offset-depot,clustered-offset-depot_n200_m2_r01.txt,data\mtsp\generated_multifamily\clustered-offset-depot_n200_m2_r01.txt,200,2,rand+nn,585.9596185604448,8.7e-05,True,ortools-gls,309.986524,5.000146,True,ok,275.973095,89.027449
clustered-offset-depot,clustered-offset-depot_n200_m2_r01.txt,data\mtsp\generated_multifamily\clustered-offset-depot_n200_m2_r01.txt,200,2,2opt+greed,469.47332898889863,0.000769,True,ortools-gls,309.986524,5.000146,True,ok,159.486805,51.449593
clustered-offset-depot,clustered-offset-depot_n200_m2_r01.txt,data\mtsp\generated_multifamily\clustered-offset-depot_n200_m2_r01.txt,200,2,lkh-wrapper-v2,305.76191234022764,0.022903,True,ortools-gls,309.986524,5.000146,True,ok,-4.224612,-1.362837
clustered-offset-depot,clustered-offset-depot_n200_m2_r01.txt,data\mtsp\generated_multifamily\clustered-offset-depot_n200_m2_r01.txt,200,2,lkh-wrapper-v3,311.20101685186336,0.053899,True,ortools-gls,309.986524,5.000146,True,ok,1.214493,0.391789
clustered-offset-depot,clustered-offset-depot_n200_m3_r01.txt,data\mtsp\generated_multifamily\clustered-offset-depot_n200_m3_r01.txt,200,3,rand+nn,766.6443969729006,7.5e-05,True,ortools-gls,314.771184,5.000628,True,ok,451.873213,143.556093
clustered-offset-depot,clustered-offset-depot_n200_m3_r01.txt,data\mtsp\generated_multifamily\clustered-offset-depot_n200_m3_r01.txt,200,3,2opt+greed,633.8263915579486,0.000463,True,ortools-gls,314.771184,5.000628,True,ok,319.055208,101.360996
clustered-offset-depot,clustered-offset-depot_n200_m3_r01.txt,data\mtsp\generated_multifamily\clustered-offset-depot_n200_m3_r01.txt,200,3,lkh-wrapper-v2,306.48582047649853,0.022002,True,ortools-gls,314.771184,5.000628,True,ok,-8.285364,-2.632186
clustered-offset-depot,clustered-offset-depot_n200_m3_r01.txt,data\mtsp\generated_multifamily\clustered-offset-depot_n200_m3_r01.txt,200,3,lkh-wrapper-v3,316.387901127069,0.050406,True,ortools-gls,314.771184,5.000628,True,ok,1.616717,0.513617
clustered-offset-depot,clustered-offset-depot_n200_m5_r01.txt,data\mtsp\generated_multifamily\clustered-offset-depot_n200_m5_r01.txt,200,5,rand+nn,1071.049159616082,7.4e-05,True,ortools-gls,316.136383,5.001262,True,ok,754.912777,238.793387
clustered-offset-depot,clustered-offset-depot_n200_m5_r01.txt,data\mtsp\generated_multifamily\clustered-offset-depot_n200_m5_r01.txt,200,5,2opt+greed,860.9887932979691,0.000332,True,ortools-gls,316.136383,5.001262,True,ok,544.85241,172.347265
clustered-offset-depot,clustered-offset-depot_n200_m5_r01.txt,data\mtsp\generated_multifamily\clustered-offset-depot_n200_m5_r01.txt,200,5,lkh-wrapper-v2,311.2230456918835,0.017036,True,ortools-gls,316.136383,5.001262,True,ok,-4.913337,-1.554183
clustered-offset-depot,clustered-offset-depot_n200_m5_r01.txt,data\mtsp\generated_multifamily\clustered-offset-depot_n200_m5_r01.txt,200,5,lkh-wrapper-v3,309.7801579372544,0.026376,True,ortools-gls,316.136383,5.001262,True,ok,-6.356225,-2.010596
clustered-offset-depot,clustered-offset-depot_n20_m2_r01.txt,data\mtsp\generated_multifamily\clustered-offset-depot_n20_m2_r01.txt,20,2,rand+nn,69.89484705751167,3.7e-05,True,ortools-gls,40.038831,5.000404,True,ok,29.856016,74.567652
clustered-offset-depot,clustered-offset-depot_n20_m2_r01.txt,data\mtsp\generated_multifamily\clustered-offset-depot_n20_m2_r01.txt,20,2,2opt+greed,68.39676209633011,2.3e-05,True,ortools-gls,40.038831,5.000404,True,ok,28.357931,70.826071
clustered-offset-depot,clustered-offset-depot_n20_m2_r01.txt,data\mtsp\generated_multifamily\clustered-offset-depot_n20_m2_r01.txt,20,2,lkh-wrapper-v2,54.53633068639183,0.000552,True,ortools-gls,40.038831,5.000404,True,ok,14.4975,36.2086
clustered-offset-depot,clustered-offset-depot_n20_m2_r01.txt,data\mtsp\generated_multifamily\clustered-offset-depot_n20_m2_r01.txt,20,2,lkh-wrapper-v3,54.53633068639183,0.00053,True,ortools-gls,40.038831,5.000404,True,ok,14.4975,36.2086
clustered-offset-depot,clustered-offset-depot_n20_m3_r01.txt,data\mtsp\generated_multifamily\clustered-offset-depot_n20_m3_r01.txt,20,3,rand+nn,88.89575691632119,2.2e-05,True,ortools-gls,36.814266,5.000442,True,ok,52.081491,141.470948
clustered-offset-depot,clustered-offset-depot_n20_m3_r01.txt,data\mtsp\generated_multifamily\clustered-offset-depot_n20_m3_r01.txt,20,3,2opt+greed,78.52528368386436,2.8e-05,True,ortools-gls,36.814266,5.000442,True,ok,41.711018,113.301235
clustered-offset-depot,clustered-offset-depot_n20_m3_r01.txt,data\mtsp\generated_multifamily\clustered-offset-depot_n20_m3_r01.txt,20,3,lkh-wrapper-v2,47.40189318765168,0.000618,True,ortools-gls,36.814266,5.000442,True,ok,10.587627,28.759577
clustered-offset-depot,clustered-offset-depot_n20_m3_r01.txt,data\mtsp\generated_multifamily\clustered-offset-depot_n20_m3_r01.txt,20,3,lkh-wrapper-v3,47.40189318765168,0.000435,True,ortools-gls,36.814266,5.000442,True,ok,10.587627,28.759577
clustered-offset-depot,clustered-offset-depot_n20_m5_r01.txt,data\mtsp\generated_multifamily\clustered-offset-depot_n20_m5_r01.txt,20,5,rand+nn,143.9448793319197,2.2e-05,True,ortools-gls,47.901417,5.000288,True,ok,96.043462,200.50234
clustered-offset-depot,clustered-offset-depot_n20_m5_r01.txt,data\mtsp\generated_multifamily\clustered-offset-depot_n20_m5_r01.txt,20,5,2opt+greed,135.04929568250827,2.5e-05,True,ortools-gls,47.901417,5.000288,True,ok,87.147879,181.931735
clustered-offset-depot,clustered-offset-depot_n20_m5_r01.txt,data\mtsp\generated_multifamily\clustered-offset-depot_n20_m5_r01.txt,20,5,lkh-wrapper-v2,67.80412185150296,0.000689,True,ortools-gls,47.901417,5.000288,True,ok,19.902705,41.549303
clustered-offset-depot,clustered-offset-depot_n20_m5_r01.txt,data\mtsp\generated_multifamily\clustered-offset-depot_n20_m5_r01.txt,20,5,lkh-wrapper-v3,67.80412185150296,0.000642,True,ortools-gls,47.901417,5.000288,True,ok,19.902705,41.549303
clustered-offset-depot,clustered-offset-depot_n500_m2_r01.txt,data\mtsp\generated_multifamily\clustered-offset-depot_n500_m2_r01.txt,500,2,rand+nn,1987.4878692167827,0.000466,True,ortools-gls,1148.033981,5.00156,True,ok,839.453888,73.120997
clustered-offset-depot,clustered-offset-depot_n500_m2_r01.txt,data\mtsp\generated_multifamily\clustered-offset-depot_n500_m2_r01.txt,500,2,2opt+greed,1514.1414826951323,0.003927,True,ortools-gls,1148.033981,5.00156,True,ok,366.107502,31.889953
clustered-offset-depot,clustered-offset-depot_n500_m2_r01.txt,data\mtsp\generated_multifamily\clustered-offset-depot_n500_m2_r01.txt,500,2,lkh-wrapper-v2,1092.3451481953646,0.098434,True,ortools-gls,1148.033981,5.00156,True,ok,-55.688833,-4.8508
clustered-offset-depot,clustered-offset-depot_n500_m2_r01.txt,data\mtsp\generated_multifamily\clustered-offset-depot_n500_m2_r01.txt,500,2,lkh-wrapper-v3,1086.1457947378353,0.318206,True,ortools-gls,1148.033981,5.00156,True,ok,-61.888186,-5.390797
clustered-offset-depot,clustered-offset-depot_n500_m3_r01.txt,data\mtsp\generated_multifamily\clustered-offset-depot_n500_m3_r01.txt,500,3,rand+nn,3102.748183451865,0.000509,True,ortools-gls,1312.857419,5.000138,True,ok,1789.890764,136.335503
clustered-offset-depot,clustered-offset-depot_n500_m3_r01.txt,data\mtsp\generated_multifamily\clustered-offset-depot_n500_m3_r01.txt,500,3,2opt+greed,2108.520396152614,0.002758,True,ortools-gls,1312.857419,5.000138,True,ok,795.662977,60.605437
clustered-offset-depot,clustered-offset-depot_n500_m3_r01.txt,data\mtsp\generated_multifamily\clustered-offset-depot_n500_m3_r01.txt,500,3,lkh-wrapper-v2,1235.847647380147,0.150523,True,ortools-gls,1312.857419,5.000138,True,ok,-77.009772,-5.865814
clustered-offset-depot,clustered-offset-depot_n500_m3_r01.txt,data\mtsp\generated_multifamily\clustered-offset-depot_n500_m3_r01.txt,500,3,lkh-wrapper-v3,1575.3984343082511,5.047346,True,ortools-gls,1312.857419,5.000138,True,ok,262.541015,19.997679
clustered-offset-depot,clustered-offset-depot_n500_m5_r01.txt,data\mtsp\generated_multifamily\clustered-offset-depot_n500_m5_r01.txt,500,5,rand+nn,4162.7280041757385,0.00038,True,ortools-gls,1197.855587,5.000598,True,ok,2964.872417,247.515013
clustered-offset-depot,clustered-offset-depot_n500_m5_r01.txt,data\mtsp\generated_multifamily\clustered-offset-depot_n500_m5_r01.txt,500,5,2opt+greed,2903.3188275765106,0.001884,True,ortools-gls,1197.855587,5.000598,True,ok,1705.463241,142.376365
clustered-offset-depot,clustered-offset-depot_n500_m5_r01.txt,data\mtsp\generated_multifamily\clustered-offset-depot_n500_m5_r01.txt,500,5,lkh-wrapper-v2,1153.3281236555556,0.218552,True,ortools-gls,1197.855587,5.000598,True,ok,-44.527463,-3.717265
clustered-offset-depot,clustered-offset-depot_n500_m5_r01.txt,data\mtsp\generated_multifamily\clustered-offset-depot_n500_m5_r01.txt,500,5,lkh-wrapper-v3,1158.7916731068958,0.793623,True,ortools-gls,1197.855587,5.000598,True,ok,-39.063914,-3.261154
clustered-offset-depot,clustered-offset-depot_n50_m2_r01.txt,data\mtsp\generated_multifamily\clustered-offset-depot_n50_m2_r01.txt,50,2,rand+nn,112.124463774719,3.7e-05,True,ortools-gls,65.386054,5.000833,True,ok,46.73841,71.480701
clustered-offset-depot,clustered-offset-depot_n50_m2_r01.txt,data\mtsp\generated_multifamily\clustered-offset-depot_n50_m2_r01.txt,50,2,2opt+greed,91.39275458116546,8.9e-05,True,ortools-gls,65.386054,5.000833,True,ok,26.006701,39.774079
clustered-offset-depot,clustered-offset-depot_n50_m2_r01.txt,data\mtsp\generated_multifamily\clustered-offset-depot_n50_m2_r01.txt,50,2,lkh-wrapper-v2,70.47335287233913,0.002603,True,ortools-gls,65.386054,5.000833,True,ok,5.087299,7.780404
clustered-offset-depot,clustered-offset-depot_n50_m2_r01.txt,data\mtsp\generated_multifamily\clustered-offset-depot_n50_m2_r01.txt,50,2,lkh-wrapper-v3,72.85866169011746,0.001597,True,ortools-gls,65.386054,5.000833,True,ok,7.472608,11.428443
clustered-offset-depot,clustered-offset-depot_n50_m3_r01.txt,data\mtsp\generated_multifamily\clustered-offset-depot_n50_m3_r01.txt,50,3,rand+nn,203.95258207147356,2.8e-05,True,ortools-gls,89.469417,5.000832,True,ok,114.483165,127.957875
clustered-offset-depot,clustered-offset-depot_n50_m3_r01.txt,data\mtsp\generated_multifamily\clustered-offset-depot_n50_m3_r01.txt,50,3,2opt+greed,132.87966297499548,5.2e-05,True,ortools-gls,89.469417,5.000832,True,ok,43.410246,48.519648
clustered-offset-depot,clustered-offset-depot_n50_m3_r01.txt,data\mtsp\generated_multifamily\clustered-offset-depot_n50_m3_r01.txt,50,3,lkh-wrapper-v2,110.19267401512434,0.002236,True,ortools-gls,89.469417,5.000832,True,ok,20.723257,23.162392
clustered-offset-depot,clustered-offset-depot_n50_m3_r01.txt,data\mtsp\generated_multifamily\clustered-offset-depot_n50_m3_r01.txt,50,3,lkh-wrapper-v3,110.19267401512434,0.001244,True,ortools-gls,89.469417,5.000832,True,ok,20.723257,23.162392
clustered-offset-depot,clustered-offset-depot_n50_m5_r01.txt,data\mtsp\generated_multifamily\clustered-offset-depot_n50_m5_r01.txt,50,5,rand+nn,308.5044417727761,3.1e-05,True,ortools-gls,102.201281,5.000835,True,ok,206.303161,201.859663
clustered-offset-depot,clustered-offset-depot_n50_m5_r01.txt,data\mtsp\generated_multifamily\clustered-offset-depot_n50_m5_r01.txt,50,5,2opt+greed,231.53110017277706,5.1e-05,True,ortools-gls,102.201281,5.000835,True,ok,129.329819,126.544225
clustered-offset-depot,clustered-offset-depot_n50_m5_r01.txt,data\mtsp\generated_multifamily\clustered-offset-depot_n50_m5_r01.txt,50,5,lkh-wrapper-v2,124.31595563771037,0.002011,True,ortools-gls,102.201281,5.000835,True,ok,22.114675,21.638354
clustered-offset-depot,clustered-offset-depot_n50_m5_r01.txt,data\mtsp\generated_multifamily\clustered-offset-depot_n50_m5_r01.txt,50,5,lkh-wrapper-v3,124.31595563771037,0.001382,True,ortools-gls,102.201281,5.000835,True,ok,22.114675,21.638354
high-m-stress,high-m-stress_n1000_m3_r01.txt,data\mtsp\generated_multifamily\high-m-stress_n1000_m3_r01.txt,1000,3,rand+nn,11924.935887948393,0.003501,True,tsp-transform-lkh,5432.318717,1.404259,True,ok,6492.617171,119.51834
high-m-stress,high-m-stress_n1000_m3_r01.txt,data\mtsp\generated_multifamily\high-m-stress_n1000_m3_r01.txt,1000,3,2opt+greed,6932.807165523467,0.018936,True,tsp-transform-lkh,5432.318717,1.404259,True,ok,1500.488449,27.62151
high-m-stress,high-m-stress_n1000_m3_r01.txt,data\mtsp\generated_multifamily\high-m-stress_n1000_m3_r01.txt,1000,3,lkh-wrapper-v2,6122.326909637713,12.449084,True,tsp-transform-lkh,5432.318717,1.404259,True,ok,690.008193,12.701909
high-m-stress,high-m-stress_n1000_m3_r01.txt,data\mtsp\generated_multifamily\high-m-stress_n1000_m3_r01.txt,1000,3,lkh-wrapper-v3,6054.015375581536,5.251912,True,tsp-transform-lkh,5432.318717,1.404259,True,ok,621.696659,11.444407
high-m-stress,high-m-stress_n1000_m5_r01.txt,data\mtsp\generated_multifamily\high-m-stress_n1000_m5_r01.txt,1000,5,rand+nn,18795.185339658194,0.00155,True,tsp-transform-lkh,6360.087407,1.287928,True,ok,12435.097933,195.517721
high-m-stress,high-m-stress_n1000_m5_r01.txt,data\mtsp\generated_multifamily\high-m-stress_n1000_m5_r01.txt,1000,5,2opt+greed,9805.833694211595,0.012637,True,tsp-transform-lkh,6360.087407,1.287928,True,ok,3445.746287,54.177656
high-m-stress,high-m-stress_n1000_m5_r01.txt,data\mtsp\generated_multifamily\high-m-stress_n1000_m5_r01.txt,1000,5,lkh-wrapper-v2,6417.44536497397,3.175733,True,tsp-transform-lkh,6360.087407,1.287928,True,ok,57.357958,0.901842
high-m-stress,high-m-stress_n1000_m5_r01.txt,data\mtsp\generated_multifamily\high-m-stress_n1000_m5_r01.txt,1000,5,lkh-wrapper-v3,6567.890433724253,1.080262,True,tsp-transform-lkh,6360.087407,1.287928,True,ok,207.803027,3.267298
high-m-stress,high-m-stress_n1000_m7_r01.txt,data\mtsp\generated_multifamily\high-m-stress_n1000_m7_r01.txt,1000,7,rand+nn,22654.978971024182,0.000847,True,tsp-transform-lkh,6204.469888,1.219815,True,ok,16450.509083,265.139639
high-m-stress,high-m-stress_n1000_m7_r01.txt,data\mtsp\generated_multifamily\high-m-stress_n1000_m7_r01.txt,1000,7,2opt+greed,9072.132756322131,0.007608,True,tsp-transform-lkh,6204.469888,1.219815,True,ok,2867.662868,46.219305
high-m-stress,high-m-stress_n1000_m7_r01.txt,data\mtsp\generated_multifamily\high-m-stress_n1000_m7_r01.txt,1000,7,lkh-wrapper-v2,7929.797571004452,14.68472,True,tsp-transform-lkh,6204.469888,1.219815,True,ok,1725.327683,27.807818
high-m-stress,high-m-stress_n1000_m7_r01.txt,data\mtsp\generated_multifamily\high-m-stress_n1000_m7_r01.txt,1000,7,lkh-wrapper-v3,7683.696010209017,3.502904,True,tsp-transform-lkh,6204.469888,1.219815,True,ok,1479.226122,23.841297
high-m-stress,high-m-stress_n100_m2_r01.txt,data\mtsp\generated_multifamily\high-m-stress_n100_m2_r01.txt,100,2,rand+nn,415.01027587998124,4.6e-05,True,tsp-transform-lkh,244.322844,0.049191,True,ok,170.687432,69.86143
high-m-stress,high-m-stress_n100_m2_r01.txt,data\mtsp\generated_multifamily\high-m-stress_n100_m2_r01.txt,100,2,2opt+greed,354.33635753844896,0.000193,True,tsp-transform-lkh,244.322844,0.049191,True,ok,110.013514,45.027928
high-m-stress,high-m-stress_n100_m2_r01.txt,data\mtsp\generated_multifamily\high-m-stress_n100_m2_r01.txt,100,2,lkh-wrapper-v2,260.5814452635362,0.004735,True,tsp-transform-lkh,244.322844,0.049191,True,ok,16.258601,6.654556
high-m-stress,high-m-stress_n100_m2_r01.txt,data\mtsp\generated_multifamily\high-m-stress_n100_m2_r01.txt,100,2,lkh-wrapper-v3,257.8592574618897,0.006034,True,tsp-transform-lkh,244.322844,0.049191,True,ok,13.536413,5.54038
high-m-stress,high-m-stress_n100_m3_r01.txt,data\mtsp\generated_multifamily\high-m-stress_n100_m3_r01.txt,100,3,rand+nn,586.0141888577859,4.8e-05,True,ortools-gls,245.799506,5.000441,True,ok,340.214683,138.411459
high-m-stress,high-m-stress_n100_m3_r01.txt,data\mtsp\generated_multifamily\high-m-stress_n100_m3_r01.txt,100,3,2opt+greed,380.65004435553544,0.000137,True,ortools-gls,245.799506,5.000441,True,ok,134.850538,54.862005
high-m-stress,high-m-stress_n100_m3_r01.txt,data\mtsp\generated_multifamily\high-m-stress_n100_m3_r01.txt,100,3,lkh-wrapper-v2,273.6295031669445,0.023719,True,ortools-gls,245.799506,5.000441,True,ok,27.829997,11.322235
high-m-stress,high-m-stress_n100_m3_r01.txt,data\mtsp\generated_multifamily\high-m-stress_n100_m3_r01.txt,100,3,lkh-wrapper-v3,289.2696679822903,0.006779,True,ortools-gls,245.799506,5.000441,True,ok,43.470162,17.685211
high-m-stress,high-m-stress_n100_m5_r01.txt,data\mtsp\generated_multifamily\high-m-stress_n100_m5_r01.txt,100,5,rand+nn,991.5753572686674,4.2e-05,True,ortools-gls,292.367567,5.000938,True,ok,699.20779,239.153678
high-m-stress,high-m-stress_n100_m5_r01.txt,data\mtsp\generated_multifamily\high-m-stress_n100_m5_r01.txt,100,5,2opt+greed,576.0599003925146,0.000118,True,ortools-gls,292.367567,5.000938,True,ok,283.692333,97.032765
high-m-stress,high-m-stress_n100_m5_r01.txt,data\mtsp\generated_multifamily\high-m-stress_n100_m5_r01.txt,100,5,lkh-wrapper-v2,328.7550378998001,0.008724,True,ortools-gls,292.367567,5.000938,True,ok,36.387471,12.445796
high-m-stress,high-m-stress_n100_m5_r01.txt,data\mtsp\generated_multifamily\high-m-stress_n100_m5_r01.txt,100,5,lkh-wrapper-v3,342.8208459547709,0.004895,True,ortools-gls,292.367567,5.000938,True,ok,50.453279,17.256798
high-m-stress,high-m-stress_n200_m2_r01.txt,data\mtsp\generated_multifamily\high-m-stress_n200_m2_r01.txt,200,2,rand+nn,1102.794636974004,9e-05,True,tsp-transform-lkh,624.649979,0.159079,True,ok,478.144658,76.546014
high-m-stress,high-m-stress_n200_m2_r01.txt,data\mtsp\generated_multifamily\high-m-stress_n200_m2_r01.txt,200,2,2opt+greed,802.7274765845863,0.000509,True,tsp-transform-lkh,624.649979,0.159079,True,ok,178.077498,28.508365
high-m-stress,high-m-stress_n200_m2_r01.txt,data\mtsp\generated_multifamily\high-m-stress_n200_m2_r01.txt,200,2,lkh-wrapper-v2,648.2370604318646,0.024636,True,tsp-transform-lkh,624.649979,0.159079,True,ok,23.587081,3.776048
high-m-stress,high-m-stress_n200_m2_r01.txt,data\mtsp\generated_multifamily\high-m-stress_n200_m2_r01.txt,200,2,lkh-wrapper-v3,643.5768371928917,0.021268,True,tsp-transform-lkh,624.649979,0.159079,True,ok,18.926858,3.029994
high-m-stress,high-m-stress_n200_m3_r01.txt,data\mtsp\generated_multifamily\high-m-stress_n200_m3_r01.txt,200,3,rand+nn,1186.3518195765496,8.1e-05,True,tsp-transform-lkh,636.655704,0.164155,True,ok,549.696116,86.341191
high-m-stress,high-m-stress_n200_m3_r01.txt,data\mtsp\generated_multifamily\high-m-stress_n200_m3_r01.txt,200,3,2opt+greed,958.583741059439,0.000489,True,tsp-transform-lkh,636.655704,0.164155,True,ok,321.928037,50.565484
high-m-stress,high-m-stress_n200_m3_r01.txt,data\mtsp\generated_multifamily\high-m-stress_n200_m3_r01.txt,200,3,lkh-wrapper-v2,667.6881718950057,0.025645,True,tsp-transform-lkh,636.655704,0.164155,True,ok,31.032468,4.874294
high-m-stress,high-m-stress_n200_m3_r01.txt,data\mtsp\generated_multifamily\high-m-stress_n200_m3_r01.txt,200,3,lkh-wrapper-v3,656.7932859176451,0.017103,True,tsp-transform-lkh,636.655704,0.164155,True,ok,20.137582,3.163025
high-m-stress,high-m-stress_n200_m5_r01.txt,data\mtsp\generated_multifamily\high-m-stress_n200_m5_r01.txt,200,5,rand+nn,1905.6410885248774,7.3e-05,True,ortools-gls,614.370196,5.002155,True,ok,1291.270893,210.177984
high-m-stress,high-m-stress_n200_m5_r01.txt,data\mtsp\generated_multifamily\high-m-stress_n200_m5_r01.txt,200,5,2opt+greed,1167.9979084201418,0.000458,True,ortools-gls,614.370196,5.002155,True,ok,553.627712,90.113048
high-m-stress,high-m-stress_n200_m5_r01.txt,data\mtsp\generated_multifamily\high-m-stress_n200_m5_r01.txt,200,5,lkh-wrapper-v2,709.7156068804849,0.053156,True,ortools-gls,614.370196,5.002155,True,ok,95.345411,15.519212
high-m-stress,high-m-stress_n200_m5_r01.txt,data\mtsp\generated_multifamily\high-m-stress_n200_m5_r01.txt,200,5,lkh-wrapper-v3,757.2917852324225,0.024156,True,ortools-gls,614.370196,5.002155,True,ok,142.921589,23.263106
high-m-stress,high-m-stress_n20_m2_r01.txt,data\mtsp\generated_multifamily\high-m-stress_n20_m2_r01.txt,20,2,rand+nn,73.54596197426525,2e-05,True,ortools-gls,38.770922,5.000913,True,ok,34.77504,89.693611
high-m-stress,high-m-stress_n20_m2_r01.txt,data\mtsp\generated_multifamily\high-m-stress_n20_m2_r01.txt,20,2,2opt+greed,58.758189945226036,2.3e-05,True,ortools-gls,38.770922,5.000913,True,ok,19.987268,51.552212
high-m-stress,high-m-stress_n20_m2_r01.txt,data\mtsp\generated_multifamily\high-m-stress_n20_m2_r01.txt,20,2,lkh-wrapper-v2,53.6632305637195,0.000561,True,ortools-gls,38.770922,5.000913,True,ok,14.892309,38.411026
high-m-stress,high-m-stress_n20_m2_r01.txt,data\mtsp\generated_multifamily\high-m-stress_n20_m2_r01.txt,20,2,lkh-wrapper-v3,53.66323056371951,0.000361,True,ortools-gls,38.770922,5.000913,True,ok,14.892309,38.411026
high-m-stress,high-m-stress_n20_m3_r01.txt,data\mtsp\generated_multifamily\high-m-stress_n20_m3_r01.txt,20,3,rand+nn,94.37557617431261,2.2e-05,True,ortools-gls,40.928378,5.000537,True,ok,53.447198,130.587139
high-m-stress,high-m-stress_n20_m3_r01.txt,data\mtsp\generated_multifamily\high-m-stress_n20_m3_r01.txt,20,3,2opt+greed,84.18146187988877,2.4e-05,True,ortools-gls,40.928378,5.000537,True,ok,43.253084,105.679937
high-m-stress,high-m-stress_n20_m3_r01.txt,data\mtsp\generated_multifamily\high-m-stress_n20_m3_r01.txt,20,3,lkh-wrapper-v2,55.635805355853975,0.000627,True,ortools-gls,40.928378,5.000537,True,ok,14.707427,35.934546
high-m-stress,high-m-stress_n20_m3_r01.txt,data\mtsp\generated_multifamily\high-m-stress_n20_m3_r01.txt,20,3,lkh-wrapper-v3,55.635805355853975,0.000405,True,ortools-gls,40.928378,5.000537,True,ok,14.707427,35.934546
high-m-stress,high-m-stress_n20_m5_r01.txt,data\mtsp\generated_multifamily\high-m-stress_n20_m5_r01.txt,20,5,rand+nn,130.45634841700266,2.3e-05,True,ortools-gls,42.757026,5.000463,True,ok,87.699322,205.110903
high-m-stress,high-m-stress_n20_m5_r01.txt,data\mtsp\generated_multifamily\high-m-stress_n20_m5_r01.txt,20,5,2opt+greed,129.4324351516251,3.1e-05,True,ortools-gls,42.757026,5.000463,True,ok,86.675409,202.716178
high-m-stress,high-m-stress_n20_m5_r01.txt,data\mtsp\generated_multifamily\high-m-stress_n20_m5_r01.txt,20,5,lkh-wrapper-v2,57.4142819937378,0.000485,True,ortools-gls,42.757026,5.000463,True,ok,14.657256,34.280345
high-m-stress,high-m-stress_n20_m5_r01.txt,data\mtsp\generated_multifamily\high-m-stress_n20_m5_r01.txt,20,5,lkh-wrapper-v3,57.4142819937378,0.000428,True,ortools-gls,42.757026,5.000463,True,ok,14.657256,34.280345
high-m-stress,high-m-stress_n500_m2_r01.txt,data\mtsp\generated_multifamily\high-m-stress_n500_m2_r01.txt,500,2,rand+nn,3647.0075739447257,0.000308,True,tsp-transform-lkh,2041.864749,0.402143,True,ok,1605.142825,78.611614
high-m-stress,high-m-stress_n500_m2_r01.txt,data\mtsp\generated_multifamily\high-m-stress_n500_m2_r01.txt,500,2,2opt+greed,2436.423369872182,0.005931,True,tsp-transform-lkh,2041.864749,0.402143,True,ok,394.558621,19.323445
high-m-stress,high-m-stress_n500_m2_r01.txt,data\mtsp\generated_multifamily\high-m-stress_n500_m2_r01.txt,500,2,lkh-wrapper-v2,2094.264539037272,0.583549,True,tsp-transform-lkh,2041.864749,0.402143,True,ok,52.39979,2.566271
high-m-stress,high-m-stress_n500_m2_r01.txt,data\mtsp\generated_multifamily\high-m-stress_n500_m2_r01.txt,500,2,lkh-wrapper-v3,2468.9393688947434,0.481574,True,tsp-transform-lkh,2041.864749,0.402143,True,ok,427.07462,20.915911
high-m-stress,high-m-stress_n500_m3_r01.txt,data\mtsp\generated_multifamily\high-m-stress_n500_m3_r01.txt,500,3,rand+nn,4873.2865283051215,0.000259,True,tsp-transform-lkh,2260.759745,0.249505,True,ok,2612.526783,115.559682
high-m-stress,high-m-stress_n500_m3_r01.txt,data\mtsp\generated_multifamily\high-m-stress_n500_m3_r01.txt,500,3,2opt+greed,2801.2418190960043,0.002747,True,tsp-transform-lkh,2260.759745,0.249505,True,ok,540.482074,23.907099
high-m-stress,high-m-stress_n500_m3_r01.txt,data\mtsp\generated_multifamily\high-m-stress_n500_m3_r01.txt,500,3,lkh-wrapper-v2,2340.1985578645435,0.64174,True,tsp-transform-lkh,2260.759745,0.249505,True,ok,79.438813,3.51381
high-m-stress,high-m-stress_n500_m3_r01.txt,data\mtsp\generated_multifamily\high-m-stress_n500_m3_r01.txt,500,3,lkh-wrapper-v3,2341.721338850502,0.224604,True,tsp-transform-lkh,2260.759745,0.249505,True,ok,80.961594,3.581168
high-m-stress,high-m-stress_n500_m5_r01.txt,data\mtsp\generated_multifamily\high-m-stress_n500_m5_r01.txt,500,5,rand+nn,6872.010538765495,0.000223,True,tsp-transform-lkh,2298.511024,0.296072,True,ok,4573.499515,198.976619
high-m-stress,high-m-stress_n500_m5_r01.txt,data\mtsp\generated_multifamily\high-m-stress_n500_m5_r01.txt,500,5,2opt+greed,3050.973887109283,0.002281,True,tsp-transform-lkh,2298.511024,0.296072,True,ok,752.462863,32.73697
high-m-stress,high-m-stress_n500_m5_r01.txt,data\mtsp\generated_multifamily\high-m-stress_n500_m5_r01.txt,500,5,lkh-wrapper-v2,2586.2760635158584,1.586712,True,tsp-transform-lkh,2298.511024,0.296072,True,ok,287.76504,12.519628
high-m-stress,high-m-stress_n500_m5_r01.txt,data\mtsp\generated_multifamily\high-m-stress_n500_m5_r01.txt,500,5,lkh-wrapper-v3,2601.963500476413,0.519333,True,tsp-transform-lkh,2298.511024,0.296072,True,ok,303.452476,13.202133
high-m-stress,high-m-stress_n50_m2_r01.txt,data\mtsp\generated_multifamily\high-m-stress_n50_m2_r01.txt,50,2,rand+nn,203.49767958812086,3.2e-05,True,ortools-gls,115.712851,4.999885,True,ok,87.784829,75.864373
high-m-stress,high-m-stress_n50_m2_r01.txt,data\mtsp\generated_multifamily\high-m-stress_n50_m2_r01.txt,50,2,2opt+greed,166.05040411217007,5.7e-05,True,ortools-gls,115.712851,4.999885,True,ok,50.337553,43.502128
high-m-stress,high-m-stress_n50_m2_r01.txt,data\mtsp\generated_multifamily\high-m-stress_n50_m2_r01.txt,50,2,lkh-wrapper-v2,124.49850451269819,0.003198,True,ortools-gls,115.712851,4.999885,True,ok,8.785654,7.592635
high-m-stress,high-m-stress_n50_m2_r01.txt,data\mtsp\generated_multifamily\high-m-stress_n50_m2_r01.txt,50,2,lkh-wrapper-v3,124.79328252669768,0.001316,True,ortools-gls,115.712851,4.999885,True,ok,9.080432,7.847384
high-m-stress,high-m-stress_n50_m3_r01.txt,data\mtsp\generated_multifamily\high-m-stress_n50_m3_r01.txt,50,3,rand+nn,257.4001344771568,3.8e-05,True,ortools-gls,103.399663,5.000191,True,ok,154.000471,148.937111
high-m-stress,high-m-stress_n50_m3_r01.txt,data\mtsp\generated_multifamily\high-m-stress_n50_m3_r01.txt,50,3,2opt+greed,193.37104535804912,4.5e-05,True,ortools-gls,103.399663,5.000191,True,ok,89.971382,87.013226
high-m-stress,high-m-stress_n50_m3_r01.txt,data\mtsp\generated_multifamily\high-m-stress_n50_m3_r01.txt,50,3,lkh-wrapper-v2,122.33591219586357,0.001802,True,ortools-gls,103.399663,5.000191,True,ok,18.936249,18.313647
high-m-stress,high-m-stress_n50_m3_r01.txt,data\mtsp\generated_multifamily\high-m-stress_n50_m3_r01.txt,50,3,lkh-wrapper-v3,122.33591219586356,0.001853,True,ortools-gls,103.399663,5.000191,True,ok,18.936249,18.313647
high-m-stress,high-m-stress_n50_m5_r01.txt,data\mtsp\generated_multifamily\high-m-stress_n50_m5_r01.txt,50,5,rand+nn,515.6782947162934,2.9e-05,True,ortools-gls,127.99682,5.000749,True,ok,387.681475,302.883677
high-m-stress,high-m-stress_n50_m5_r01.txt,data\mtsp\generated_multifamily\high-m-stress_n50_m5_r01.txt,50,5,2opt+greed,470.1158952314048,4.4e-05,True,ortools-gls,127.99682,5.000749,True,ok,342.119075,267.287168
high-m-stress,high-m-stress_n50_m5_r01.txt,data\mtsp\generated_multifamily\high-m-stress_n50_m5_r01.txt,50,5,lkh-wrapper-v2,166.716657737784,0.002293,True,ortools-gls,127.99682,5.000749,True,ok,38.719838,30.250625
high-m-stress,high-m-stress_n50_m5_r01.txt,data\mtsp\generated_multifamily\high-m-stress_n50_m5_r01.txt,50,5,lkh-wrapper-v3,166.716657737784,0.002365,True,ortools-gls,127.99682,5.000749,True,ok,38.719838,30.250625
mixed,mixed_n1000_m3_r01.txt,data\mtsp\generated_multifamily\mixed_n1000_m3_r01.txt,1000,3,rand+nn,13457.533581103544,0.002347,True,tsp-transform-lkh,6410.216406,1.571695,True,ok,7047.317175,109.938834
mixed,mixed_n1000_m3_r01.txt,data\mtsp\generated_multifamily\mixed_n1000_m3_r01.txt,1000,3,2opt+greed,6959.535120099404,0.014238,True,tsp-transform-lkh,6410.216406,1.571695,True,ok,549.318714,8.569425
mixed,mixed_n1000_m3_r01.txt,data\mtsp\generated_multifamily\mixed_n1000_m3_r01.txt,1000,3,lkh-wrapper-v2,6577.680203926255,8.72764,True,tsp-transform-lkh,6410.216406,1.571695,True,ok,167.463798,2.612452
mixed,mixed_n1000_m3_r01.txt,data\mtsp\generated_multifamily\mixed_n1000_m3_r01.txt,1000,3,lkh-wrapper-v3,6811.9843851894775,0.662613,True,tsp-transform-lkh,6410.216406,1.571695,True,ok,401.767979,6.26762
mixed,mixed_n1000_m5_r01.txt,data\mtsp\generated_multifamily\mixed_n1000_m5_r01.txt,1000,5,rand+nn,19854.80093190651,0.00088,True,tsp-transform-lkh,7083.128917,1.059956,True,ok,12771.672015,180.311161
mixed,mixed_n1000_m5_r01.txt,data\mtsp\generated_multifamily\mixed_n1000_m5_r01.txt,1000,5,2opt+greed,9047.291038327303,0.00828,True,tsp-transform-lkh,7083.128917,1.059956,True,ok,1964.162121,27.730148
mixed,mixed_n1000_m5_r01.txt,data\mtsp\generated_multifamily\mixed_n1000_m5_r01.txt,1000,5,lkh-wrapper-v2,7353.367481987809,8.298246,True,tsp-transform-lkh,7083.128917,1.059956,True,ok,270.238565,3.815243
mixed,mixed_n1000_m5_r01.txt,data\mtsp\generated_multifamily\mixed_n1000_m5_r01.txt,1000,5,lkh-wrapper-v3,7443.722548047688,0.462535,True,tsp-transform-lkh,7083.128917,1.059956,True,ok,360.593631,5.090881
mixed,mixed_n1000_m7_r01.txt,data\mtsp\generated_multifamily\mixed_n1000_m7_r01.txt,1000,7,rand+nn,23727.246991676217,0.001115,True,tsp-transform-lkh,7083.552788,1.418884,True,ok,16643.694204,234.962521
mixed,mixed_n1000_m7_r01.txt,data\mtsp\generated_multifamily\mixed_n1000_m7_r01.txt,1000,7,2opt+greed,12042.166973614341,0.011125,True,tsp-transform-lkh,7083.552788,1.418884,True,ok,4958.614186,70.001796
mixed,mixed_n1000_m7_r01.txt,data\mtsp\generated_multifamily\mixed_n1000_m7_r01.txt,1000,7,lkh-wrapper-v2,7285.841514438167,12.170232,True,tsp-transform-lkh,7083.552788,1.418884,True,ok,202.288726,2.855752
mixed,mixed_n1000_m7_r01.txt,data\mtsp\generated_multifamily\mixed_n1000_m7_r01.txt,1000,7,lkh-wrapper-v3,7651.941065083603,2.895788,True,tsp-transform-lkh,7083.552788,1.418884,True,ok,568.388277,8.024056
mixed,mixed_n100_m2_r01.txt,data\mtsp\generated_multifamily\mixed_n100_m2_r01.txt,100,2,rand+nn,505.1106555125375,4.5e-05,True,ortools-gls,294.80155,5.000455,True,ok,210.309106,71.339213
mixed,mixed_n100_m2_r01.txt,data\mtsp\generated_multifamily\mixed_n100_m2_r01.txt,100,2,2opt+greed,428.3377879916834,0.000129,True,ortools-gls,294.80155,5.000455,True,ok,133.536238,45.296993
mixed,mixed_n100_m2_r01.txt,data\mtsp\generated_multifamily\mixed_n100_m2_r01.txt,100,2,lkh-wrapper-v2,355.110156023679,0.013961,True,ortools-gls,294.80155,5.000455,True,ok,60.308606,20.457357
mixed,mixed_n100_m2_r01.txt,data\mtsp\generated_multifamily\mixed_n100_m2_r01.txt,100,2,lkh-wrapper-v3,331.18917036293334,0.007037,True,ortools-gls,294.80155,5.000455,True,ok,36.38762,12.34309
mixed,mixed_n100_m3_r01.txt,data\mtsp\generated_multifamily\mixed_n100_m3_r01.txt,100,3,rand+nn,691.6794702350819,5.6e-05,True,ortools-gls,298.639469,5.000814,True,ok,393.040001,131.6102
mixed,mixed_n100_m3_r01.txt,data\mtsp\generated_multifamily\mixed_n100_m3_r01.txt,100,3,2opt+greed,448.4376078036554,0.000139,True,ortools-gls,298.639469,5.000814,True,ok,149.798139,50.160195
mixed,mixed_n100_m3_r01.txt,data\mtsp\generated_multifamily\mixed_n100_m3_r01.txt,100,3,lkh-wrapper-v2,343.24093254077616,0.011425,True,ortools-gls,298.639469,5.000814,True,ok,44.601464,14.934886
mixed,mixed_n100_m3_r01.txt,data\mtsp\generated_multifamily\mixed_n100_m3_r01.txt,100,3,lkh-wrapper-v3,347.7591252451168,0.004556,True,ortools-gls,298.639469,5.000814,True,ok,49.119656,16.447811
mixed,mixed_n100_m5_r01.txt,data\mtsp\generated_multifamily\mixed_n100_m5_r01.txt,100,5,rand+nn,849.4795421097922,4.5e-05,True,ortools-gls,295.744801,5.000202,True,ok,553.734741,187.233973
mixed,mixed_n100_m5_r01.txt,data\mtsp\generated_multifamily\mixed_n100_m5_r01.txt,100,5,2opt+greed,534.1716138142209,0.000134,True,ortools-gls,295.744801,5.000202,True,ok,238.426813,80.619105
mixed,mixed_n100_m5_r01.txt,data\mtsp\generated_multifamily\mixed_n100_m5_r01.txt,100,5,lkh-wrapper-v2,364.8892502968656,0.01475,True,ortools-gls,295.744801,5.000202,True,ok,69.144449,23.379768
mixed,mixed_n100_m5_r01.txt,data\mtsp\generated_multifamily\mixed_n100_m5_r01.txt,100,5,lkh-wrapper-v3,366.89781298204485,0.013693,True,ortools-gls,295.744801,5.000202,True,ok,71.153012,24.058922
mixed,mixed_n200_m2_r01.txt,data\mtsp\generated_multifamily\mixed_n200_m2_r01.txt,200,2,rand+nn,1322.133670415292,8.7e-05,True,tsp-transform-lkh,748.347468,0.160449,True,ok,573.786202,76.673768
mixed,mixed_n200_m2_r01.txt,data\mtsp\generated_multifamily\mixed_n200_m2_r01.txt,200,2,2opt+greed,940.1505017767302,0.000636,True,tsp-transform-lkh,748.347468,0.160449,True,ok,191.803034,25.630211
mixed,mixed_n200_m2_r01.txt,data\mtsp\generated_multifamily\mixed_n200_m2_r01.txt,200,2,lkh-wrapper-v2,804.4447362455167,0.020724,True,tsp-transform-lkh,748.347468,0.160449,True,ok,56.097268,7.496153
mixed,mixed_n200_m2_r01.txt,data\mtsp\generated_multifamily\mixed_n200_m2_r01.txt,200,2,lkh-wrapper-v3,830.3764348201909,0.017788,True,tsp-transform-lkh,748.347468,0.160449,True,ok,82.028967,10.961348
mixed,mixed_n200_m3_r01.txt,data\mtsp\generated_multifamily\mixed_n200_m3_r01.txt,200,3,rand+nn,1667.1297511586545,8.6e-05,True,ortools-gls,680.700528,5.000596,True,ok,986.429223,144.913833
mixed,mixed_n200_m3_r01.txt,data\mtsp\generated_multifamily\mixed_n200_m3_r01.txt,200,3,2opt+greed,913.8785857776988,0.000388,True,ortools-gls,680.700528,5.000596,True,ok,233.178058,34.255601
mixed,mixed_n200_m3_r01.txt,data\mtsp\generated_multifamily\mixed_n200_m3_r01.txt,200,3,lkh-wrapper-v2,769.9419902322963,0.050741,True,ortools-gls,680.700528,5.000596,True,ok,89.241462,13.110238
mixed,mixed_n200_m3_r01.txt,data\mtsp\generated_multifamily\mixed_n200_m3_r01.txt,200,3,lkh-wrapper-v3,778.9918782109874,0.018602,True,ortools-gls,680.700528,5.000596,True,ok,98.29135,14.439735
mixed,mixed_n200_m5_r01.txt,data\mtsp\generated_multifamily\mixed_n200_m5_r01.txt,200,5,rand+nn,2095.761323425153,7.7e-05,True,ortools-gls,657.216788,5.001897,True,ok,1438.544535,218.884326
mixed,mixed_n200_m5_r01.txt,data\mtsp\generated_multifamily\mixed_n200_m5_r01.txt,200,5,2opt+greed,1119.4523207004816,0.000393,True,ortools-gls,657.216788,5.001897,True,ok,462.235533,70.332277
mixed,mixed_n200_m5_r01.txt,data\mtsp\generated_multifamily\mixed_n200_m5_r01.txt,200,5,lkh-wrapper-v2,855.0152870808002,0.047163,True,ortools-gls,657.216788,5.001897,True,ok,197.798499,30.096386
mixed,mixed_n200_m5_r01.txt,data\mtsp\generated_multifamily\mixed_n200_m5_r01.txt,200,5,lkh-wrapper-v3,851.3369565229718,0.020572,True,ortools-gls,657.216788,5.001897,True,ok,194.120169,29.536703
mixed,mixed_n20_m2_r01.txt,data\mtsp\generated_multifamily\mixed_n20_m2_r01.txt,20,2,rand+nn,80.58794327848008,2.1e-05,True,ortools-gls,43.98713,5.000823,True,ok,36.600813,83.208004
mixed,mixed_n20_m2_r01.txt,data\mtsp\generated_multifamily\mixed_n20_m2_r01.txt,20,2,2opt+greed,53.150051138804386,2.8e-05,True,ortools-gls,43.98713,5.000823,True,ok,9.162921,20.830913
mixed,mixed_n20_m2_r01.txt,data\mtsp\generated_multifamily\mixed_n20_m2_r01.txt,20,2,lkh-wrapper-v2,49.017757476408605,0.000388,True,ortools-gls,43.98713,5.000823,True,ok,5.030627,11.436588
mixed,mixed_n20_m2_r01.txt,data\mtsp\generated_multifamily\mixed_n20_m2_r01.txt,20,2,lkh-wrapper-v3,49.017757476408605,0.000353,True,ortools-gls,43.98713,5.000823,True,ok,5.030627,11.436588
mixed,mixed_n20_m3_r01.txt,data\mtsp\generated_multifamily\mixed_n20_m3_r01.txt,20,3,rand+nn,101.60498698381618,2.4e-05,True,ortools-gls,43.353076,5.000106,True,ok,58.251911,134.36627
mixed,mixed_n20_m3_r01.txt,data\mtsp\generated_multifamily\mixed_n20_m3_r01.txt,20,3,2opt+greed,76.96785696078634,2.4e-05,True,ortools-gls,43.353076,5.000106,True,ok,33.614781,77.537246
mixed,mixed_n20_m3_r01.txt,data\mtsp\generated_multifamily\mixed_n20_m3_r01.txt,20,3,lkh-wrapper-v2,56.845811514330784,0.000399,True,ortools-gls,43.353076,5.000106,True,ok,13.492736,31.122903
mixed,mixed_n20_m3_r01.txt,data\mtsp\generated_multifamily\mixed_n20_m3_r01.txt,20,3,lkh-wrapper-v3,56.845811514330784,0.000334,True,ortools-gls,43.353076,5.000106,True,ok,13.492736,31.122903
mixed,mixed_n20_m5_r01.txt,data\mtsp\generated_multifamily\mixed_n20_m5_r01.txt,20,5,rand+nn,113.97272567353906,2.1e-05,True,ortools-gls,46.894674,4.99994,True,ok,67.078052,143.039809
mixed,mixed_n20_m5_r01.txt,data\mtsp\generated_multifamily\mixed_n20_m5_r01.txt,20,5,2opt+greed,83.83146529872909,2.2e-05,True,ortools-gls,46.894674,4.99994,True,ok,36.936791,78.765429
mixed,mixed_n20_m5_r01.txt,data\mtsp\generated_multifamily\mixed_n20_m5_r01.txt,20,5,lkh-wrapper-v2,64.08018530106017,0.000379,True,ortools-gls,46.894674,4.99994,True,ok,17.185511,36.647042
mixed,mixed_n20_m5_r01.txt,data\mtsp\generated_multifamily\mixed_n20_m5_r01.txt,20,5,lkh-wrapper-v3,64.08018530106017,0.000337,True,ortools-gls,46.894674,4.99994,True,ok,17.185511,36.647042
mixed,mixed_n500_m2_r01.txt,data\mtsp\generated_multifamily\mixed_n500_m2_r01.txt,500,2,rand+nn,4536.716054306542,0.000301,True,tsp-transform-lkh,2688.46639,0.252892,True,ok,1848.249664,68.74736
mixed,mixed_n500_m2_r01.txt,data\mtsp\generated_multifamily\mixed_n500_m2_r01.txt,500,2,2opt+greed,3153.984001711524,0.003033,True,tsp-transform-lkh,2688.46639,0.252892,True,ok,465.517612,17.315359
mixed,mixed_n500_m2_r01.txt,data\mtsp\generated_multifamily\mixed_n500_m2_r01.txt,500,2,lkh-wrapper-v2,2723.21360649629,0.225904,True,tsp-transform-lkh,2688.46639,0.252892,True,ok,34.747216,1.292455
mixed,mixed_n500_m2_r01.txt,data\mtsp\generated_multifamily\mixed_n500_m2_r01.txt,500,2,lkh-wrapper-v3,2737.2107955130487,0.21098,True,tsp-transform-lkh,2688.46639,0.252892,True,ok,48.744406,1.813093
mixed,mixed_n500_m3_r01.txt,data\mtsp\generated_multifamily\mixed_n500_m3_r01.txt,500,3,rand+nn,5014.609261159681,0.000261,True,tsp-transform-lkh,2262.520664,0.321882,True,ok,2752.088597,121.638164
mixed,mixed_n500_m3_r01.txt,data\mtsp\generated_multifamily\mixed_n500_m3_r01.txt,500,3,2opt+greed,2501.834712100058,0.002259,True,tsp-transform-lkh,2262.520664,0.321882,True,ok,239.314048,10.57732
mixed,mixed_n500_m3_r01.txt,data\mtsp\generated_multifamily\mixed_n500_m3_r01.txt,500,3,lkh-wrapper-v2,2334.9832141554057,0.68065,True,tsp-transform-lkh,2262.520664,0.321882,True,ok,72.46255,3.202735
mixed,mixed_n500_m3_r01.txt,data\mtsp\generated_multifamily\mixed_n500_m3_r01.txt,500,3,lkh-wrapper-v3,2365.3359670012733,0.125792,True,tsp-transform-lkh,2262.520664,0.321882,True,ok,102.815303,4.544281
mixed,mixed_n500_m5_r01.txt,data\mtsp\generated_multifamily\mixed_n500_m5_r01.txt,500,5,rand+nn,6113.616769229624,0.000265,True,tsp-transform-lkh,2339.268774,0.287486,True,ok,3774.347995,161.347342
mixed,mixed_n500_m5_r01.txt,data\mtsp\generated_multifamily\mixed_n500_m5_r01.txt,500,5,2opt+greed,3637.605629807534,0.001797,True,tsp-transform-lkh,2339.268774,0.287486,True,ok,1298.336856,55.501825
mixed,mixed_n500_m5_r01.txt,data\mtsp\generated_multifamily\mixed_n500_m5_r01.txt,500,5,lkh-wrapper-v2,2449.305105037782,0.348036,True,tsp-transform-lkh,2339.268774,0.287486,True,ok,110.036331,4.703877
mixed,mixed_n500_m5_r01.txt,data\mtsp\generated_multifamily\mixed_n500_m5_r01.txt,500,5,lkh-wrapper-v3,2717.622344986089,0.091957,True,tsp-transform-lkh,2339.268774,0.287486,True,ok,378.353571,16.17401
mixed,mixed_n50_m2_r01.txt,data\mtsp\generated_multifamily\mixed_n50_m2_r01.txt,50,2,rand+nn,215.58284583855144,3.4e-05,True,ortools-gls,122.181746,5.001038,True,ok,93.4011,76.444398
mixed,mixed_n50_m2_r01.txt,data\mtsp\generated_multifamily\mixed_n50_m2_r01.txt,50,2,2opt+greed,202.84293228208185,5.8e-05,True,ortools-gls,122.181746,5.001038,True,ok,80.661186,66.017379
mixed,mixed_n50_m2_r01.txt,data\mtsp\generated_multifamily\mixed_n50_m2_r01.txt,50,2,lkh-wrapper-v2,144.26383932597426,0.001843,True,ortools-gls,122.181746,5.001038,True,ok,22.082093,18.073152
mixed,mixed_n50_m2_r01.txt,data\mtsp\generated_multifamily\mixed_n50_m2_r01.txt,50,2,lkh-wrapper-v3,144.7736593376061,0.001527,True,ortools-gls,122.181746,5.001038,True,ok,22.591913,18.490416
mixed,mixed_n50_m3_r01.txt,data\mtsp\generated_multifamily\mixed_n50_m3_r01.txt,50,3,rand+nn,278.3152657323412,3.2e-05,True,ortools-gls,121.269654,5.001151,True,ok,157.045612,129.501163
mixed,mixed_n50_m3_r01.txt,data\mtsp\generated_multifamily\mixed_n50_m3_r01.txt,50,3,2opt+greed,248.07677859905885,4.6e-05,True,ortools-gls,121.269654,5.001151,True,ok,126.807125,104.566246
mixed,mixed_n50_m3_r01.txt,data\mtsp\generated_multifamily\mixed_n50_m3_r01.txt,50,3,lkh-wrapper-v2,148.83018435881087,0.002327,True,ortools-gls,121.269654,5.001151,True,ok,27.56053,22.72665
mixed,mixed_n50_m3_r01.txt,data\mtsp\generated_multifamily\mixed_n50_m3_r01.txt,50,3,lkh-wrapper-v3,148.0616041139367,0.001346,True,ortools-gls,121.269654,5.001151,True,ok,26.79195,22.092872
mixed,mixed_n50_m5_r01.txt,data\mtsp\generated_multifamily\mixed_n50_m5_r01.txt,50,5,rand+nn,436.67121537352284,4.3e-05,True,ortools-gls,119.507768,5.000917,True,ok,317.163447,265.391491
mixed,mixed_n50_m5_r01.txt,data\mtsp\generated_multifamily\mixed_n50_m5_r01.txt,50,5,2opt+greed,288.39251104970265,5.7e-05,True,ortools-gls,119.507768,5.000917,True,ok,168.884743,141.316959
mixed,mixed_n50_m5_r01.txt,data\mtsp\generated_multifamily\mixed_n50_m5_r01.txt,50,5,lkh-wrapper-v2,156.981464892577,0.00185,True,ortools-gls,119.507768,5.000917,True,ok,37.473697,31.356704
mixed,mixed_n50_m5_r01.txt,data\mtsp\generated_multifamily\mixed_n50_m5_r01.txt,50,5,lkh-wrapper-v3,156.981464892577,0.00151,True,ortools-gls,119.507768,5.000917,True,ok,37.473697,31.356704
outliers,outliers_n1000_m3_r01.txt,data\mtsp\generated_multifamily\outliers_n1000_m3_r01.txt,1000,3,rand+nn,13042.030767147735,0.001,True,tsp-transform-lkh,6079.836206,1.163558,True,ok,6962.194561,114.512864
outliers,outliers_n1000_m3_r01.txt,data\mtsp\generated_multifamily\outliers_n1000_m3_r01.txt,1000,3,2opt+greed,9160.401418325446,0.016724,True,tsp-transform-lkh,6079.836206,1.163558,True,ok,3080.565212,50.668556
outliers,outliers_n1000_m3_r01.txt,data\mtsp\generated_multifamily\outliers_n1000_m3_r01.txt,1000,3,lkh-wrapper-v2,6157.225233487203,5.65625,True,tsp-transform-lkh,6079.836206,1.163558,True,ok,77.389027,1.27288
outliers,outliers_n1000_m3_r01.txt,data\mtsp\generated_multifamily\outliers_n1000_m3_r01.txt,1000,3,lkh-wrapper-v3,6219.902303208932,1.125027,True,tsp-transform-lkh,6079.836206,1.163558,True,ok,140.066097,2.303781
outliers,outliers_n1000_m5_r01.txt,data\mtsp\generated_multifamily\outliers_n1000_m5_r01.txt,1000,5,rand+nn,21576.70208837886,0.001086,True,tsp-transform-lkh,7414.94928,1.041065,True,ok,14161.752808,190.989207
outliers,outliers_n1000_m5_r01.txt,data\mtsp\generated_multifamily\outliers_n1000_m5_r01.txt,1000,5,2opt+greed,10174.342414505132,0.01207,True,tsp-transform-lkh,7414.94928,1.041065,True,ok,2759.393135,37.213918
outliers,outliers_n1000_m5_r01.txt,data\mtsp\generated_multifamily\outliers_n1000_m5_r01.txt,1000,5,lkh-wrapper-v2,7615.128241232251,5.346805,True,tsp-transform-lkh,7414.94928,1.041065,True,ok,200.178961,2.699667
outliers,outliers_n1000_m5_r01.txt,data\mtsp\generated_multifamily\outliers_n1000_m5_r01.txt,1000,5,lkh-wrapper-v3,7550.050132426942,0.386681,True,tsp-transform-lkh,7414.94928,1.041065,True,ok,135.100852,1.822006
outliers,outliers_n1000_m7_r01.txt,data\mtsp\generated_multifamily\outliers_n1000_m7_r01.txt,1000,7,rand+nn,22195.598506408005,0.000845,True,tsp-transform-lkh,6570.992205,1.205448,True,ok,15624.606301,237.781538
outliers,outliers_n1000_m7_r01.txt,data\mtsp\generated_multifamily\outliers_n1000_m7_r01.txt,1000,7,2opt+greed,11771.8288544653,0.008413,True,tsp-transform-lkh,6570.992205,1.205448,True,ok,5200.836649,79.148422
outliers,outliers_n1000_m7_r01.txt,data\mtsp\generated_multifamily\outliers_n1000_m7_r01.txt,1000,7,lkh-wrapper-v2,6264.929194830338,8.413867,True,tsp-transform-lkh,6570.992205,1.205448,True,ok,-306.06301,-4.65779
outliers,outliers_n1000_m7_r01.txt,data\mtsp\generated_multifamily\outliers_n1000_m7_r01.txt,1000,7,lkh-wrapper-v3,6881.5467230579725,1.12048,True,tsp-transform-lkh,6570.992205,1.205448,True,ok,310.554518,4.726143
outliers,outliers_n100_m2_r01.txt,data\mtsp\generated_multifamily\outliers_n100_m2_r01.txt,100,2,rand+nn,516.0112167994766,4.4e-05,True,ortools-gls,311.797562,5.000614,True,ok,204.213655,65.495591
outliers,outliers_n100_m2_r01.txt,data\mtsp\generated_multifamily\outliers_n100_m2_r01.txt,100,2,2opt+greed,409.547369432119,0.000176,True,ortools-gls,311.797562,5.000614,True,ok,97.749807,31.350408
outliers,outliers_n100_m2_r01.txt,data\mtsp\generated_multifamily\outliers_n100_m2_r01.txt,100,2,lkh-wrapper-v2,344.13610483789967,0.019219,True,ortools-gls,311.797562,5.000614,True,ok,32.338543,10.371647
outliers,outliers_n100_m2_r01.txt,data\mtsp\generated_multifamily\outliers_n100_m2_r01.txt,100,2,lkh-wrapper-v3,344.56420247608963,0.019293,True,ortools-gls,311.797562,5.000614,True,ok,32.76664,10.508947
outliers,outliers_n100_m3_r01.txt,data\mtsp\generated_multifamily\outliers_n100_m3_r01.txt,100,3,rand+nn,732.9247515760916,4.7e-05,True,ortools-gls,337.397732,5.000973,True,ok,395.52702,117.228713
outliers,outliers_n100_m3_r01.txt,data\mtsp\generated_multifamily\outliers_n100_m3_r01.txt,100,3,2opt+greed,588.2054753606081,0.000133,True,ortools-gls,337.397732,5.000973,True,ok,250.807743,74.33593
outliers,outliers_n100_m3_r01.txt,data\mtsp\generated_multifamily\outliers_n100_m3_r01.txt,100,3,lkh-wrapper-v2,381.5657584837901,0.006056,True,ortools-gls,337.397732,5.000973,True,ok,44.168026,13.090789
outliers,outliers_n100_m3_r01.txt,data\mtsp\generated_multifamily\outliers_n100_m3_r01.txt,100,3,lkh-wrapper-v3,382.784484843963,0.005485,True,ortools-gls,337.397732,5.000973,True,ok,45.386753,13.452003
outliers,outliers_n100_m5_r01.txt,data\mtsp\generated_multifamily\outliers_n100_m5_r01.txt,100,5,rand+nn,871.757931872143,5.3e-05,True,ortools-gls,291.572236,5.001307,True,ok,580.185696,198.985234
outliers,outliers_n100_m5_r01.txt,data\mtsp\generated_multifamily\outliers_n100_m5_r01.txt,100,5,2opt+greed,579.71023339711,0.000142,True,ortools-gls,291.572236,5.001307,True,ok,288.137997,98.822165
outliers,outliers_n100_m5_r01.txt,data\mtsp\generated_multifamily\outliers_n100_m5_r01.txt,100,5,lkh-wrapper-v2,375.20246579177746,0.009944,True,ortools-gls,291.572236,5.001307,True,ok,83.63023,28.682508
outliers,outliers_n100_m5_r01.txt,data\mtsp\generated_multifamily\outliers_n100_m5_r01.txt,100,5,lkh-wrapper-v3,376.23075266480976,0.006329,True,ortools-gls,291.572236,5.001307,True,ok,84.658517,29.035178
outliers,outliers_n200_m2_r01.txt,data\mtsp\generated_multifamily\outliers_n200_m2_r01.txt,200,2,rand+nn,1134.122519600869,8.8e-05,True,ortools-gls,703.807369,5.000986,True,ok,430.315151,61.141041
outliers,outliers_n200_m2_r01.txt,data\mtsp\generated_multifamily\outliers_n200_m2_r01.txt,200,2,2opt+greed,832.9586381871982,0.000859,True,ortools-gls,703.807369,5.000986,True,ok,129.151269,18.350372
outliers,outliers_n200_m2_r01.txt,data\mtsp\generated_multifamily\outliers_n200_m2_r01.txt,200,2,lkh-wrapper-v2,688.5174056538458,0.049703,True,ortools-gls,703.807369,5.000986,True,ok,-15.289963,-2.172464
outliers,outliers_n200_m2_r01.txt,data\mtsp\generated_multifamily\outliers_n200_m2_r01.txt,200,2,lkh-wrapper-v3,690.3405884372885,0.046413,True,ortools-gls,703.807369,5.000986,True,ok,-13.466781,-1.913419
outliers,outliers_n200_m3_r01.txt,data\mtsp\generated_multifamily\outliers_n200_m3_r01.txt,200,3,rand+nn,1640.377685329234,9.4e-05,True,ortools-gls,703.734285,5.000817,True,ok,936.6434,133.096173
outliers,outliers_n200_m3_r01.txt,data\mtsp\generated_multifamily\outliers_n200_m3_r01.txt,200,3,2opt+greed,988.1243948179484,0.000613,True,ortools-gls,703.734285,5.000817,True,ok,284.39011,40.411575
outliers,outliers_n200_m3_r01.txt,data\mtsp\generated_multifamily\outliers_n200_m3_r01.txt,200,3,lkh-wrapper-v2,777.7935497283389,0.031145,True,ortools-gls,703.734285,5.000817,True,ok,74.059265,10.523754
outliers,outliers_n200_m3_r01.txt,data\mtsp\generated_multifamily\outliers_n200_m3_r01.txt,200,3,lkh-wrapper-v3,786.976129788152,0.015177,True,ortools-gls,703.734285,5.000817,True,ok,83.241845,11.82859
outliers,outliers_n200_m5_r01.txt,data\mtsp\generated_multifamily\outliers_n200_m5_r01.txt,200,5,rand+nn,1816.7063036958505,8e-05,True,ortools-gls,683.154824,5.000387,True,ok,1133.55148,165.928929
outliers,outliers_n200_m5_r01.txt,data\mtsp\generated_multifamily\outliers_n200_m5_r01.txt,200,5,2opt+greed,960.5295274724872,0.000386,True,ortools-gls,683.154824,5.000387,True,ok,277.374703,40.602027
outliers,outliers_n200_m5_r01.txt,data\mtsp\generated_multifamily\outliers_n200_m5_r01.txt,200,5,lkh-wrapper-v2,775.4041776616691,0.029409,True,ortools-gls,683.154824,5.000387,True,ok,92.249354,13.503433
outliers,outliers_n200_m5_r01.txt,data\mtsp\generated_multifamily\outliers_n200_m5_r01.txt,200,5,lkh-wrapper-v3,778.6396805770685,0.015332,True,ortools-gls,683.154824,5.000387,True,ok,95.484857,13.977045
outliers,outliers_n20_m2_r01.txt,data\mtsp\generated_multifamily\outliers_n20_m2_r01.txt,20,2,rand+nn,77.16828754315776,2e-05,True,ortools-gls,40.940981,5.000129,True,ok,36.227307,88.486661
outliers,outliers_n20_m2_r01.txt,data\mtsp\generated_multifamily\outliers_n20_m2_r01.txt,20,2,2opt+greed,52.46789765247745,3.5e-05,True,ortools-gls,40.940981,5.000129,True,ok,11.526917,28.15496
outliers,outliers_n20_m2_r01.txt,data\mtsp\generated_multifamily\outliers_n20_m2_r01.txt,20,2,lkh-wrapper-v2,45.22753458223471,0.000503,True,ortools-gls,40.940981,5.000129,True,ok,4.286554,10.470081
outliers,outliers_n20_m2_r01.txt,data\mtsp\generated_multifamily\outliers_n20_m2_r01.txt,20,2,lkh-wrapper-v3,45.22753458223471,0.000358,True,ortools-gls,40.940981,5.000129,True,ok,4.286554,10.470081
outliers,outliers_n20_m3_r01.txt,data\mtsp\generated_multifamily\outliers_n20_m3_r01.txt,20,3,rand+nn,93.63403696539253,3.5e-05,True,ortools-gls,39.730715,5.000884,True,ok,53.903322,135.671664
outliers,outliers_n20_m3_r01.txt,data\mtsp\generated_multifamily\outliers_n20_m3_r01.txt,20,3,2opt+greed,70.06384800044324,2.4e-05,True,ortools-gls,39.730715,5.000884,True,ok,30.333133,76.346809
outliers,outliers_n20_m3_r01.txt,data\mtsp\generated_multifamily\outliers_n20_m3_r01.txt,20,3,lkh-wrapper-v2,47.434064306729205,0.000285,True,ortools-gls,39.730715,5.000884,True,ok,7.703349,19.388901
outliers,outliers_n20_m3_r01.txt,data\mtsp\generated_multifamily\outliers_n20_m3_r01.txt,20,3,lkh-wrapper-v3,47.434064306729205,0.000269,True,ortools-gls,39.730715,5.000884,True,ok,7.703349,19.388901
outliers,outliers_n20_m5_r01.txt,data\mtsp\generated_multifamily\outliers_n20_m5_r01.txt,20,5,rand+nn,129.34541240014872,2.2e-05,True,ortools-gls,42.426809,5.000094,True,ok,86.918603,204.86717
outliers,outliers_n20_m5_r01.txt,data\mtsp\generated_multifamily\outliers_n20_m5_r01.txt,20,5,2opt+greed,100.33321686084956,3.1e-05,True,ortools-gls,42.426809,5.000094,True,ok,57.906408,136.485419
outliers,outliers_n20_m5_r01.txt,data\mtsp\generated_multifamily\outliers_n20_m5_r01.txt,20,5,lkh-wrapper-v2,56.35097871622827,0.000692,True,ortools-gls,42.426809,5.000094,True,ok,13.92417,32.819272
outliers,outliers_n20_m5_r01.txt,data\mtsp\generated_multifamily\outliers_n20_m5_r01.txt,20,5,lkh-wrapper-v3,63.89641612927085,0.000525,True,ortools-gls,42.426809,5.000094,True,ok,21.469607,50.603869
outliers,outliers_n500_m2_r01.txt,data\mtsp\generated_multifamily\outliers_n500_m2_r01.txt,500,2,rand+nn,4251.056820702138,0.000322,True,tsp-transform-lkh,2446.492576,0.275138,True,ok,1804.564245,73.76128
outliers,outliers_n500_m2_r01.txt,data\mtsp\generated_multifamily\outliers_n500_m2_r01.txt,500,2,2opt+greed,2849.96233393456,0.004047,True,tsp-transform-lkh,2446.492576,0.275138,True,ok,403.469758,16.491763
outliers,outliers_n500_m2_r01.txt,data\mtsp\generated_multifamily\outliers_n500_m2_r01.txt,500,2,lkh-wrapper-v2,2627.6139259606634,0.631995,True,tsp-transform-lkh,2446.492576,0.275138,True,ok,181.12135,7.403307
outliers,outliers_n500_m2_r01.txt,data\mtsp\generated_multifamily\outliers_n500_m2_r01.txt,500,2,lkh-wrapper-v3,2605.606782211453,0.835974,True,tsp-transform-lkh,2446.492576,0.275138,True,ok,159.114206,6.503768
outliers,outliers_n500_m3_r01.txt,data\mtsp\generated_multifamily\outliers_n500_m3_r01.txt,500,3,rand+nn,5050.941529060177,0.0003,True,tsp-transform-lkh,2489.124676,0.283556,True,ok,2561.816853,102.920391
outliers,outliers_n500_m3_r01.txt,data\mtsp\generated_multifamily\outliers_n500_m3_r01.txt,500,3,2opt+greed,3016.5147512230624,0.002605,True,tsp-transform-lkh,2489.124676,0.283556,True,ok,527.390075,21.187773
outliers,outliers_n500_m3_r01.txt,data\mtsp\generated_multifamily\outliers_n500_m3_r01.txt,500,3,lkh-wrapper-v2,2410.190134519912,0.685381,True,tsp-transform-lkh,2489.124676,0.283556,True,ok,-78.934541,-3.171177
outliers,outliers_n500_m3_r01.txt,data\mtsp\generated_multifamily\outliers_n500_m3_r01.txt,500,3,lkh-wrapper-v3,2497.4457359736607,0.166614,True,tsp-transform-lkh,2489.124676,0.283556,True,ok,8.32106,0.334297
outliers,outliers_n500_m5_r01.txt,data\mtsp\generated_multifamily\outliers_n500_m5_r01.txt,500,5,rand+nn,7682.127763120194,0.000471,True,ortools-gls,2650.033172,5.002012,True,ok,5032.094591,189.887985
outliers,outliers_n500_m5_r01.txt,data\mtsp\generated_multifamily\outliers_n500_m5_r01.txt,500,5,2opt+greed,4268.532007448074,0.002003,True,ortools-gls,2650.033172,5.002012,True,ok,1618.498835,61.074663
outliers,outliers_n500_m5_r01.txt,data\mtsp\generated_multifamily\outliers_n500_m5_r01.txt,500,5,lkh-wrapper-v2,2843.224080672185,0.716507,True,ortools-gls,2650.033172,5.002012,True,ok,193.190909,7.290132
outliers,outliers_n500_m5_r01.txt,data\mtsp\generated_multifamily\outliers_n500_m5_r01.txt,500,5,lkh-wrapper-v3,2982.625769220989,0.108574,True,ortools-gls,2650.033172,5.002012,True,ok,332.592597,12.550507
outliers,outliers_n50_m2_r01.txt,data\mtsp\generated_multifamily\outliers_n50_m2_r01.txt,50,2,rand+nn,212.90777046859802,3.5e-05,True,ortools-gls,128.758543,5.001006,True,ok,84.149227,65.354286
outliers,outliers_n50_m2_r01.txt,data\mtsp\generated_multifamily\outliers_n50_m2_r01.txt,50,2,2opt+greed,147.4376774654956,5.5e-05,True,ortools-gls,128.758543,5.001006,True,ok,18.679134,14.507103
outliers,outliers_n50_m2_r01.txt,data\mtsp\generated_multifamily\outliers_n50_m2_r01.txt,50,2,lkh-wrapper-v2,150.21901317883396,0.001754,True,ortools-gls,128.758543,5.001006,True,ok,21.46047,16.66722
outliers,outliers_n50_m2_r01.txt,data\mtsp\generated_multifamily\outliers_n50_m2_r01.txt,50,2,lkh-wrapper-v3,151.15753191112697,0.001591,True,ortools-gls,128.758543,5.001006,True,ok,22.398989,17.396119
outliers,outliers_n50_m3_r01.txt,data\mtsp\generated_multifamily\outliers_n50_m3_r01.txt,50,3,rand+nn,297.0625298247556,3.1e-05,True,ortools-gls,125.643977,5.000849,True,ok,171.418553,136.43197
outliers,outliers_n50_m3_r01.txt,data\mtsp\generated_multifamily\outliers_n50_m3_r01.txt,50,3,2opt+greed,205.0453130253445,5.3e-05,True,ortools-gls,125.643977,5.000849,True,ok,79.401336,63.195497
outliers,outliers_n50_m3_r01.txt,data\mtsp\generated_multifamily\outliers_n50_m3_r01.txt,50,3,lkh-wrapper-v2,152.35930973226556,0.001685,True,ortools-gls,125.643977,5.000849,True,ok,26.715333,21.262725
outliers,outliers_n50_m3_r01.txt,data\mtsp\generated_multifamily\outliers_n50_m3_r01.txt,50,3,lkh-wrapper-v3,153.14508795126287,0.001627,True,ortools-gls,125.643977,5.000849,True,ok,27.501111,21.888125
outliers,outliers_n50_m5_r01.txt,data\mtsp\generated_multifamily\outliers_n50_m5_r01.txt,50,5,rand+nn,443.19746287124514,3.3e-05,True,ortools-gls,118.857456,5.000894,True,ok,324.340007,272.881498
outliers,outliers_n50_m5_r01.txt,data\mtsp\generated_multifamily\outliers_n50_m5_r01.txt,50,5,2opt+greed,307.2248743699954,4.3e-05,True,ortools-gls,118.857456,5.000894,True,ok,188.367418,158.481785
outliers,outliers_n50_m5_r01.txt,data\mtsp\generated_multifamily\outliers_n50_m5_r01.txt,50,5,lkh-wrapper-v2,148.19883532792528,0.002696,True,ortools-gls,118.857456,5.000894,True,ok,29.341379,24.686191
outliers,outliers_n50_m5_r01.txt,data\mtsp\generated_multifamily\outliers_n50_m5_r01.txt,50,5,lkh-wrapper-v3,144.10388900965717,0.001342,True,ortools-gls,118.857456,5.000894,True,ok,25.246433,21.240933
uniform,uniform_n1000_m3_r01.txt,data\mtsp\generated_multifamily\uniform_n1000_m3_r01.txt,1000,3,rand+nn,25437.119472642225,0.00096,True,tsp-transform-lkh,12596.260075,1.125554,True,ok,12840.859398,101.941841
uniform,uniform_n1000_m3_r01.txt,data\mtsp\generated_multifamily\uniform_n1000_m3_r01.txt,1000,3,2opt+greed,14820.126693703722,0.017838,True,tsp-transform-lkh,12596.260075,1.125554,True,ok,2223.866619,17.654975
uniform,uniform_n1000_m3_r01.txt,data\mtsp\generated_multifamily\uniform_n1000_m3_r01.txt,1000,3,lkh-wrapper-v2,13339.959305986511,12.385038,True,tsp-transform-lkh,12596.260075,1.125554,True,ok,743.699231,5.904127
uniform,uniform_n1000_m3_r01.txt,data\mtsp\generated_multifamily\uniform_n1000_m3_r01.txt,1000,3,lkh-wrapper-v3,13330.443241540426,5.741278,True,tsp-transform-lkh,12596.260075,1.125554,True,ok,734.183167,5.828581
uniform,uniform_n1000_m5_r01.txt,data\mtsp\generated_multifamily\uniform_n1000_m5_r01.txt,1000,5,rand+nn,33892.313894508676,0.00137,True,tsp-transform-lkh,12349.028878,1.063057,True,ok,21543.285017,174.453273
uniform,uniform_n1000_m5_r01.txt,data\mtsp\generated_multifamily\uniform_n1000_m5_r01.txt,1000,5,2opt+greed,16881.45564364888,0.015493,True,tsp-transform-lkh,12349.028878,1.063057,True,ok,4532.426766,36.702698
uniform,uniform_n1000_m5_r01.txt,data\mtsp\generated_multifamily\uniform_n1000_m5_r01.txt,1000,5,lkh-wrapper-v2,13996.689990315796,15.736722,True,tsp-transform-lkh,12349.028878,1.063057,True,ok,1647.661112,13.342435
uniform,uniform_n1000_m5_r01.txt,data\mtsp\generated_multifamily\uniform_n1000_m5_r01.txt,1000,5,lkh-wrapper-v3,13635.505502105418,2.77007,True,tsp-transform-lkh,12349.028878,1.063057,True,ok,1286.476624,10.417634
uniform,uniform_n1000_m7_r01.txt,data\mtsp\generated_multifamily\uniform_n1000_m7_r01.txt,1000,7,rand+nn,39427.926051955845,0.00083,True,tsp-transform-lkh,12424.382636,1.275093,True,ok,27003.543416,217.343141
uniform,uniform_n1000_m7_r01.txt,data\mtsp\generated_multifamily\uniform_n1000_m7_r01.txt,1000,7,2opt+greed,16930.08882836686,0.010431,True,tsp-transform-lkh,12424.382636,1.275093,True,ok,4505.706192,36.265031
uniform,uniform_n1000_m7_r01.txt,data\mtsp\generated_multifamily\uniform_n1000_m7_r01.txt,1000,7,lkh-wrapper-v2,14233.511858488615,13.720269,True,tsp-transform-lkh,12424.382636,1.275093,True,ok,1809.129222,14.56112
uniform,uniform_n1000_m7_r01.txt,data\mtsp\generated_multifamily\uniform_n1000_m7_r01.txt,1000,7,lkh-wrapper-v3,14468.404970608088,3.624874,True,tsp-transform-lkh,12424.382636,1.275093,True,ok,2044.022335,16.451701
uniform,uniform_n100_m2_r01.txt,data\mtsp\generated_multifamily\uniform_n100_m2_r01.txt,100,2,rand+nn,763.4902596719218,4.6e-05,True,ortools-gls,415.025483,5.000119,True,ok,348.464777,83.96226
uniform,uniform_n100_m2_r01.txt,data\mtsp\generated_multifamily\uniform_n100_m2_r01.txt,100,2,2opt+greed,461.316171333188,0.000224,True,ortools-gls,415.025483,5.000119,True,ok,46.290688,11.153698
uniform,uniform_n100_m2_r01.txt,data\mtsp\generated_multifamily\uniform_n100_m2_r01.txt,100,2,lkh-wrapper-v2,436.4104674374208,0.004055,True,ortools-gls,415.025483,5.000119,True,ok,21.384984,5.152692
uniform,uniform_n100_m2_r01.txt,data\mtsp\generated_multifamily\uniform_n100_m2_r01.txt,100,2,lkh-wrapper-v3,433.728830934939,0.005284,True,ortools-gls,415.025483,5.000119,True,ok,18.703348,4.506554
uniform,uniform_n100_m3_r01.txt,data\mtsp\generated_multifamily\uniform_n100_m3_r01.txt,100,3,rand+nn,894.021277342664,4.6e-05,True,tsp-transform-lkh,412.801739,0.075832,True,ok,481.219538,116.574009
uniform,uniform_n100_m3_r01.txt,data\mtsp\generated_multifamily\uniform_n100_m3_r01.txt,100,3,2opt+greed,637.0169493805101,0.0002,True,tsp-transform-lkh,412.801739,0.075832,True,ok,224.21521,54.315471
uniform,uniform_n100_m3_r01.txt,data\mtsp\generated_multifamily\uniform_n100_m3_r01.txt,100,3,lkh-wrapper-v2,454.3841595603457,0.015612,True,tsp-transform-lkh,412.801739,0.075832,True,ok,41.582421,10.073218
uniform,uniform_n100_m3_r01.txt,data\mtsp\generated_multifamily\uniform_n100_m3_r01.txt,100,3,lkh-wrapper-v3,454.3474365101769,0.011218,True,tsp-transform-lkh,412.801739,0.075832,True,ok,41.545698,10.064322
uniform,uniform_n100_m5_r01.txt,data\mtsp\generated_multifamily\uniform_n100_m5_r01.txt,100,5,rand+nn,1055.6983354618676,6.3e-05,True,ortools-gls,424.430883,5.000842,True,ok,631.267452,148.732686
uniform,uniform_n100_m5_r01.txt,data\mtsp\generated_multifamily\uniform_n100_m5_r01.txt,100,5,2opt+greed,812.7083042994533,0.000126,True,ortools-gls,424.430883,5.000842,True,ok,388.277421,91.481896
uniform,uniform_n100_m5_r01.txt,data\mtsp\generated_multifamily\uniform_n100_m5_r01.txt,100,5,lkh-wrapper-v2,488.9432195599311,0.006246,True,ortools-gls,424.430883,5.000842,True,ok,64.512337,15.199727
uniform,uniform_n100_m5_r01.txt,data\mtsp\generated_multifamily\uniform_n100_m5_r01.txt,100,5,lkh-wrapper-v3,477.6237797208976,0.00513,True,ortools-gls,424.430883,5.000842,True,ok,53.192897,12.532758
uniform,uniform_n200_m2_r01.txt,data\mtsp\generated_multifamily\uniform_n200_m2_r01.txt,200,2,rand+nn,2076.765008445249,8.8e-05,True,tsp-transform-lkh,1120.704602,0.165137,True,ok,956.060406,85.308868
uniform,uniform_n200_m2_r01.txt,data\mtsp\generated_multifamily\uniform_n200_m2_r01.txt,200,2,2opt+greed,1333.1145461021779,0.000499,True,tsp-transform-lkh,1120.704602,0.165137,True,ok,212.409944,18.95325
uniform,uniform_n200_m2_r01.txt,data\mtsp\generated_multifamily\uniform_n200_m2_r01.txt,200,2,lkh-wrapper-v2,1293.7417110460478,0.021152,True,tsp-transform-lkh,1120.704602,0.165137,True,ok,173.037109,15.440028
uniform,uniform_n200_m2_r01.txt,data\mtsp\generated_multifamily\uniform_n200_m2_r01.txt,200,2,lkh-wrapper-v3,1283.2219815935537,0.029696,True,tsp-transform-lkh,1120.704602,0.165137,True,ok,162.51738,14.501357
uniform,uniform_n200_m3_r01.txt,data\mtsp\generated_multifamily\uniform_n200_m3_r01.txt,200,3,rand+nn,2317.2350393259244,9.7e-05,True,tsp-transform-lkh,1101.87953,0.23231,True,ok,1215.355509,110.298402
uniform,uniform_n200_m3_r01.txt,data\mtsp\generated_multifamily\uniform_n200_m3_r01.txt,200,3,2opt+greed,1632.9434127897825,0.000456,True,tsp-transform-lkh,1101.87953,0.23231,True,ok,531.063883,48.196184
uniform,uniform_n200_m3_r01.txt,data\mtsp\generated_multifamily\uniform_n200_m3_r01.txt,200,3,lkh-wrapper-v2,1189.1847761874426,0.08259,True,tsp-transform-lkh,1101.87953,0.23231,True,ok,87.305246,7.923302
uniform,uniform_n200_m3_r01.txt,data\mtsp\generated_multifamily\uniform_n200_m3_r01.txt,200,3,lkh-wrapper-v3,1203.6123247414325,0.030017,True,tsp-transform-lkh,1101.87953,0.23231,True,ok,101.732795,9.23266
uniform,uniform_n200_m5_r01.txt,data\mtsp\generated_multifamily\uniform_n200_m5_r01.txt,200,5,rand+nn,3050.936114958922,7.1e-05,True,ortools-gls,1129.269177,5.00154,True,ok,1921.666938,170.169077
uniform,uniform_n200_m5_r01.txt,data\mtsp\generated_multifamily\uniform_n200_m5_r01.txt,200,5,2opt+greed,1706.9778592383414,0.000539,True,ortools-gls,1129.269177,5.00154,True,ok,577.708682,51.157748
uniform,uniform_n200_m5_r01.txt,data\mtsp\generated_multifamily\uniform_n200_m5_r01.txt,200,5,lkh-wrapper-v2,1258.3467892955725,0.070779,True,ortools-gls,1129.269177,5.00154,True,ok,129.077612,11.43019
uniform,uniform_n200_m5_r01.txt,data\mtsp\generated_multifamily\uniform_n200_m5_r01.txt,200,5,lkh-wrapper-v3,1314.7527154204708,0.034511,True,ortools-gls,1129.269177,5.00154,True,ok,185.483538,16.425095
uniform,uniform_n20_m2_r01.txt,data\mtsp\generated_multifamily\uniform_n20_m2_r01.txt,20,2,rand+nn,71.76642386508152,2.1e-05,True,ortools-gls,41.100265,5.000185,True,ok,30.666159,74.613044
uniform,uniform_n20_m2_r01.txt,data\mtsp\generated_multifamily\uniform_n20_m2_r01.txt,20,2,2opt+greed,57.56357929400181,2.3e-05,True,ortools-gls,41.100265,5.000185,True,ok,16.463314,40.056467
uniform,uniform_n20_m2_r01.txt,data\mtsp\generated_multifamily\uniform_n20_m2_r01.txt,20,2,lkh-wrapper-v2,47.054747135964,0.000468,True,ortools-gls,41.100265,5.000185,True,ok,5.954482,14.487697
uniform,uniform_n20_m2_r01.txt,data\mtsp\generated_multifamily\uniform_n20_m2_r01.txt,20,2,lkh-wrapper-v3,47.05474713596399,0.000392,True,ortools-gls,41.100265,5.000185,True,ok,5.954482,14.487697
uniform,uniform_n20_m3_r01.txt,data\mtsp\generated_multifamily\uniform_n20_m3_r01.txt,20,3,rand+nn,89.46786734360185,3.1e-05,True,ortools-gls,44.86439,5.00047,True,ok,44.603477,99.418441
uniform,uniform_n20_m3_r01.txt,data\mtsp\generated_multifamily\uniform_n20_m3_r01.txt,20,3,2opt+greed,62.57275803282778,2.2e-05,True,ortools-gls,44.86439,5.00047,True,ok,17.708368,39.470877
uniform,uniform_n20_m3_r01.txt,data\mtsp\generated_multifamily\uniform_n20_m3_r01.txt,20,3,lkh-wrapper-v2,53.93038292093222,0.000368,True,ortools-gls,44.86439,5.00047,True,ok,9.065993,20.207548
uniform,uniform_n20_m3_r01.txt,data\mtsp\generated_multifamily\uniform_n20_m3_r01.txt,20,3,lkh-wrapper-v3,53.93038292093222,0.000333,True,ortools-gls,44.86439,5.00047,True,ok,9.065993,20.207548
uniform,uniform_n20_m5_r01.txt,data\mtsp\generated_multifamily\uniform_n20_m5_r01.txt,20,5,rand+nn,101.67957289285985,2.3e-05,True,ortools-gls,36.828012,5.000568,True,ok,64.851561,176.093027
uniform,uniform_n20_m5_r01.txt,data\mtsp\generated_multifamily\uniform_n20_m5_r01.txt,20,5,2opt+greed,92.31709582262995,2.5e-05,True,ortools-gls,36.828012,5.000568,True,ok,55.489084,150.670864
uniform,uniform_n20_m5_r01.txt,data\mtsp\generated_multifamily\uniform_n20_m5_r01.txt,20,5,lkh-wrapper-v2,44.69350800156887,0.000789,True,ortools-gls,36.828012,5.000568,True,ok,7.865496,21.357373
uniform,uniform_n20_m5_r01.txt,data\mtsp\generated_multifamily\uniform_n20_m5_r01.txt,20,5,lkh-wrapper-v3,50.82205879437332,0.000964,True,ortools-gls,36.828012,5.000568,True,ok,13.994047,37.998377
uniform,uniform_n500_m2_r01.txt,data\mtsp\generated_multifamily\uniform_n500_m2_r01.txt,500,2,rand+nn,7099.979006851128,0.000317,True,tsp-transform-lkh,4443.631037,0.253451,True,ok,2656.34797,59.77877
uniform,uniform_n500_m2_r01.txt,data\mtsp\generated_multifamily\uniform_n500_m2_r01.txt,500,2,2opt+greed,5014.809463983973,0.003464,True,tsp-transform-lkh,4443.631037,0.253451,True,ok,571.178427,12.853867
uniform,uniform_n500_m2_r01.txt,data\mtsp\generated_multifamily\uniform_n500_m2_r01.txt,500,2,lkh-wrapper-v2,4572.740985675656,0.503923,True,tsp-transform-lkh,4443.631037,0.253451,True,ok,129.109949,2.905506
uniform,uniform_n500_m2_r01.txt,data\mtsp\generated_multifamily\uniform_n500_m2_r01.txt,500,2,lkh-wrapper-v3,4629.786228629224,0.220217,True,tsp-transform-lkh,4443.631037,0.253451,True,ok,186.155192,4.189259
uniform,uniform_n500_m3_r01.txt,data\mtsp\generated_multifamily\uniform_n500_m3_r01.txt,500,3,rand+nn,9301.201309911023,0.000276,True,tsp-transform-lkh,4401.692443,0.276707,True,ok,4899.508867,111.309659
uniform,uniform_n500_m3_r01.txt,data\mtsp\generated_multifamily\uniform_n500_m3_r01.txt,500,3,2opt+greed,5058.195873703315,0.002905,True,tsp-transform-lkh,4401.692443,0.276707,True,ok,656.503431,14.914796
uniform,uniform_n500_m3_r01.txt,data\mtsp\generated_multifamily\uniform_n500_m3_r01.txt,500,3,lkh-wrapper-v2,4498.787235496809,1.237134,True,tsp-transform-lkh,4401.692443,0.276707,True,ok,97.094792,2.205851
uniform,uniform_n500_m3_r01.txt,data\mtsp\generated_multifamily\uniform_n500_m3_r01.txt,500,3,lkh-wrapper-v3,4550.936941384737,0.362213,True,tsp-transform-lkh,4401.692443,0.276707,True,ok,149.244498,3.390616
uniform,uniform_n500_m5_r01.txt,data\mtsp\generated_multifamily\uniform_n500_m5_r01.txt,500,5,rand+nn,12119.536600533595,0.000216,True,tsp-transform-lkh,4432.640973,0.283029,True,ok,7686.895628,173.415706
uniform,uniform_n500_m5_r01.txt,data\mtsp\generated_multifamily\uniform_n500_m5_r01.txt,500,5,2opt+greed,6591.231722287125,0.003085,True,tsp-transform-lkh,4432.640973,0.283029,True,ok,2158.590749,48.697622
uniform,uniform_n500_m5_r01.txt,data\mtsp\generated_multifamily\uniform_n500_m5_r01.txt,500,5,lkh-wrapper-v2,5228.328850083907,1.079617,True,tsp-transform-lkh,4432.640973,0.283029,True,ok,795.687877,17.95065
uniform,uniform_n500_m5_r01.txt,data\mtsp\generated_multifamily\uniform_n500_m5_r01.txt,500,5,lkh-wrapper-v3,4912.27843436405,0.205368,True,tsp-transform-lkh,4432.640973,0.283029,True,ok,479.637461,10.82058
uniform,uniform_n50_m2_r01.txt,data\mtsp\generated_multifamily\uniform_n50_m2_r01.txt,50,2,rand+nn,224.91481703063474,3.1e-05,True,tsp-transform-lkh,150.011739,0.042165,True,ok,74.903078,49.931478
uniform,uniform_n50_m2_r01.txt,data\mtsp\generated_multifamily\uniform_n50_m2_r01.txt,50,2,2opt+greed,181.32824810222382,5.9e-05,True,tsp-transform-lkh,150.011739,0.042165,True,ok,31.316509,20.876039
uniform,uniform_n50_m2_r01.txt,data\mtsp\generated_multifamily\uniform_n50_m2_r01.txt,50,2,lkh-wrapper-v2,171.61287853223098,0.004478,True,tsp-transform-lkh,150.011739,0.042165,True,ok,21.60114,14.399633
uniform,uniform_n50_m2_r01.txt,data\mtsp\generated_multifamily\uniform_n50_m2_r01.txt,50,2,lkh-wrapper-v3,167.67779463205383,0.00552,True,tsp-transform-lkh,150.011739,0.042165,True,ok,17.666056,11.776449
uniform,uniform_n50_m3_r01.txt,data\mtsp\generated_multifamily\uniform_n50_m3_r01.txt,50,3,rand+nn,288.2902475049149,2.8e-05,True,ortools-gls,144.432357,5.000656,True,ok,143.857891,99.602259
uniform,uniform_n50_m3_r01.txt,data\mtsp\generated_multifamily\uniform_n50_m3_r01.txt,50,3,2opt+greed,198.26031161701184,5.7e-05,True,ortools-gls,144.432357,5.000656,True,ok,53.827955,37.268626
uniform,uniform_n50_m3_r01.txt,data\mtsp\generated_multifamily\uniform_n50_m3_r01.txt,50,3,lkh-wrapper-v2,160.11465133639047,0.002054,True,ortools-gls,144.432357,5.000656,True,ok,15.682294,10.857881
uniform,uniform_n50_m3_r01.txt,data\mtsp\generated_multifamily\uniform_n50_m3_r01.txt,50,3,lkh-wrapper-v3,163.08556053481178,0.001883,True,ortools-gls,144.432357,5.000656,True,ok,18.653204,12.914837
uniform,uniform_n50_m5_r01.txt,data\mtsp\generated_multifamily\uniform_n50_m5_r01.txt,50,5,rand+nn,411.7759904352275,4e-05,True,ortools-gls,154.076264,5.000759,True,ok,257.699726,167.254656
uniform,uniform_n50_m5_r01.txt,data\mtsp\generated_multifamily\uniform_n50_m5_r01.txt,50,5,2opt+greed,242.845040852638,4.9e-05,True,ortools-gls,154.076264,5.000759,True,ok,88.768777,57.613532
uniform,uniform_n50_m5_r01.txt,data\mtsp\generated_multifamily\uniform_n50_m5_r01.txt,50,5,lkh-wrapper-v2,188.54819876620138,0.002143,True,ortools-gls,154.076264,5.000759,True,ok,34.471935,22.373294
uniform,uniform_n50_m5_r01.txt,data\mtsp\generated_multifamily\uniform_n50_m5_r01.txt,50,5,lkh-wrapper-v3,186.39788699803856,0.001576,True,ortools-gls,154.076264,5.000759,True,ok,32.321623,20.977678
