instance_family,node_count,salesman_count,solver,runs,valid_runs,best_baseline_valid_runs,avg_objective,avg_time_seconds,avg_best_baseline_objective,avg_best_baseline_time_seconds,avg_objective_gap,avg_relative_gap_percent,better_than_best_baseline_runs
uniform,20,2,2opt+greed,1,1,1,57.563579,2.3e-05,41.100265,5.000185,16.463314,40.056467,0
uniform,20,2,lkh-wrapper-v2,1,1,1,47.054747,0.000468,41.100265,5.000185,5.954482,14.487697,0
uniform,20,2,lkh-wrapper-v3,1,1,1,47.054747,0.000392,41.100265,5.000185,5.954482,14.487697,0
uniform,20,2,rand+nn,1,1,1,71.766424,2.1e-05,41.100265,5.000185,30.666159,74.613044,0
uniform,20,3,2opt+greed,1,1,1,62.572758,2.2e-05,44.86439,5.00047,17.708368,39.470877,0
uniform,20,3,lkh-wrapper-v2,1,1,1,53.930383,0.000368,44.86439,5.00047,9.065993,20.207548,0
uniform,20,3,lkh-wrapper-v3,1,1,1,53.930383,0.000333,44.86439,5.00047,9.065993,20.207548,0
uniform,20,3,rand+nn,1,1,1,89.467867,3.1e-05,44.86439,5.00047,44.603477,99.418441,0
uniform,20,5,2opt+greed,1,1,1,92.317096,2.5e-05,36.828012,5.000568,55.489084,150.670864,0
uniform,20,5,lkh-wrapper-v2,1,1,1,44.693508,0.000789,36.828012,5.000568,7.865496,21.357373,0
uniform,20,5,lkh-wrapper-v3,1,1,1,50.822059,0.000964,36.828012,5.000568,13.994047,37.998377,0
uniform,20,5,rand+nn,1,1,1,101.679573,2.3e-05,36.828012,5.000568,64.851561,176.093027,0
uniform,50,2,2opt+greed,1,1,1,181.328248,5.9e-05,150.011739,0.042165,31.316509,20.876039,0
uniform,50,2,lkh-wrapper-v2,1,1,1,171.612879,0.004478,150.011739,0.042165,21.60114,14.399633,0
uniform,50,2,lkh-wrapper-v3,1,1,1,167.677795,0.00552,150.011739,0.042165,17.666056,11.776449,0
uniform,50,2,rand+nn,1,1,1,224.914817,3.1e-05,150.011739,0.042165,74.903078,49.931478,0
uniform,50,3,2opt+greed,1,1,1,198.260312,5.7e-05,144.432357,5.000656,53.827955,37.268626,0
uniform,50,3,lkh-wrapper-v2,1,1,1,160.114651,0.002054,144.432357,5.000656,15.682294,10.857881,0
uniform,50,3,lkh-wrapper-v3,1,1,1,163.085561,0.001883,144.432357,5.000656,18.653204,12.914837,0
uniform,50,3,rand+nn,1,1,1,288.290248,2.8e-05,144.432357,5.000656,143.857891,99.602259,0
uniform,50,5,2opt+greed,1,1,1,242.845041,4.9e-05,154.076264,5.000759,88.768777,57.613532,0
uniform,50,5,lkh-wrapper-v2,1,1,1,188.548199,0.002143,154.076264,5.000759,34.471935,22.373294,0
uniform,50,5,lkh-wrapper-v3,1,1,1,186.397887,0.001576,154.076264,5.000759,32.321623,20.977678,0
uniform,50,5,rand+nn,1,1,1,411.77599,4e-05,154.076264,5.000759,257.699726,167.254656,0
uniform,100,2,2opt+greed,1,1,1,461.316171,0.000224,415.025483,5.000119,46.290688,11.153698,0
uniform,100,2,lkh-wrapper-v2,1,1,1,436.410467,0.004055,415.025483,5.000119,21.384984,5.152692,0
uniform,100,2,lkh-wrapper-v3,1,1,1,433.728831,0.005284,415.025483,5.000119,18.703348,4.506554,0
uniform,100,2,rand+nn,1,1,1,763.49026,4.6e-05,415.025483,5.000119,348.464777,83.96226,0
uniform,100,3,2opt+greed,1,1,1,637.016949,0.0002,412.801739,0.075832,224.21521,54.315471,0
uniform,100,3,lkh-wrapper-v2,1,1,1,454.38416,0.015612,412.801739,0.075832,41.582421,10.073218,0
uniform,100,3,lkh-wrapper-v3,1,1,1,454.347437,0.011218,412.801739,0.075832,41.545698,10.064322,0
uniform,100,3,rand+nn,1,1,1,894.021277,4.6e-05,412.801739,0.075832,481.219538,116.574009,0
uniform,100,5,2opt+greed,1,1,1,812.708304,0.000126,424.430883,5.000842,388.277421,91.481896,0
uniform,100,5,lkh-wrapper-v2,1,1,1,488.94322,0.006246,424.430883,5.000842,64.512337,15.199727,0
uniform,100,5,lkh-wrapper-v3,1,1,1,477.62378,0.00513,424.430883,5.000842,53.192897,12.532758,0
uniform,100,5,rand+nn,1,1,1,1055.698335,6.3e-05,424.430883,5.000842,631.267452,148.732686,0
uniform,200,2,2opt+greed,1,1,1,1333.114546,0.000499,1120.704602,0.165137,212.409944,18.95325,0
uniform,200,2,lkh-wrapper-v2,1,1,1,1293.741711,0.021152,1120.704602,0.165137,173.037109,15.440028,0
uniform,200,2,lkh-wrapper-v3,1,1,1,1283.221982,0.029696,1120.704602,0.165137,162.51738,14.501357,0
uniform,200,2,rand+nn,1,1,1,2076.765008,8.8e-05,1120.704602,0.165137,956.060406,85.308868,0
uniform,200,3,2opt+greed,1,1,1,1632.943413,0.000456,1101.87953,0.23231,531.063883,48.196184,0
uniform,200,3,lkh-wrapper-v2,1,1,1,1189.184776,0.08259,1101.87953,0.23231,87.305246,7.923302,0
uniform,200,3,lkh-wrapper-v3,1,1,1,1203.612325,0.030017,1101.87953,0.23231,101.732795,9.23266,0
uniform,200,3,rand+nn,1,1,1,2317.235039,9.7e-05,1101.87953,0.23231,1215.355509,110.298402,0
uniform,200,5,2opt+greed,1,1,1,1706.977859,0.000539,1129.269177,5.00154,577.708682,51.157748,0
uniform,200,5,lkh-wrapper-v2,1,1,1,1258.346789,0.070779,1129.269177,5.00154,129.077612,11.43019,0
uniform,200,5,lkh-wrapper-v3,1,1,1,1314.752715,0.034511,1129.269177,5.00154,185.483538,16.425095,0
uniform,200,5,rand+nn,1,1,1,3050.936115,7.1e-05,1129.269177,5.00154,1921.666938,170.169077,0
uniform,500,2,2opt+greed,1,1,1,5014.809464,0.003464,4443.631037,0.253451,571.178427,12.853867,0
uniform,500,2,lkh-wrapper-v2,1,1,1,4572.740986,0.503923,4443.631037,0.253451,129.109949,2.905506,0
uniform,500,2,lkh-wrapper-v3,1,1,1,4629.786229,0.220217,4443.631037,0.253451,186.155192,4.189259,0
uniform,500,2,rand+nn,1,1,1,7099.979007,0.000317,4443.631037,0.253451,2656.34797,59.77877,0
uniform,500,3,2opt+greed,1,1,1,5058.195874,0.002905,4401.692443,0.276707,656.503431,14.914796,0
uniform,500,3,lkh-wrapper-v2,1,1,1,4498.787235,1.237134,4401.692443,0.276707,97.094792,2.205851,0
uniform,500,3,lkh-wrapper-v3,1,1,1,4550.936941,0.362213,4401.692443,0.276707,149.244498,3.390616,0
uniform,500,3,rand+nn,1,1,1,9301.20131,0.000276,4401.692443,0.276707,4899.508867,111.309659,0
uniform,500,5,2opt+greed,1,1,1,6591.231722,0.003085,4432.640973,0.283029,2158.590749,48.697622,0
uniform,500,5,lkh-wrapper-v2,1,1,1,5228.32885,1.079617,4432.640973,0.283029,795.687877,17.95065,0
uniform,500,5,lkh-wrapper-v3,1,1,1,4912.278434,0.205368,4432.640973,0.283029,479.637461,10.82058,0
uniform,500,5,rand+nn,1,1,1,12119.536601,0.000216,4432.640973,0.283029,7686.895628,173.415706,0
uniform,1000,3,2opt+greed,1,1,1,14820.126694,0.017838,12596.260075,1.125554,2223.866619,17.654975,0
uniform,1000,3,lkh-wrapper-v2,1,1,1,13339.959306,12.385038,12596.260075,1.125554,743.699231,5.904127,0
uniform,1000,3,lkh-wrapper-v3,1,1,1,13330.443242,5.741278,12596.260075,1.125554,734.183167,5.828581,0
uniform,1000,3,rand+nn,1,1,1,25437.119473,0.00096,12596.260075,1.125554,12840.859398,101.941841,0
uniform,1000,5,2opt+greed,1,1,1,16881.455644,0.015493,12349.028878,1.063057,4532.426766,36.702698,0
uniform,1000,5,lkh-wrapper-v2,1,1,1,13996.68999,15.736722,12349.028878,1.063057,1647.661112,13.342435,0
uniform,1000,5,lkh-wrapper-v3,1,1,1,13635.505502,2.77007,12349.028878,1.063057,1286.476624,10.417634,0
uniform,1000,5,rand+nn,1,1,1,33892.313895,0.00137,12349.028878,1.063057,21543.285017,174.453273,0
uniform,1000,7,2opt+greed,1,1,1,16930.088828,0.010431,12424.382636,1.275093,4505.706192,36.265031,0
uniform,1000,7,lkh-wrapper-v2,1,1,1,14233.511858,13.720269,12424.382636,1.275093,1809.129222,14.56112,0
uniform,1000,7,lkh-wrapper-v3,1,1,1,14468.404971,3.624874,12424.382636,1.275093,2044.022335,16.451701,0
uniform,1000,7,rand+nn,1,1,1,39427.926052,0.00083,12424.382636,1.275093,27003.543416,217.343141,0
clustered-center,20,2,2opt+greed,1,1,1,63.727055,3.9e-05,44.745373,5.000035,18.981682,42.421553,0
clustered-center,20,2,lkh-wrapper-v2,1,1,1,49.758306,0.000442,44.745373,5.000035,5.012933,11.203243,0
clustered-center,20,2,lkh-wrapper-v3,1,1,1,49.758306,0.000351,44.745373,5.000035,5.012933,11.203243,0
clustered-center,20,2,rand+nn,1,1,1,80.45529,1.9e-05,44.745373,5.000035,35.709917,79.806949,0
clustered-center,20,3,2opt+greed,1,1,1,88.54031,2.2e-05,43.877905,5.001516,44.662405,101.787916,0
clustered-center,20,3,lkh-wrapper-v2,1,1,1,53.520778,0.000351,43.877905,5.001516,9.642873,21.976603,0
clustered-center,20,3,lkh-wrapper-v3,1,1,1,53.520778,0.000296,43.877905,5.001516,9.642873,21.976603,0
clustered-center,20,3,rand+nn,1,1,1,112.439588,3.2e-05,43.877905,5.001516,68.561683,156.255598,0
clustered-center,20,5,2opt+greed,1,1,1,99.921589,2.5e-05,38.744569,5.000544,61.17702,157.898311,0
clustered-center,20,5,lkh-wrapper-v2,1,1,1,44.659719,0.000615,38.744569,5.000544,5.91515,15.267043,0
clustered-center,20,5,lkh-wrapper-v3,1,1,1,44.659719,0.000457,38.744569,5.000544,5.91515,15.267043,0
clustered-center,20,5,rand+nn,1,1,1,127.404112,2.3e-05,38.744569,5.000544,88.659543,228.830892,0
clustered-center,50,2,2opt+greed,1,1,1,175.79265,5.6e-05,122.765884,4.999964,53.026766,43.193405,0
clustered-center,50,2,lkh-wrapper-v2,1,1,1,143.474983,0.003458,122.765884,4.999964,20.709099,16.868774,0
clustered-center,50,2,lkh-wrapper-v3,1,1,1,143.795147,0.00154,122.765884,4.999964,21.029263,17.129566,0
clustered-center,50,2,rand+nn,1,1,1,215.38539,3e-05,122.765884,4.999964,92.619506,75.44401,0
clustered-center,50,3,2opt+greed,1,1,1,203.042191,6e-05,126.387072,4.999979,76.655119,60.651076,0
clustered-center,50,3,lkh-wrapper-v2,1,1,1,148.338563,0.002659,126.387072,4.999979,21.951491,17.368462,0
clustered-center,50,3,lkh-wrapper-v3,1,1,1,148.213061,0.002706,126.387072,4.999979,21.825989,17.269163,0
clustered-center,50,3,rand+nn,1,1,1,291.151934,3.8e-05,126.387072,4.999979,164.764862,130.365281,0
clustered-center,50,5,2opt+greed,1,1,1,316.198869,5.2e-05,115.376314,5.000338,200.822555,174.058737,0
clustered-center,50,5,lkh-wrapper-v2,1,1,1,147.697518,0.002839,115.376314,5.000338,32.321204,28.013726,0
clustered-center,50,5,lkh-wrapper-v3,1,1,1,148.261137,0.001566,115.376314,5.000338,32.884823,28.502231,0
clustered-center,50,5,rand+nn,1,1,1,431.681531,3.1e-05,115.376314,5.000338,316.305217,274.150912,0
clustered-center,100,2,2opt+greed,1,1,1,354.975624,0.000202,235.176596,5.000621,119.799028,50.94003,0
clustered-center,100,2,lkh-wrapper-v2,1,1,1,241.659906,0.004741,235.176596,5.000621,6.48331,2.756784,0
clustered-center,100,2,lkh-wrapper-v3,1,1,1,241.103859,0.00514,235.176596,5.000621,5.927263,2.520346,0
clustered-center,100,2,rand+nn,1,1,1,391.839938,4.5e-05,235.176596,5.000621,156.663342,66.615192,0
clustered-center,100,3,2opt+greed,1,1,1,413.114649,0.000226,248.291092,5.000799,164.823557,66.383194,0
clustered-center,100,3,lkh-wrapper-v2,1,1,1,268.337291,0.005648,248.291092,5.000799,20.046199,8.073668,0
clustered-center,100,3,lkh-wrapper-v3,1,1,1,266.967263,0.003934,248.291092,5.000799,18.676171,7.521885,0
clustered-center,100,3,rand+nn,1,1,1,603.526857,4.3e-05,248.291092,5.000799,355.235765,143.072296,0
clustered-center,100,5,2opt+greed,1,1,1,552.750168,0.000124,249.114022,5.000539,303.636146,121.886413,0
clustered-center,100,5,lkh-wrapper-v2,1,1,1,324.746453,0.010718,249.114022,5.000539,75.632431,30.360568,0
clustered-center,100,5,lkh-wrapper-v3,1,1,1,347.844827,0.006681,249.114022,5.000539,98.730805,39.632777,0
clustered-center,100,5,rand+nn,1,1,1,856.641308,4.5e-05,249.114022,5.000539,607.527286,243.875187,0
clustered-center,200,2,2opt+greed,1,1,1,368.3072,0.000658,296.181468,5.000852,72.125732,24.351872,0
clustered-center,200,2,lkh-wrapper-v2,1,1,1,303.402859,0.020078,296.181468,5.000852,7.221391,2.438164,0
clustered-center,200,2,lkh-wrapper-v3,1,1,1,299.761805,0.015127,296.181468,5.000852,3.580337,1.208832,0
clustered-center,200,2,rand+nn,1,1,1,536.233986,8.9e-05,296.181468,5.000852,240.052518,81.049135,0
clustered-center,200,3,2opt+greed,1,1,1,549.078739,0.000387,305.354597,5.000644,243.724142,79.816759,0
clustered-center,200,3,lkh-wrapper-v2,1,1,1,312.047035,0.025076,305.354597,5.000644,6.692438,2.191694,0
clustered-center,200,3,lkh-wrapper-v3,1,1,1,311.849175,0.013452,305.354597,5.000644,6.494578,2.126897,0
clustered-center,200,3,rand+nn,1,1,1,735.854341,7.8e-05,305.354597,5.000644,430.499744,140.983548,0
clustered-center,200,5,2opt+greed,1,1,1,651.492507,0.000492,335.034743,5.000539,316.457764,94.455208,0
clustered-center,200,5,lkh-wrapper-v2,1,1,1,373.939293,0.028757,335.034743,5.000539,38.90455,11.612094,0
clustered-center,200,5,lkh-wrapper-v3,1,1,1,375.489491,0.013496,335.034743,5.000539,40.454748,12.074792,0
clustered-center,200,5,rand+nn,1,1,1,1068.894049,7.8e-05,335.034743,5.000539,733.859306,219.039763,0
clustered-center,500,2,2opt+greed,1,1,1,1351.981451,0.00417,1041.766363,5.001087,310.215088,29.777798,0
clustered-center,500,2,lkh-wrapper-v2,1,1,1,1033.312334,0.248687,1041.766363,5.001087,-8.454029,-0.811509,1
clustered-center,500,2,lkh-wrapper-v3,1,1,1,1033.756885,0.118118,1041.766363,5.001087,-8.009478,-0.768836,1
clustered-center,500,2,rand+nn,1,1,1,1881.11239,0.000324,1041.766363,5.001087,839.346027,80.569507,0
clustered-center,500,3,2opt+greed,1,1,1,1603.110348,0.00211,1080.086405,5.000934,523.023943,48.424269,0
clustered-center,500,3,lkh-wrapper-v2,1,1,1,1040.916,0.338444,1080.086405,5.000934,-39.170405,-3.626599,1
clustered-center,500,3,lkh-wrapper-v3,1,1,1,1057.479193,0.066585,1080.086405,5.000934,-22.607212,-2.093093,1
clustered-center,500,3,rand+nn,1,1,1,2355.189563,0.000257,1080.086405,5.000934,1275.103158,118.055662,0
clustered-center,500,5,2opt+greed,1,1,1,2095.265347,0.00199,1205.83123,5.000525,889.434117,73.761078,0
clustered-center,500,5,lkh-wrapper-v2,1,1,1,1273.103344,0.381747,1205.83123,5.000525,67.272114,5.5789,0
clustered-center,500,5,lkh-wrapper-v3,1,1,1,1266.238493,0.054747,1205.83123,5.000525,60.407263,5.009595,0
clustered-center,500,5,rand+nn,1,1,1,3608.929737,0.000322,1205.83123,5.000525,2403.098507,199.289788,0
clustered-center,1000,3,2opt+greed,1,1,1,3955.030828,0.015367,3335.625776,1.226521,619.405052,18.569381,0
clustered-center,1000,3,lkh-wrapper-v2,1,1,1,3214.801986,2.544988,3335.625776,1.226521,-120.82379,-3.622223,1
clustered-center,1000,3,lkh-wrapper-v3,1,1,1,3227.650724,0.739601,3335.625776,1.226521,-107.975052,-3.237025,1
clustered-center,1000,3,rand+nn,1,1,1,6799.669318,0.001523,3335.625776,1.226521,3464.043542,103.849885,0
clustered-center,1000,5,2opt+greed,1,1,1,5026.595117,0.012,3472.404292,5.00174,1554.190825,44.758349,0
clustered-center,1000,5,lkh-wrapper-v2,1,1,1,3307.827614,3.068282,3472.404292,5.00174,-164.576678,-4.73956,1
clustered-center,1000,5,lkh-wrapper-v3,1,1,1,3314.017393,0.234575,3472.404292,5.00174,-158.386899,-4.561304,1
clustered-center,1000,5,rand+nn,1,1,1,9511.20608,0.002661,3472.404292,5.00174,6038.801788,173.908372,0
clustered-center,1000,7,2opt+greed,1,1,1,5755.324768,0.007238,3398.734214,5.0025,2356.590554,69.3373,0
clustered-center,1000,7,lkh-wrapper-v2,1,1,1,3503.177318,10.641077,3398.734214,5.0025,104.443104,3.073,0
clustered-center,1000,7,lkh-wrapper-v3,1,1,1,3318.582621,0.251277,3398.734214,5.0025,-80.151593,-2.358278,1
clustered-center,1000,7,rand+nn,1,1,1,11775.341896,0.000866,3398.734214,5.0025,8376.607682,246.46257,0
clustered-offset-depot,20,2,2opt+greed,1,1,1,68.396762,2.3e-05,40.038831,5.000404,28.357931,70.826071,0
clustered-offset-depot,20,2,lkh-wrapper-v2,1,1,1,54.536331,0.000552,40.038831,5.000404,14.4975,36.2086,0
clustered-offset-depot,20,2,lkh-wrapper-v3,1,1,1,54.536331,0.00053,40.038831,5.000404,14.4975,36.2086,0
clustered-offset-depot,20,2,rand+nn,1,1,1,69.894847,3.7e-05,40.038831,5.000404,29.856016,74.567652,0
clustered-offset-depot,20,3,2opt+greed,1,1,1,78.525284,2.8e-05,36.814266,5.000442,41.711018,113.301235,0
clustered-offset-depot,20,3,lkh-wrapper-v2,1,1,1,47.401893,0.000618,36.814266,5.000442,10.587627,28.759577,0
clustered-offset-depot,20,3,lkh-wrapper-v3,1,1,1,47.401893,0.000435,36.814266,5.000442,10.587627,28.759577,0
clustered-offset-depot,20,3,rand+nn,1,1,1,88.895757,2.2e-05,36.814266,5.000442,52.081491,141.470948,0
clustered-offset-depot,20,5,2opt+greed,1,1,1,135.049296,2.5e-05,47.901417,5.000288,87.147879,181.931735,0
clustered-offset-depot,20,5,lkh-wrapper-v2,1,1,1,67.804122,0.000689,47.901417,5.000288,19.902705,41.549303,0
clustered-offset-depot,20,5,lkh-wrapper-v3,1,1,1,67.804122,0.000642,47.901417,5.000288,19.902705,41.549303,0
clustered-offset-depot,20,5,rand+nn,1,1,1,143.944879,2.2e-05,47.901417,5.000288,96.043462,200.50234,0
clustered-offset-depot,50,2,2opt+greed,1,1,1,91.392755,8.9e-05,65.386054,5.000833,26.006701,39.774079,0
clustered-offset-depot,50,2,lkh-wrapper-v2,1,1,1,70.473353,0.002603,65.386054,5.000833,5.087299,7.780404,0
clustered-offset-depot,50,2,lkh-wrapper-v3,1,1,1,72.858662,0.001597,65.386054,5.000833,7.472608,11.428443,0
clustered-offset-depot,50,2,rand+nn,1,1,1,112.124464,3.7e-05,65.386054,5.000833,46.73841,71.480701,0
clustered-offset-depot,50,3,2opt+greed,1,1,1,132.879663,5.2e-05,89.469417,5.000832,43.410246,48.519648,0
clustered-offset-depot,50,3,lkh-wrapper-v2,1,1,1,110.192674,0.002236,89.469417,5.000832,20.723257,23.162392,0
clustered-offset-depot,50,3,lkh-wrapper-v3,1,1,1,110.192674,0.001244,89.469417,5.000832,20.723257,23.162392,0
clustered-offset-depot,50,3,rand+nn,1,1,1,203.952582,2.8e-05,89.469417,5.000832,114.483165,127.957875,0
clustered-offset-depot,50,5,2opt+greed,1,1,1,231.5311,5.1e-05,102.201281,5.000835,129.329819,126.544225,0
clustered-offset-depot,50,5,lkh-wrapper-v2,1,1,1,124.315956,0.002011,102.201281,5.000835,22.114675,21.638354,0
clustered-offset-depot,50,5,lkh-wrapper-v3,1,1,1,124.315956,0.001382,102.201281,5.000835,22.114675,21.638354,0
clustered-offset-depot,50,5,rand+nn,1,1,1,308.504442,3.1e-05,102.201281,5.000835,206.303161,201.859663,0
clustered-offset-depot,100,2,2opt+greed,1,1,1,287.327772,0.000202,183.710468,5.000787,103.617304,56.402504,0
clustered-offset-depot,100,2,lkh-wrapper-v2,1,1,1,188.970161,0.004102,183.710468,5.000787,5.259693,2.863034,0
clustered-offset-depot,100,2,lkh-wrapper-v3,1,1,1,185.514298,0.007112,183.710468,5.000787,1.80383,0.981887,0
clustered-offset-depot,100,2,rand+nn,1,1,1,353.506765,4.5e-05,183.710468,5.000787,169.796297,92.426033,0
clustered-offset-depot,100,3,2opt+greed,1,1,1,350.072441,0.000127,194.354246,5.00082,155.718195,80.120809,0
clustered-offset-depot,100,3,lkh-wrapper-v2,1,1,1,193.447099,0.005281,194.354246,5.00082,-0.907147,-0.466749,1
clustered-offset-depot,100,3,lkh-wrapper-v3,1,1,1,190.249456,0.007246,194.354246,5.00082,-4.10479,-2.112015,1
clustered-offset-depot,100,3,rand+nn,1,1,1,449.526081,4.9e-05,194.354246,5.00082,255.171835,131.292133,0
clustered-offset-depot,100,5,2opt+greed,1,1,1,364.604012,0.000111,150.352625,5.000217,214.251387,142.499266,0
clustered-offset-depot,100,5,lkh-wrapper-v2,1,1,1,145.961164,0.005732,150.352625,5.000217,-4.391461,-2.920774,1
clustered-offset-depot,100,5,lkh-wrapper-v3,1,1,1,180.76145,0.039142,150.352625,5.000217,30.408825,20.225004,0
clustered-offset-depot,100,5,rand+nn,1,1,1,452.756628,4.9e-05,150.352625,5.000217,302.404003,201.129846,0
clustered-offset-depot,200,2,2opt+greed,1,1,1,469.473329,0.000769,309.986524,5.000146,159.486805,51.449593,0
clustered-offset-depot,200,2,lkh-wrapper-v2,1,1,1,305.761912,0.022903,309.986524,5.000146,-4.224612,-1.362837,1
clustered-offset-depot,200,2,lkh-wrapper-v3,1,1,1,311.201017,0.053899,309.986524,5.000146,1.214493,0.391789,0
clustered-offset-depot,200,2,rand+nn,1,1,1,585.959619,8.7e-05,309.986524,5.000146,275.973095,89.027449,0
clustered-offset-depot,200,3,2opt+greed,1,1,1,633.826392,0.000463,314.771184,5.000628,319.055208,101.360996,0
clustered-offset-depot,200,3,lkh-wrapper-v2,1,1,1,306.48582,0.022002,314.771184,5.000628,-8.285364,-2.632186,1
clustered-offset-depot,200,3,lkh-wrapper-v3,1,1,1,316.387901,0.050406,314.771184,5.000628,1.616717,0.513617,0
clustered-offset-depot,200,3,rand+nn,1,1,1,766.644397,7.5e-05,314.771184,5.000628,451.873213,143.556093,0
clustered-offset-depot,200,5,2opt+greed,1,1,1,860.988793,0.000332,316.136383,5.001262,544.85241,172.347265,0
clustered-offset-depot,200,5,lkh-wrapper-v2,1,1,1,311.223046,0.017036,316.136383,5.001262,-4.913337,-1.554183,1
clustered-offset-depot,200,5,lkh-wrapper-v3,1,1,1,309.780158,0.026376,316.136383,5.001262,-6.356225,-2.010596,1
clustered-offset-depot,200,5,rand+nn,1,1,1,1071.04916,7.4e-05,316.136383,5.001262,754.912777,238.793387,0
clustered-offset-depot,500,2,2opt+greed,1,1,1,1514.141483,0.003927,1148.033981,5.00156,366.107502,31.889953,0
clustered-offset-depot,500,2,lkh-wrapper-v2,1,1,1,1092.345148,0.098434,1148.033981,5.00156,-55.688833,-4.8508,1
clustered-offset-depot,500,2,lkh-wrapper-v3,1,1,1,1086.145795,0.318206,1148.033981,5.00156,-61.888186,-5.390797,1
clustered-offset-depot,500,2,rand+nn,1,1,1,1987.487869,0.000466,1148.033981,5.00156,839.453888,73.120997,0
clustered-offset-depot,500,3,2opt+greed,1,1,1,2108.520396,0.002758,1312.857419,5.000138,795.662977,60.605437,0
clustered-offset-depot,500,3,lkh-wrapper-v2,1,1,1,1235.847647,0.150523,1312.857419,5.000138,-77.009772,-5.865814,1
clustered-offset-depot,500,3,lkh-wrapper-v3,1,1,1,1575.398434,5.047346,1312.857419,5.000138,262.541015,19.997679,0
clustered-offset-depot,500,3,rand+nn,1,1,1,3102.748183,0.000509,1312.857419,5.000138,1789.890764,136.335503,0
clustered-offset-depot,500,5,2opt+greed,1,1,1,2903.318828,0.001884,1197.855587,5.000598,1705.463241,142.376365,0
clustered-offset-depot,500,5,lkh-wrapper-v2,1,1,1,1153.328124,0.218552,1197.855587,5.000598,-44.527463,-3.717265,1
clustered-offset-depot,500,5,lkh-wrapper-v3,1,1,1,1158.791673,0.793623,1197.855587,5.000598,-39.063914,-3.261154,1
clustered-offset-depot,500,5,rand+nn,1,1,1,4162.728004,0.00038,1197.855587,5.000598,2964.872417,247.515013,0
clustered-offset-depot,1000,3,2opt+greed,1,1,1,5394.445828,0.018265,3349.333293,5.001683,2045.112535,61.060287,0
clustered-offset-depot,1000,3,lkh-wrapper-v2,1,1,1,3043.069658,0.584709,3349.333293,5.001683,-306.263635,-9.144018,1
clustered-offset-depot,1000,3,lkh-wrapper-v3,1,1,1,3056.223966,3.985301,3349.333293,5.001683,-293.109327,-8.751274,1
clustered-offset-depot,1000,3,rand+nn,1,1,1,7218.462161,0.000879,3349.333293,5.001683,3869.128868,115.519374,0
clustered-offset-depot,1000,5,2opt+greed,1,1,1,4621.539536,0.007327,2496.622933,5.005167,2124.916603,85.111635,0
clustered-offset-depot,1000,5,lkh-wrapper-v2,1,1,1,2302.508044,0.777858,2496.622933,5.005167,-194.114889,-7.775098,1
clustered-offset-depot,1000,5,lkh-wrapper-v3,1,1,1,2280.616711,2.614754,2496.622933,5.005167,-216.006222,-8.651936,1
clustered-offset-depot,1000,5,rand+nn,1,1,1,7126.829689,0.000758,2496.622933,5.005167,4630.206756,185.458793,0
clustered-offset-depot,1000,7,2opt+greed,1,1,1,7412.768293,0.010484,2670.83384,5.001761,4741.934453,177.545094,0
clustered-offset-depot,1000,7,lkh-wrapper-v2,1,1,1,2458.212251,0.589192,2670.83384,5.001761,-212.621589,-7.960869,1
clustered-offset-depot,1000,7,lkh-wrapper-v3,1,1,1,2456.384726,2.659203,2670.83384,5.001761,-214.449114,-8.029294,1
clustered-offset-depot,1000,7,rand+nn,1,1,1,10732.858942,0.001428,2670.83384,5.001761,8062.025102,301.854237,0
outliers,20,2,2opt+greed,1,1,1,52.467898,3.5e-05,40.940981,5.000129,11.526917,28.15496,0
outliers,20,2,lkh-wrapper-v2,1,1,1,45.227535,0.000503,40.940981,5.000129,4.286554,10.470081,0
outliers,20,2,lkh-wrapper-v3,1,1,1,45.227535,0.000358,40.940981,5.000129,4.286554,10.470081,0
outliers,20,2,rand+nn,1,1,1,77.168288,2e-05,40.940981,5.000129,36.227307,88.486661,0
outliers,20,3,2opt+greed,1,1,1,70.063848,2.4e-05,39.730715,5.000884,30.333133,76.346809,0
outliers,20,3,lkh-wrapper-v2,1,1,1,47.434064,0.000285,39.730715,5.000884,7.703349,19.388901,0
outliers,20,3,lkh-wrapper-v3,1,1,1,47.434064,0.000269,39.730715,5.000884,7.703349,19.388901,0
outliers,20,3,rand+nn,1,1,1,93.634037,3.5e-05,39.730715,5.000884,53.903322,135.671664,0
outliers,20,5,2opt+greed,1,1,1,100.333217,3.1e-05,42.426809,5.000094,57.906408,136.485419,0
outliers,20,5,lkh-wrapper-v2,1,1,1,56.350979,0.000692,42.426809,5.000094,13.92417,32.819272,0
outliers,20,5,lkh-wrapper-v3,1,1,1,63.896416,0.000525,42.426809,5.000094,21.469607,50.603869,0
outliers,20,5,rand+nn,1,1,1,129.345412,2.2e-05,42.426809,5.000094,86.918603,204.86717,0
outliers,50,2,2opt+greed,1,1,1,147.437677,5.5e-05,128.758543,5.001006,18.679134,14.507103,0
outliers,50,2,lkh-wrapper-v2,1,1,1,150.219013,0.001754,128.758543,5.001006,21.46047,16.66722,0
outliers,50,2,lkh-wrapper-v3,1,1,1,151.157532,0.001591,128.758543,5.001006,22.398989,17.396119,0
outliers,50,2,rand+nn,1,1,1,212.90777,3.5e-05,128.758543,5.001006,84.149227,65.354286,0
outliers,50,3,2opt+greed,1,1,1,205.045313,5.3e-05,125.643977,5.000849,79.401336,63.195497,0
outliers,50,3,lkh-wrapper-v2,1,1,1,152.35931,0.001685,125.643977,5.000849,26.715333,21.262725,0
outliers,50,3,lkh-wrapper-v3,1,1,1,153.145088,0.001627,125.643977,5.000849,27.501111,21.888125,0
outliers,50,3,rand+nn,1,1,1,297.06253,3.1e-05,125.643977,5.000849,171.418553,136.43197,0
outliers,50,5,2opt+greed,1,1,1,307.224874,4.3e-05,118.857456,5.000894,188.367418,158.481785,0
outliers,50,5,lkh-wrapper-v2,1,1,1,148.198835,0.002696,118.857456,5.000894,29.341379,24.686191,0
outliers,50,5,lkh-wrapper-v3,1,1,1,144.103889,0.001342,118.857456,5.000894,25.246433,21.240933,0
outliers,50,5,rand+nn,1,1,1,443.197463,3.3e-05,118.857456,5.000894,324.340007,272.881498,0
outliers,100,2,2opt+greed,1,1,1,409.547369,0.000176,311.797562,5.000614,97.749807,31.350408,0
outliers,100,2,lkh-wrapper-v2,1,1,1,344.136105,0.019219,311.797562,5.000614,32.338543,10.371647,0
outliers,100,2,lkh-wrapper-v3,1,1,1,344.564202,0.019293,311.797562,5.000614,32.76664,10.508947,0
outliers,100,2,rand+nn,1,1,1,516.011217,4.4e-05,311.797562,5.000614,204.213655,65.495591,0
outliers,100,3,2opt+greed,1,1,1,588.205475,0.000133,337.397732,5.000973,250.807743,74.33593,0
outliers,100,3,lkh-wrapper-v2,1,1,1,381.565758,0.006056,337.397732,5.000973,44.168026,13.090789,0
outliers,100,3,lkh-wrapper-v3,1,1,1,382.784485,0.005485,337.397732,5.000973,45.386753,13.452003,0
outliers,100,3,rand+nn,1,1,1,732.924752,4.7e-05,337.397732,5.000973,395.52702,117.228713,0
outliers,100,5,2opt+greed,1,1,1,579.710233,0.000142,291.572236,5.001307,288.137997,98.822165,0
outliers,100,5,lkh-wrapper-v2,1,1,1,375.202466,0.009944,291.572236,5.001307,83.63023,28.682508,0
outliers,100,5,lkh-wrapper-v3,1,1,1,376.230753,0.006329,291.572236,5.001307,84.658517,29.035178,0
outliers,100,5,rand+nn,1,1,1,871.757932,5.3e-05,291.572236,5.001307,580.185696,198.985234,0
outliers,200,2,2opt+greed,1,1,1,832.958638,0.000859,703.807369,5.000986,129.151269,18.350372,0
outliers,200,2,lkh-wrapper-v2,1,1,1,688.517406,0.049703,703.807369,5.000986,-15.289963,-2.172464,1
outliers,200,2,lkh-wrapper-v3,1,1,1,690.340588,0.046413,703.807369,5.000986,-13.466781,-1.913419,1
outliers,200,2,rand+nn,1,1,1,1134.12252,8.8e-05,703.807369,5.000986,430.315151,61.141041,0
outliers,200,3,2opt+greed,1,1,1,988.124395,0.000613,703.734285,5.000817,284.39011,40.411575,0
outliers,200,3,lkh-wrapper-v2,1,1,1,777.79355,0.031145,703.734285,5.000817,74.059265,10.523754,0
outliers,200,3,lkh-wrapper-v3,1,1,1,786.97613,0.015177,703.734285,5.000817,83.241845,11.82859,0
outliers,200,3,rand+nn,1,1,1,1640.377685,9.4e-05,703.734285,5.000817,936.6434,133.096173,0
outliers,200,5,2opt+greed,1,1,1,960.529527,0.000386,683.154824,5.000387,277.374703,40.602027,0
outliers,200,5,lkh-wrapper-v2,1,1,1,775.404178,0.029409,683.154824,5.000387,92.249354,13.503433,0
outliers,200,5,lkh-wrapper-v3,1,1,1,778.639681,0.015332,683.154824,5.000387,95.484857,13.977045,0
outliers,200,5,rand+nn,1,1,1,1816.706304,8e-05,683.154824,5.000387,1133.55148,165.928929,0
outliers,500,2,2opt+greed,1,1,1,2849.962334,0.004047,2446.492576,0.275138,403.469758,16.491763,0
outliers,500,2,lkh-wrapper-v2,1,1,1,2627.613926,0.631995,2446.492576,0.275138,181.12135,7.403307,0
outliers,500,2,lkh-wrapper-v3,1,1,1,2605.606782,0.835974,2446.492576,0.275138,159.114206,6.503768,0
outliers,500,2,rand+nn,1,1,1,4251.056821,0.000322,2446.492576,0.275138,1804.564245,73.76128,0
outliers,500,3,2opt+greed,1,1,1,3016.514751,0.002605,2489.124676,0.283556,527.390075,21.187773,0
outliers,500,3,lkh-wrapper-v2,1,1,1,2410.190135,0.685381,2489.124676,0.283556,-78.934541,-3.171177,1
outliers,500,3,lkh-wrapper-v3,1,1,1,2497.445736,0.166614,2489.124676,0.283556,8.32106,0.334297,0
outliers,500,3,rand+nn,1,1,1,5050.941529,0.0003,2489.124676,0.283556,2561.816853,102.920391,0
outliers,500,5,2opt+greed,1,1,1,4268.532007,0.002003,2650.033172,5.002012,1618.498835,61.074663,0
outliers,500,5,lkh-wrapper-v2,1,1,1,2843.224081,0.716507,2650.033172,5.002012,193.190909,7.290132,0
outliers,500,5,lkh-wrapper-v3,1,1,1,2982.625769,0.108574,2650.033172,5.002012,332.592597,12.550507,0
outliers,500,5,rand+nn,1,1,1,7682.127763,0.000471,2650.033172,5.002012,5032.094591,189.887985,0
outliers,1000,3,2opt+greed,1,1,1,9160.401418,0.016724,6079.836206,1.163558,3080.565212,50.668556,0
outliers,1000,3,lkh-wrapper-v2,1,1,1,6157.225233,5.65625,6079.836206,1.163558,77.389027,1.27288,0
outliers,1000,3,lkh-wrapper-v3,1,1,1,6219.902303,1.125027,6079.836206,1.163558,140.066097,2.303781,0
outliers,1000,3,rand+nn,1,1,1,13042.030767,0.001,6079.836206,1.163558,6962.194561,114.512864,0
outliers,1000,5,2opt+greed,1,1,1,10174.342415,0.01207,7414.94928,1.041065,2759.393135,37.213918,0
outliers,1000,5,lkh-wrapper-v2,1,1,1,7615.128241,5.346805,7414.94928,1.041065,200.178961,2.699667,0
outliers,1000,5,lkh-wrapper-v3,1,1,1,7550.050132,0.386681,7414.94928,1.041065,135.100852,1.822006,0
outliers,1000,5,rand+nn,1,1,1,21576.702088,0.001086,7414.94928,1.041065,14161.752808,190.989207,0
outliers,1000,7,2opt+greed,1,1,1,11771.828854,0.008413,6570.992205,1.205448,5200.836649,79.148422,0
outliers,1000,7,lkh-wrapper-v2,1,1,1,6264.929195,8.413867,6570.992205,1.205448,-306.06301,-4.65779,1
outliers,1000,7,lkh-wrapper-v3,1,1,1,6881.546723,1.12048,6570.992205,1.205448,310.554518,4.726143,0
outliers,1000,7,rand+nn,1,1,1,22195.598506,0.000845,6570.992205,1.205448,15624.606301,237.781538,0
mixed,20,2,2opt+greed,1,1,1,53.150051,2.8e-05,43.98713,5.000823,9.162921,20.830913,0
mixed,20,2,lkh-wrapper-v2,1,1,1,49.017757,0.000388,43.98713,5.000823,5.030627,11.436588,0
mixed,20,2,lkh-wrapper-v3,1,1,1,49.017757,0.000353,43.98713,5.000823,5.030627,11.436588,0
mixed,20,2,rand+nn,1,1,1,80.587943,2.1e-05,43.98713,5.000823,36.600813,83.208004,0
mixed,20,3,2opt+greed,1,1,1,76.967857,2.4e-05,43.353076,5.000106,33.614781,77.537246,0
mixed,20,3,lkh-wrapper-v2,1,1,1,56.845812,0.000399,43.353076,5.000106,13.492736,31.122903,0
mixed,20,3,lkh-wrapper-v3,1,1,1,56.845812,0.000334,43.353076,5.000106,13.492736,31.122903,0
mixed,20,3,rand+nn,1,1,1,101.604987,2.4e-05,43.353076,5.000106,58.251911,134.36627,0
mixed,20,5,2opt+greed,1,1,1,83.831465,2.2e-05,46.894674,4.99994,36.936791,78.765429,0
mixed,20,5,lkh-wrapper-v2,1,1,1,64.080185,0.000379,46.894674,4.99994,17.185511,36.647042,0
mixed,20,5,lkh-wrapper-v3,1,1,1,64.080185,0.000337,46.894674,4.99994,17.185511,36.647042,0
mixed,20,5,rand+nn,1,1,1,113.972726,2.1e-05,46.894674,4.99994,67.078052,143.039809,0
mixed,50,2,2opt+greed,1,1,1,202.842932,5.8e-05,122.181746,5.001038,80.661186,66.017379,0
mixed,50,2,lkh-wrapper-v2,1,1,1,144.263839,0.001843,122.181746,5.001038,22.082093,18.073152,0
mixed,50,2,lkh-wrapper-v3,1,1,1,144.773659,0.001527,122.181746,5.001038,22.591913,18.490416,0
mixed,50,2,rand+nn,1,1,1,215.582846,3.4e-05,122.181746,5.001038,93.4011,76.444398,0
mixed,50,3,2opt+greed,1,1,1,248.076779,4.6e-05,121.269654,5.001151,126.807125,104.566246,0
mixed,50,3,lkh-wrapper-v2,1,1,1,148.830184,0.002327,121.269654,5.001151,27.56053,22.72665,0
mixed,50,3,lkh-wrapper-v3,1,1,1,148.061604,0.001346,121.269654,5.001151,26.79195,22.092872,0
mixed,50,3,rand+nn,1,1,1,278.315266,3.2e-05,121.269654,5.001151,157.045612,129.501163,0
mixed,50,5,2opt+greed,1,1,1,288.392511,5.7e-05,119.507768,5.000917,168.884743,141.316959,0
mixed,50,5,lkh-wrapper-v2,1,1,1,156.981465,0.00185,119.507768,5.000917,37.473697,31.356704,0
mixed,50,5,lkh-wrapper-v3,1,1,1,156.981465,0.00151,119.507768,5.000917,37.473697,31.356704,0
mixed,50,5,rand+nn,1,1,1,436.671215,4.3e-05,119.507768,5.000917,317.163447,265.391491,0
mixed,100,2,2opt+greed,1,1,1,428.337788,0.000129,294.80155,5.000455,133.536238,45.296993,0
mixed,100,2,lkh-wrapper-v2,1,1,1,355.110156,0.013961,294.80155,5.000455,60.308606,20.457357,0
mixed,100,2,lkh-wrapper-v3,1,1,1,331.18917,0.007037,294.80155,5.000455,36.38762,12.34309,0
mixed,100,2,rand+nn,1,1,1,505.110656,4.5e-05,294.80155,5.000455,210.309106,71.339213,0
mixed,100,3,2opt+greed,1,1,1,448.437608,0.000139,298.639469,5.000814,149.798139,50.160195,0
mixed,100,3,lkh-wrapper-v2,1,1,1,343.240933,0.011425,298.639469,5.000814,44.601464,14.934886,0
mixed,100,3,lkh-wrapper-v3,1,1,1,347.759125,0.004556,298.639469,5.000814,49.119656,16.447811,0
mixed,100,3,rand+nn,1,1,1,691.67947,5.6e-05,298.639469,5.000814,393.040001,131.6102,0
mixed,100,5,2opt+greed,1,1,1,534.171614,0.000134,295.744801,5.000202,238.426813,80.619105,0
mixed,100,5,lkh-wrapper-v2,1,1,1,364.88925,0.01475,295.744801,5.000202,69.144449,23.379768,0
mixed,100,5,lkh-wrapper-v3,1,1,1,366.897813,0.013693,295.744801,5.000202,71.153012,24.058922,0
mixed,100,5,rand+nn,1,1,1,849.479542,4.5e-05,295.744801,5.000202,553.734741,187.233973,0
mixed,200,2,2opt+greed,1,1,1,940.150502,0.000636,748.347468,0.160449,191.803034,25.630211,0
mixed,200,2,lkh-wrapper-v2,1,1,1,804.444736,0.020724,748.347468,0.160449,56.097268,7.496153,0
mixed,200,2,lkh-wrapper-v3,1,1,1,830.376435,0.017788,748.347468,0.160449,82.028967,10.961348,0
mixed,200,2,rand+nn,1,1,1,1322.13367,8.7e-05,748.347468,0.160449,573.786202,76.673768,0
mixed,200,3,2opt+greed,1,1,1,913.878586,0.000388,680.700528,5.000596,233.178058,34.255601,0
mixed,200,3,lkh-wrapper-v2,1,1,1,769.94199,0.050741,680.700528,5.000596,89.241462,13.110238,0
mixed,200,3,lkh-wrapper-v3,1,1,1,778.991878,0.018602,680.700528,5.000596,98.29135,14.439735,0
mixed,200,3,rand+nn,1,1,1,1667.129751,8.6e-05,680.700528,5.000596,986.429223,144.913833,0
mixed,200,5,2opt+greed,1,1,1,1119.452321,0.000393,657.216788,5.001897,462.235533,70.332277,0
mixed,200,5,lkh-wrapper-v2,1,1,1,855.015287,0.047163,657.216788,5.001897,197.798499,30.096386,0
mixed,200,5,lkh-wrapper-v3,1,1,1,851.336957,0.020572,657.216788,5.001897,194.120169,29.536703,0
mixed,200,5,rand+nn,1,1,1,2095.761323,7.7e-05,657.216788,5.001897,1438.544535,218.884326,0
mixed,500,2,2opt+greed,1,1,1,3153.984002,0.003033,2688.46639,0.252892,465.517612,17.315359,0
mixed,500,2,lkh-wrapper-v2,1,1,1,2723.213606,0.225904,2688.46639,0.252892,34.747216,1.292455,0
mixed,500,2,lkh-wrapper-v3,1,1,1,2737.210796,0.21098,2688.46639,0.252892,48.744406,1.813093,0
mixed,500,2,rand+nn,1,1,1,4536.716054,0.000301,2688.46639,0.252892,1848.249664,68.74736,0
mixed,500,3,2opt+greed,1,1,1,2501.834712,0.002259,2262.520664,0.321882,239.314048,10.57732,0
mixed,500,3,lkh-wrapper-v2,1,1,1,2334.983214,0.68065,2262.520664,0.321882,72.46255,3.202735,0
mixed,500,3,lkh-wrapper-v3,1,1,1,2365.335967,0.125792,2262.520664,0.321882,102.815303,4.544281,0
mixed,500,3,rand+nn,1,1,1,5014.609261,0.000261,2262.520664,0.321882,2752.088597,121.638164,0
mixed,500,5,2opt+greed,1,1,1,3637.60563,0.001797,2339.268774,0.287486,1298.336856,55.501825,0
mixed,500,5,lkh-wrapper-v2,1,1,1,2449.305105,0.348036,2339.268774,0.287486,110.036331,4.703877,0
mixed,500,5,lkh-wrapper-v3,1,1,1,2717.622345,0.091957,2339.268774,0.287486,378.353571,16.17401,0
mixed,500,5,rand+nn,1,1,1,6113.616769,0.000265,2339.268774,0.287486,3774.347995,161.347342,0
mixed,1000,3,2opt+greed,1,1,1,6959.53512,0.014238,6410.216406,1.571695,549.318714,8.569425,0
mixed,1000,3,lkh-wrapper-v2,1,1,1,6577.680204,8.72764,6410.216406,1.571695,167.463798,2.612452,0
mixed,1000,3,lkh-wrapper-v3,1,1,1,6811.984385,0.662613,6410.216406,1.571695,401.767979,6.26762,0
mixed,1000,3,rand+nn,1,1,1,13457.533581,0.002347,6410.216406,1.571695,7047.317175,109.938834,0
mixed,1000,5,2opt+greed,1,1,1,9047.291038,0.00828,7083.128917,1.059956,1964.162121,27.730148,0
mixed,1000,5,lkh-wrapper-v2,1,1,1,7353.367482,8.298246,7083.128917,1.059956,270.238565,3.815243,0
mixed,1000,5,lkh-wrapper-v3,1,1,1,7443.722548,0.462535,7083.128917,1.059956,360.593631,5.090881,0
mixed,1000,5,rand+nn,1,1,1,19854.800932,0.00088,7083.128917,1.059956,12771.672015,180.311161,0
mixed,1000,7,2opt+greed,1,1,1,12042.166974,0.011125,7083.552788,1.418884,4958.614186,70.001796,0
mixed,1000,7,lkh-wrapper-v2,1,1,1,7285.841514,12.170232,7083.552788,1.418884,202.288726,2.855752,0
mixed,1000,7,lkh-wrapper-v3,1,1,1,7651.941065,2.895788,7083.552788,1.418884,568.388277,8.024056,0
mixed,1000,7,rand+nn,1,1,1,23727.246992,0.001115,7083.552788,1.418884,16643.694204,234.962521,0
high-m-stress,20,2,2opt+greed,1,1,1,58.75819,2.3e-05,38.770922,5.000913,19.987268,51.552212,0
high-m-stress,20,2,lkh-wrapper-v2,1,1,1,53.663231,0.000561,38.770922,5.000913,14.892309,38.411026,0
high-m-stress,20,2,lkh-wrapper-v3,1,1,1,53.663231,0.000361,38.770922,5.000913,14.892309,38.411026,0
high-m-stress,20,2,rand+nn,1,1,1,73.545962,2e-05,38.770922,5.000913,34.77504,89.693611,0
high-m-stress,20,3,2opt+greed,1,1,1,84.181462,2.4e-05,40.928378,5.000537,43.253084,105.679937,0
high-m-stress,20,3,lkh-wrapper-v2,1,1,1,55.635805,0.000627,40.928378,5.000537,14.707427,35.934546,0
high-m-stress,20,3,lkh-wrapper-v3,1,1,1,55.635805,0.000405,40.928378,5.000537,14.707427,35.934546,0
high-m-stress,20,3,rand+nn,1,1,1,94.375576,2.2e-05,40.928378,5.000537,53.447198,130.587139,0
high-m-stress,20,5,2opt+greed,1,1,1,129.432435,3.1e-05,42.757026,5.000463,86.675409,202.716178,0
high-m-stress,20,5,lkh-wrapper-v2,1,1,1,57.414282,0.000485,42.757026,5.000463,14.657256,34.280345,0
high-m-stress,20,5,lkh-wrapper-v3,1,1,1,57.414282,0.000428,42.757026,5.000463,14.657256,34.280345,0
high-m-stress,20,5,rand+nn,1,1,1,130.456348,2.3e-05,42.757026,5.000463,87.699322,205.110903,0
high-m-stress,50,2,2opt+greed,1,1,1,166.050404,5.7e-05,115.712851,4.999885,50.337553,43.502128,0
high-m-stress,50,2,lkh-wrapper-v2,1,1,1,124.498505,0.003198,115.712851,4.999885,8.785654,7.592635,0
high-m-stress,50,2,lkh-wrapper-v3,1,1,1,124.793283,0.001316,115.712851,4.999885,9.080432,7.847384,0
high-m-stress,50,2,rand+nn,1,1,1,203.49768,3.2e-05,115.712851,4.999885,87.784829,75.864373,0
high-m-stress,50,3,2opt+greed,1,1,1,193.371045,4.5e-05,103.399663,5.000191,89.971382,87.013226,0
high-m-stress,50,3,lkh-wrapper-v2,1,1,1,122.335912,0.001802,103.399663,5.000191,18.936249,18.313647,0
high-m-stress,50,3,lkh-wrapper-v3,1,1,1,122.335912,0.001853,103.399663,5.000191,18.936249,18.313647,0
high-m-stress,50,3,rand+nn,1,1,1,257.400134,3.8e-05,103.399663,5.000191,154.000471,148.937111,0
high-m-stress,50,5,2opt+greed,1,1,1,470.115895,4.4e-05,127.99682,5.000749,342.119075,267.287168,0
high-m-stress,50,5,lkh-wrapper-v2,1,1,1,166.716658,0.002293,127.99682,5.000749,38.719838,30.250625,0
high-m-stress,50,5,lkh-wrapper-v3,1,1,1,166.716658,0.002365,127.99682,5.000749,38.719838,30.250625,0
high-m-stress,50,5,rand+nn,1,1,1,515.678295,2.9e-05,127.99682,5.000749,387.681475,302.883677,0
high-m-stress,100,2,2opt+greed,1,1,1,354.336358,0.000193,244.322844,0.049191,110.013514,45.027928,0
high-m-stress,100,2,lkh-wrapper-v2,1,1,1,260.581445,0.004735,244.322844,0.049191,16.258601,6.654556,0
high-m-stress,100,2,lkh-wrapper-v3,1,1,1,257.859257,0.006034,244.322844,0.049191,13.536413,5.54038,0
high-m-stress,100,2,rand+nn,1,1,1,415.010276,4.6e-05,244.322844,0.049191,170.687432,69.86143,0
high-m-stress,100,3,2opt+greed,1,1,1,380.650044,0.000137,245.799506,5.000441,134.850538,54.862005,0
high-m-stress,100,3,lkh-wrapper-v2,1,1,1,273.629503,0.023719,245.799506,5.000441,27.829997,11.322235,0
high-m-stress,100,3,lkh-wrapper-v3,1,1,1,289.269668,0.006779,245.799506,5.000441,43.470162,17.685211,0
high-m-stress,100,3,rand+nn,1,1,1,586.014189,4.8e-05,245.799506,5.000441,340.214683,138.411459,0
high-m-stress,100,5,2opt+greed,1,1,1,576.0599,0.000118,292.367567,5.000938,283.692333,97.032765,0
high-m-stress,100,5,lkh-wrapper-v2,1,1,1,328.755038,0.008724,292.367567,5.000938,36.387471,12.445796,0
high-m-stress,100,5,lkh-wrapper-v3,1,1,1,342.820846,0.004895,292.367567,5.000938,50.453279,17.256798,0
high-m-stress,100,5,rand+nn,1,1,1,991.575357,4.2e-05,292.367567,5.000938,699.20779,239.153678,0
high-m-stress,200,2,2opt+greed,1,1,1,802.727477,0.000509,624.649979,0.159079,178.077498,28.508365,0
high-m-stress,200,2,lkh-wrapper-v2,1,1,1,648.23706,0.024636,624.649979,0.159079,23.587081,3.776048,0
high-m-stress,200,2,lkh-wrapper-v3,1,1,1,643.576837,0.021268,624.649979,0.159079,18.926858,3.029994,0
high-m-stress,200,2,rand+nn,1,1,1,1102.794637,9e-05,624.649979,0.159079,478.144658,76.546014,0
high-m-stress,200,3,2opt+greed,1,1,1,958.583741,0.000489,636.655704,0.164155,321.928037,50.565484,0
high-m-stress,200,3,lkh-wrapper-v2,1,1,1,667.688172,0.025645,636.655704,0.164155,31.032468,4.874294,0
high-m-stress,200,3,lkh-wrapper-v3,1,1,1,656.793286,0.017103,636.655704,0.164155,20.137582,3.163025,0
high-m-stress,200,3,rand+nn,1,1,1,1186.35182,8.1e-05,636.655704,0.164155,549.696116,86.341191,0
high-m-stress,200,5,2opt+greed,1,1,1,1167.997908,0.000458,614.370196,5.002155,553.627712,90.113048,0
high-m-stress,200,5,lkh-wrapper-v2,1,1,1,709.715607,0.053156,614.370196,5.002155,95.345411,15.519212,0
high-m-stress,200,5,lkh-wrapper-v3,1,1,1,757.291785,0.024156,614.370196,5.002155,142.921589,23.263106,0
high-m-stress,200,5,rand+nn,1,1,1,1905.641089,7.3e-05,614.370196,5.002155,1291.270893,210.177984,0
high-m-stress,500,2,2opt+greed,1,1,1,2436.42337,0.005931,2041.864749,0.402143,394.558621,19.323445,0
high-m-stress,500,2,lkh-wrapper-v2,1,1,1,2094.264539,0.583549,2041.864749,0.402143,52.39979,2.566271,0
high-m-stress,500,2,lkh-wrapper-v3,1,1,1,2468.939369,0.481574,2041.864749,0.402143,427.07462,20.915911,0
high-m-stress,500,2,rand+nn,1,1,1,3647.007574,0.000308,2041.864749,0.402143,1605.142825,78.611614,0
high-m-stress,500,3,2opt+greed,1,1,1,2801.241819,0.002747,2260.759745,0.249505,540.482074,23.907099,0
high-m-stress,500,3,lkh-wrapper-v2,1,1,1,2340.198558,0.64174,2260.759745,0.249505,79.438813,3.51381,0
high-m-stress,500,3,lkh-wrapper-v3,1,1,1,2341.721339,0.224604,2260.759745,0.249505,80.961594,3.581168,0
high-m-stress,500,3,rand+nn,1,1,1,4873.286528,0.000259,2260.759745,0.249505,2612.526783,115.559682,0
high-m-stress,500,5,2opt+greed,1,1,1,3050.973887,0.002281,2298.511024,0.296072,752.462863,32.73697,0
high-m-stress,500,5,lkh-wrapper-v2,1,1,1,2586.276064,1.586712,2298.511024,0.296072,287.76504,12.519628,0
high-m-stress,500,5,lkh-wrapper-v3,1,1,1,2601.9635,0.519333,2298.511024,0.296072,303.452476,13.202133,0
high-m-stress,500,5,rand+nn,1,1,1,6872.010539,0.000223,2298.511024,0.296072,4573.499515,198.976619,0
high-m-stress,1000,3,2opt+greed,1,1,1,6932.807166,0.018936,5432.318717,1.404259,1500.488449,27.62151,0
high-m-stress,1000,3,lkh-wrapper-v2,1,1,1,6122.32691,12.449084,5432.318717,1.404259,690.008193,12.701909,0
high-m-stress,1000,3,lkh-wrapper-v3,1,1,1,6054.015376,5.251912,5432.318717,1.404259,621.696659,11.444407,0
high-m-stress,1000,3,rand+nn,1,1,1,11924.935888,0.003501,5432.318717,1.404259,6492.617171,119.51834,0
high-m-stress,1000,5,2opt+greed,1,1,1,9805.833694,0.012637,6360.087407,1.287928,3445.746287,54.177656,0
high-m-stress,1000,5,lkh-wrapper-v2,1,1,1,6417.445365,3.175733,6360.087407,1.287928,57.357958,0.901842,0
high-m-stress,1000,5,lkh-wrapper-v3,1,1,1,6567.890434,1.080262,6360.087407,1.287928,207.803027,3.267298,0
high-m-stress,1000,5,rand+nn,1,1,1,18795.18534,0.00155,6360.087407,1.287928,12435.097933,195.517721,0
high-m-stress,1000,7,2opt+greed,1,1,1,9072.132756,0.007608,6204.469888,1.219815,2867.662868,46.219305,0
high-m-stress,1000,7,lkh-wrapper-v2,1,1,1,7929.797571,14.68472,6204.469888,1.219815,1725.327683,27.807818,0
high-m-stress,1000,7,lkh-wrapper-v3,1,1,1,7683.69601,3.502904,6204.469888,1.219815,1479.226122,23.841297,0
high-m-stress,1000,7,rand+nn,1,1,1,22654.978971,0.000847,6204.469888,1.219815,16450.509083,265.139639,0
