instance,path,node_count,salesman_count,solver,objective,time_seconds,valid,routes,status
n100_m2_r01.txt,data\mtsp\generated\n100_m2_r01.txt,100,2,ortools-gls,798.699339,5.000874,True,"[[0, 94, 8, 19, 56, 20, 9, 86, 65, 37, 75, 92, 74, 2, 42, 31, 73, 48, 13, 91, 58, 52, 55, 80, 39, 83, 29, 98, 38, 4, 25, 71, 59, 11, 72, 99, 76, 5, 47, 84, 70, 16, 18, 78, 64, 1, 32, 15, 97, 67, 51, 34, 17, 93, 44, 82, 85, 77, 62, 88, 46, 53, 35, 50, 26, 90, 14, 3, 7, 68, 54, 30, 96, 66, 81, 63, 49, 12, 10, 22, 41, 87, 57, 33, 6, 69, 21, 45, 27, 23, 28, 79, 24, 60, 89, 36, 43, 40, 61, 95, 0], [0, 0]]",ok
n100_m2_r02.txt,data\mtsp\generated\n100_m2_r02.txt,100,2,ortools-gls,745.026795,5.000275,True,"[[0, 92, 76, 73, 67, 30, 57, 90, 79, 29, 40, 31, 47, 16, 93, 12, 70, 72, 52, 68, 78, 99, 71, 98, 97, 1, 53, 50, 42, 24, 80, 58, 74, 34, 33, 9, 44, 2, 51, 82, 25, 86, 21, 83, 6, 3, 45, 22, 81, 41, 11, 62, 60, 27, 75, 63, 18, 46, 38, 37, 26, 91, 89, 55, 19, 66, 88, 48, 43, 14, 96, 69, 49, 77, 95, 23, 5, 13, 54, 87, 10, 39, 20, 32, 61, 15, 64, 17, 7, 8, 84, 35, 59, 36, 85, 28, 4, 94, 56, 65, 0], [0, 0]]",ok
n100_m2_r03.txt,data\mtsp\generated\n100_m2_r03.txt,100,2,ortools-gls,775.387651,5.000738,True,"[[0, 48, 37, 45, 61, 96, 46, 25, 36, 32, 43, 53, 99, 94, 24, 63, 82, 39, 14, 97, 62, 38, 77, 29, 66, 52, 84, 35, 30, 44, 23, 16, 83, 67, 78, 10, 42, 3, 31, 55, 58, 65, 4, 76, 11, 2, 49, 34, 33, 73, 89, 5, 64, 81, 8, 19, 60, 70, 54, 40, 80, 68, 27, 15, 75, 79, 47, 7, 6, 21, 12, 93, 17, 95, 59, 13, 20, 41, 85, 28, 87, 22, 26, 71, 90, 98, 69, 72, 86, 91, 1, 56, 50, 51, 18, 74, 9, 88, 92, 57, 0], [0, 0]]",ok
n100_m2_r04.txt,data\mtsp\generated\n100_m2_r04.txt,100,2,ortools-gls,849.002774,5.000614,True,"[[0, 35, 85, 15, 98, 77, 36, 2, 66, 10, 68, 43, 25, 79, 91, 24, 45, 70, 30, 53, 87, 28, 57, 74, 82, 6, 26, 60, 86, 17, 19, 78, 34, 99, 84, 9, 67, 39, 92, 75, 73, 63, 40, 37, 48, 31, 44, 32, 61, 4, 11, 97, 51, 29, 1, 12, 50, 46, 13, 38, 55, 95, 90, 58, 56, 7, 22, 93, 41, 14, 8, 65, 72, 42, 3, 80, 89, 54, 20, 96, 76, 69, 94, 23, 64, 49, 5, 47, 71, 52, 81, 18, 88, 16, 83, 59, 21, 62, 33, 27, 0], [0, 0]]",ok
n100_m2_r05.txt,data\mtsp\generated\n100_m2_r05.txt,100,2,ortools-gls,785.248236,5.000146,True,"[[0, 14, 93, 38, 50, 95, 40, 2, 61, 72, 12, 90, 83, 18, 80, 46, 89, 54, 19, 23, 75, 13, 53, 35, 39, 33, 29, 87, 25, 49, 57, 6, 45, 94, 67, 60, 92, 5, 47, 27, 1, 79, 41, 34, 68, 48, 88, 51, 58, 26, 15, 63, 96, 17, 59, 99, 98, 91, 97, 81, 74, 71, 55, 43, 78, 52, 66, 16, 8, 37, 36, 42, 3, 86, 44, 32, 22, 85, 56, 82, 65, 4, 11, 24, 20, 76, 73, 62, 10, 28, 84, 21, 30, 9, 7, 31, 69, 77, 70, 64, 0], [0, 0]]",ok
n100_m3_r01.txt,data\mtsp\generated\n100_m3_r01.txt,100,3,ortools-gls,816.857599,5.000714,True,"[[0, 0], [0, 55, 82, 85, 16, 50, 42, 69, 66, 31, 57, 71, 74, 75, 22, 45, 79, 30, 33, 70, 77, 83, 89, 35, 51, 26, 52, 62, 5, 90, 6, 39, 38, 9, 76, 37, 63, 4, 43, 53, 56, 44, 97, 29, 13, 40, 61, 73, 96, 64, 49, 21, 10, 67, 8, 28, 20, 87, 25, 46, 32, 84, 17, 58, 24, 11, 93, 3, 68, 19, 72, 65, 48, 99, 47, 36, 1, 23, 92, 78, 2, 95, 15, 12, 80, 54, 41, 14, 94, 86, 88, 7, 59, 91, 34, 60, 27, 98, 18, 81, 0], [0, 0]]",ok
n100_m3_r02.txt,data\mtsp\generated\n100_m3_r02.txt,100,3,ortools-gls,844.760762,5.0008,True,"[[0, 20, 56, 69, 78, 99, 37, 24, 84, 96, 35, 9, 28, 30, 39, 6, 27, 26, 94, 53, 67, 98, 13, 18, 19, 81, 48, 83, 51, 72, 33, 42, 75, 23, 70, 43, 7, 45, 64, 4, 60, 80, 93, 10, 88, 34, 47, 63, 41, 29, 91, 49, 71, 57, 25, 15, 58, 31, 61, 32, 52, 86, 17, 59, 85, 36, 87, 89, 38, 79, 76, 8, 3, 68, 66, 97, 2, 14, 44, 16, 62, 12, 50, 5, 21, 11, 74, 40, 73, 77, 90, 95, 1, 55, 65, 54, 22, 92, 46, 82, 0], [0, 0], [0, 0]]",ok
n100_m3_r03.txt,data\mtsp\generated\n100_m3_r03.txt,100,3,ortools-gls,892.309825,5.000741,True,"[[0, 59, 11, 38, 90, 51, 42, 73, 25, 78, 53, 99, 71, 67, 39, 6, 70, 87, 9, 15, 96, 37, 54, 12, 13, 79, 20, 94, 68, 63, 22, 81, 98, 92, 69, 4, 40, 36, 84, 24, 60, 80, 34, 65, 89, 28, 74, 17, 21, 49, 61, 35, 31, 43, 44, 72, 18, 41, 29, 83, 82, 8, 45, 93, 16, 76, 58, 56, 97, 57, 46, 77, 86, 32, 88, 33, 55, 85, 52, 64, 95, 10, 7, 1, 27, 75, 30, 66, 19, 23, 5, 47, 3, 14, 50, 26, 91, 62, 2, 48, 0], [0, 0], [0, 0]]",ok
n100_m3_r04.txt,data\mtsp\generated\n100_m3_r04.txt,100,3,ortools-gls,774.205281,5.001206,True,"[[0, 8, 80, 47, 65, 10, 81, 86, 75, 17, 11, 64, 42, 12, 4, 97, 73, 79, 95, 35, 87, 91, 2, 78, 32, 67, 44, 68, 19, 96, 40, 6, 39, 37, 48, 23, 33, 13, 89, 45, 71, 88, 94, 58, 62, 66, 60, 27, 93, 82, 53, 41, 69, 3, 55, 5, 34, 9, 46, 84, 51, 22, 43, 20, 31, 85, 38, 15, 57, 83, 54, 26, 49, 30, 74, 29, 70, 98, 21, 18, 99, 52, 50, 90, 59, 24, 63, 16, 72, 1, 76, 7, 36, 14, 61, 56, 77, 92, 25, 28, 0], [0, 0], [0, 0]]",ok
n100_m3_r05.txt,data\mtsp\generated\n100_m3_r05.txt,100,3,ortools-gls,836.115648,5.000785,True,"[[0, 6, 23, 50, 7, 36, 81, 37, 10, 96, 13, 92, 20, 91, 89, 48, 76, 54, 75, 80, 51, 33, 63, 38, 9, 95, 24, 73, 86, 14, 82, 87, 68, 72, 27, 69, 60, 11, 4, 99, 35, 52, 17, 93, 83, 12, 18, 97, 28, 40, 71, 66, 46, 16, 41, 94, 21, 65, 3, 34, 5, 32, 29, 58, 30, 74, 43, 84, 55, 1, 57, 25, 78, 64, 26, 90, 88, 47, 2, 85, 62, 49, 31, 45, 61, 56, 44, 77, 98, 79, 15, 53, 22, 67, 42, 70, 8, 19, 59, 39, 0], [0, 0], [0, 0]]",ok
n100_m5_r01.txt,data\mtsp\generated\n100_m5_r01.txt,100,5,ortools-gls,795.98205,5.000295,True,"[[0, 13, 18, 68, 55, 87, 94, 56, 52, 65, 14, 58, 54, 20, 22, 67, 42, 11, 49, 70, 75, 69, 44, 12, 50, 5, 95, 86, 79, 29, 92, 82, 16, 57, 71, 48, 33, 91, 60, 83, 72, 3, 4, 39, 77, 43, 36, 37, 41, 62, 53, 17, 89, 98, 27, 31, 85, 90, 45, 63, 74, 1, 38, 93, 15, 30, 80, 2, 32, 99, 51, 66, 26, 19, 96, 61, 8, 47, 64, 46, 23, 9, 35, 88, 76, 24, 78, 6, 25, 97, 28, 73, 59, 21, 34, 84, 81, 10, 40, 7, 0], [0, 0], [0, 0], [0, 0], [0, 0]]",ok
n100_m5_r02.txt,data\mtsp\generated\n100_m5_r02.txt,100,5,ortools-gls,839.697049,5.000133,True,"[[0, 7, 26, 6, 91, 1, 36, 83, 78, 13, 45, 29, 39, 53, 22, 28, 16, 20, 59, 21, 62, 72, 74, 10, 3, 99, 34, 56, 31, 86, 96, 41, 35, 75, 17, 64, 85, 11, 97, 90, 66, 23, 84, 58, 15, 60, 27, 81, 40, 50, 93, 25, 47, 42, 44, 80, 43, 73, 5, 51, 68, 4, 82, 94, 88, 61, 46, 95, 33, 77, 70, 38, 48, 57, 12, 49, 67, 30, 9, 89, 24, 65, 14, 18, 54, 52, 2, 69, 76, 8, 79, 63, 32, 37, 87, 55, 71, 19, 92, 98, 0], [0, 0], [0, 0], [0, 0], [0, 0]]",ok
n100_m5_r03.txt,data\mtsp\generated\n100_m5_r03.txt,100,5,ortools-gls,816.160933,5.000047,True,"[[0, 41, 37, 84, 93, 73, 34, 50, 77, 1, 61, 60, 35, 51, 91, 8, 95, 26, 59, 3, 62, 72, 22, 49, 30, 80, 92, 64, 32, 21, 45, 38, 24, 68, 96, 69, 36, 33, 12, 6, 44, 54, 57, 2, 90, 83, 31, 98, 19, 43, 23, 89, 94, 14, 97, 40, 53, 7, 86, 78, 81, 88, 87, 39, 82, 9, 13, 67, 4, 48, 70, 56, 71, 18, 11, 5, 29, 46, 79, 25, 16, 75, 55, 58, 76, 47, 17, 20, 85, 15, 52, 99, 63, 28, 42, 27, 65, 66, 10, 74, 0], [0, 0], [0, 0], [0, 0], [0, 0]]",ok
n100_m5_r04.txt,data\mtsp\generated\n100_m5_r04.txt,100,5,ortools-gls,806.112506,5.001061,True,"[[0, 82, 97, 23, 52, 95, 91, 3, 62, 85, 60, 5, 44, 68, 27, 29, 56, 25, 96, 8, 14, 41, 34, 9, 99, 69, 11, 58, 83, 10, 61, 76, 66, 81, 1, 31, 49, 54, 21, 75, 45, 53, 13, 84, 22, 63, 67, 4, 7, 37, 30, 94, 38, 6, 71, 43, 16, 51, 57, 28, 18, 47, 74, 2, 40, 36, 64, 80, 26, 17, 72, 59, 50, 15, 90, 19, 42, 33, 77, 46, 20, 35, 79, 12, 86, 87, 32, 89, 48, 55, 39, 73, 93, 92, 78, 24, 70, 88, 98, 65, 0], [0, 0], [0, 0], [0, 0], [0, 0]]",ok
n100_m5_r05.txt,data\mtsp\generated\n100_m5_r05.txt,100,5,ortools-gls,791.160334,5.000165,True,"[[0, 18, 30, 61, 79, 5, 11, 46, 51, 14, 85, 42, 31, 12, 26, 81, 17, 62, 41, 2, 16, 67, 59, 43, 57, 54, 65, 95, 15, 38, 88, 29, 27, 34, 3, 4, 35, 7, 71, 70, 24, 64, 92, 22, 76, 55, 84, 49, 72, 58, 21, 93, 50, 80, 94, 68, 56, 82, 6, 45, 25, 32, 69, 87, 98, 48, 39, 10, 97, 20, 60, 78, 77, 73, 90, 63, 96, 66, 86, 33, 52, 47, 13, 83, 19, 74, 99, 8, 91, 53, 1, 40, 28, 9, 44, 36, 75, 89, 37, 23, 0], [0, 0], [0, 0], [0, 0], [0, 0]]",ok
n200_m2_r01.txt,data\mtsp\generated\n200_m2_r01.txt,200,2,ortools-gls,1089.527381,5.000474,True,"[[0, 12, 109, 85, 23, 161, 148, 37, 186, 84, 160, 104, 30, 180, 83, 2, 177, 70, 167, 80, 198, 57, 126, 32, 19, 79, 106, 174, 99, 154, 9, 50, 118, 54, 139, 69, 25, 92, 102, 4, 36, 164, 11, 138, 125, 103, 97, 86, 101, 94, 55, 162, 196, 39, 111, 31, 143, 123, 170, 21, 78, 7, 100, 6, 122, 137, 88, 41, 77, 35, 107, 113, 121, 132, 194, 59, 52, 141, 93, 181, 53, 188, 75, 40, 71, 130, 175, 159, 62, 24, 51, 90, 58, 87, 134, 98, 95, 169, 45, 76, 172, 179, 135, 64, 156, 49, 29, 22, 189, 183, 197, 1, 182, 147, 16, 61, 63, 66, 67, 150, 116, 144, 193, 114, 117, 184, 127, 168, 136, 176, 26, 171, 10, 42, 119, 120, 142, 112, 199, 14, 43, 56, 33, 47, 129, 73, 68, 5, 149, 74, 151, 17, 8, 128, 44, 192, 157, 72, 20, 133, 108, 38, 163, 105, 152, 28, 3, 82, 48, 131, 165, 178, 145, 81, 65, 158, 18, 60, 96, 13, 146, 91, 124, 140, 185, 187, 34, 191, 15, 190, 195, 166, 27, 46, 115, 110, 89, 153, 155, 173, 0], [0, 0]]",ok
n200_m2_r02.txt,data\mtsp\generated\n200_m2_r02.txt,200,2,ortools-gls,1134.75161,5.001565,True,"[[0, 111, 73, 74, 58, 181, 184, 56, 140, 60, 166, 61, 189, 133, 90, 8, 160, 35, 122, 33, 183, 7, 83, 40, 123, 26, 89, 182, 77, 173, 66, 194, 169, 105, 25, 180, 95, 118, 128, 24, 117, 55, 114, 132, 80, 44, 135, 170, 52, 2, 79, 59, 87, 165, 178, 175, 21, 149, 129, 64, 32, 147, 11, 69, 150, 81, 91, 164, 197, 34, 152, 13, 98, 82, 161, 190, 131, 102, 119, 10, 42, 141, 19, 196, 12, 127, 6, 130, 99, 45, 57, 18, 72, 39, 138, 96, 28, 108, 92, 54, 171, 153, 71, 195, 76, 120, 125, 30, 151, 9, 14, 47, 157, 116, 23, 22, 134, 103, 3, 143, 109, 49, 107, 136, 17, 67, 124, 29, 85, 174, 186, 192, 168, 155, 43, 193, 115, 162, 110, 106, 86, 84, 154, 94, 37, 51, 50, 36, 156, 158, 1, 198, 144, 78, 121, 20, 179, 100, 15, 38, 185, 112, 4, 53, 48, 139, 16, 104, 188, 137, 148, 145, 177, 159, 46, 176, 113, 41, 199, 142, 75, 167, 93, 172, 5, 31, 191, 63, 163, 187, 146, 88, 65, 27, 68, 97, 70, 62, 101, 126, 0], [0, 0]]",ok
n200_m2_r03.txt,data\mtsp\generated\n200_m2_r03.txt,200,2,ortools-gls,1109.650678,5.00025,True,"[[0, 54, 21, 195, 121, 143, 39, 188, 171, 38, 20, 69, 63, 62, 190, 48, 131, 12, 88, 165, 197, 97, 3, 61, 66, 141, 91, 95, 139, 178, 191, 18, 113, 53, 161, 144, 47, 25, 198, 44, 112, 2, 184, 45, 10, 68, 150, 102, 28, 72, 67, 181, 155, 8, 75, 189, 65, 31, 187, 50, 124, 162, 149, 170, 104, 7, 151, 90, 83, 159, 160, 156, 176, 163, 123, 85, 58, 154, 16, 56, 122, 186, 193, 15, 194, 94, 146, 120, 93, 127, 33, 148, 128, 49, 80, 108, 125, 41, 29, 137, 192, 158, 133, 13, 24, 78, 136, 103, 134, 180, 74, 5, 23, 147, 86, 70, 177, 81, 92, 71, 100, 22, 11, 42, 40, 32, 27, 172, 64, 166, 51, 26, 111, 82, 37, 118, 73, 129, 59, 106, 1, 168, 116, 34, 52, 46, 79, 173, 145, 110, 17, 84, 4, 153, 175, 30, 174, 105, 6, 167, 185, 152, 142, 87, 77, 182, 115, 36, 109, 140, 164, 199, 55, 119, 99, 60, 14, 89, 135, 57, 183, 169, 101, 43, 138, 132, 130, 107, 196, 126, 117, 19, 96, 35, 76, 179, 114, 9, 98, 157, 0], [0, 0]]",ok
n200_m2_r04.txt,data\mtsp\generated\n200_m2_r04.txt,200,2,ortools-gls,1129.640246,5.000779,True,"[[0, 96, 1, 145, 110, 129, 55, 192, 101, 97, 24, 120, 93, 52, 63, 5, 30, 8, 92, 82, 86, 27, 31, 89, 79, 177, 162, 48, 191, 35, 119, 196, 197, 28, 156, 152, 91, 99, 78, 102, 25, 39, 13, 157, 175, 126, 113, 73, 142, 26, 123, 134, 62, 122, 19, 94, 155, 179, 80, 173, 51, 139, 72, 132, 118, 169, 111, 198, 61, 81, 117, 58, 41, 135, 9, 44, 15, 43, 4, 133, 187, 90, 75, 114, 170, 166, 71, 105, 137, 11, 38, 176, 190, 125, 182, 87, 116, 100, 45, 47, 147, 32, 88, 106, 64, 109, 59, 6, 20, 12, 121, 68, 131, 98, 149, 23, 108, 136, 130, 83, 189, 165, 180, 148, 57, 128, 163, 69, 84, 10, 33, 2, 159, 67, 146, 16, 195, 65, 46, 112, 150, 172, 22, 95, 21, 107, 154, 164, 188, 153, 143, 186, 60, 36, 184, 104, 178, 144, 70, 127, 37, 160, 199, 74, 14, 17, 124, 181, 18, 161, 77, 7, 50, 42, 103, 183, 53, 194, 140, 54, 76, 193, 40, 3, 56, 49, 171, 174, 29, 168, 85, 151, 185, 138, 115, 141, 34, 66, 167, 158, 0], [0, 0]]",ok
n200_m2_r05.txt,data\mtsp\generated\n200_m2_r05.txt,200,2,ortools-gls,1188.485587,5.001053,True,"[[0, 35, 168, 190, 30, 89, 42, 87, 96, 54, 113, 143, 98, 175, 174, 160, 24, 142, 19, 75, 156, 189, 136, 33, 34, 36, 57, 55, 40, 127, 101, 63, 194, 159, 173, 31, 108, 169, 167, 125, 69, 48, 105, 137, 38, 22, 130, 187, 197, 153, 12, 74, 119, 91, 62, 27, 188, 67, 199, 16, 138, 117, 155, 78, 80, 41, 97, 56, 102, 3, 61, 185, 191, 103, 122, 145, 152, 39, 20, 140, 52, 47, 32, 124, 123, 158, 163, 151, 179, 118, 51, 132, 11, 4, 150, 161, 120, 177, 46, 15, 99, 68, 146, 58, 110, 171, 129, 2, 85, 133, 94, 10, 72, 28, 18, 37, 23, 26, 83, 50, 84, 198, 178, 59, 106, 144, 92, 95, 82, 114, 121, 60, 182, 107, 166, 111, 104, 8, 7, 115, 165, 45, 65, 183, 76, 193, 86, 139, 134, 181, 93, 135, 149, 13, 79, 126, 17, 14, 195, 172, 100, 170, 90, 70, 6, 196, 44, 192, 21, 141, 64, 184, 25, 180, 1, 73, 109, 53, 81, 128, 176, 162, 88, 71, 131, 112, 186, 147, 66, 29, 148, 77, 5, 49, 9, 43, 116, 164, 154, 157, 0], [0, 0]]",ok
n200_m3_r01.txt,data\mtsp\generated\n200_m3_r01.txt,200,3,ortools-gls,1117.303142,5.000906,True,"[[0, 125, 58, 62, 3, 36, 133, 185, 4, 14, 190, 43, 124, 170, 74, 18, 75, 177, 8, 166, 100, 194, 193, 142, 150, 105, 191, 107, 154, 10, 92, 112, 33, 63, 109, 82, 64, 161, 57, 174, 181, 73, 139, 146, 97, 188, 143, 80, 6, 65, 53, 37, 106, 13, 34, 88, 79, 167, 41, 140, 11, 137, 93, 134, 198, 103, 165, 173, 101, 171, 51, 19, 69, 96, 126, 50, 61, 29, 149, 84, 114, 158, 24, 115, 48, 60, 160, 77, 45, 40, 52, 127, 145, 98, 67, 129, 159, 135, 102, 128, 108, 1, 56, 151, 42, 78, 197, 152, 44, 28, 39, 123, 169, 85, 81, 186, 131, 55, 192, 113, 32, 176, 38, 59, 87, 116, 5, 121, 111, 12, 70, 168, 23, 20, 46, 119, 136, 91, 172, 132, 147, 95, 183, 104, 110, 199, 7, 35, 122, 153, 118, 187, 31, 30, 156, 184, 71, 164, 179, 66, 16, 83, 182, 26, 157, 117, 94, 25, 90, 120, 22, 49, 21, 27, 15, 189, 155, 99, 86, 178, 144, 162, 163, 54, 180, 89, 148, 68, 195, 47, 196, 175, 17, 76, 141, 72, 138, 130, 9, 2, 0], [0, 0], [0, 0]]",ok
n200_m3_r02.txt,data\mtsp\generated\n200_m3_r02.txt,200,3,ortools-gls,1166.345448,5.000148,True,"[[0, 143, 138, 117, 107, 189, 49, 109, 119, 195, 144, 56, 29, 61, 93, 22, 62, 105, 38, 111, 182, 165, 97, 8, 35, 152, 115, 66, 5, 60, 48, 108, 173, 2, 79, 19, 133, 36, 12, 198, 100, 194, 75, 103, 136, 104, 34, 90, 154, 112, 196, 65, 33, 113, 123, 162, 24, 184, 15, 164, 80, 188, 21, 163, 145, 141, 91, 26, 125, 77, 46, 135, 178, 127, 185, 44, 84, 118, 131, 199, 120, 6, 150, 96, 124, 157, 50, 159, 11, 27, 167, 30, 53, 142, 51, 193, 72, 1, 122, 137, 69, 172, 192, 187, 58, 41, 18, 74, 139, 73, 68, 168, 13, 87, 89, 186, 160, 81, 45, 177, 116, 179, 161, 55, 132, 190, 181, 155, 37, 110, 76, 31, 146, 14, 174, 54, 17, 151, 175, 140, 101, 126, 149, 4, 57, 183, 197, 70, 156, 158, 147, 114, 176, 40, 82, 92, 130, 7, 20, 134, 59, 52, 85, 16, 88, 42, 3, 9, 64, 95, 153, 180, 169, 170, 78, 83, 166, 94, 191, 39, 71, 63, 129, 86, 25, 32, 28, 171, 67, 128, 47, 23, 106, 98, 102, 43, 121, 99, 148, 10, 0], [0, 0], [0, 0]]",ok
n200_m3_r03.txt,data\mtsp\generated\n200_m3_r03.txt,200,3,ortools-gls,1117.749852,5.000028,True,"[[0, 116, 95, 112, 85, 22, 125, 183, 23, 176, 141, 186, 51, 9, 155, 190, 58, 114, 113, 64, 133, 17, 110, 163, 108, 19, 12, 109, 185, 128, 38, 32, 157, 132, 177, 67, 161, 83, 60, 149, 145, 171, 144, 4, 153, 187, 189, 199, 197, 127, 25, 52, 46, 115, 43, 21, 107, 129, 42, 7, 104, 56, 77, 126, 194, 103, 5, 169, 111, 196, 68, 41, 70, 88, 79, 102, 118, 39, 86, 63, 8, 143, 74, 173, 120, 36, 82, 168, 15, 150, 164, 59, 44, 55, 6, 37, 26, 45, 174, 124, 87, 154, 94, 170, 61, 40, 66, 69, 130, 135, 184, 148, 167, 179, 137, 72, 91, 3, 62, 31, 180, 172, 97, 193, 27, 198, 188, 14, 138, 18, 73, 93, 30, 98, 99, 101, 134, 11, 117, 151, 2, 119, 35, 96, 121, 1, 147, 165, 49, 24, 81, 140, 178, 71, 159, 75, 33, 29, 34, 142, 156, 92, 47, 53, 136, 160, 80, 90, 84, 78, 105, 192, 175, 100, 48, 181, 106, 131, 182, 50, 28, 191, 54, 146, 162, 89, 195, 158, 123, 139, 57, 65, 166, 20, 13, 122, 10, 16, 76, 152, 0], [0, 0], [0, 0]]",ok
n200_m3_r04.txt,data\mtsp\generated\n200_m3_r04.txt,200,3,ortools-gls,1102.162536,5.001458,True,"[[0, 152, 153, 49, 166, 194, 18, 8, 40, 190, 110, 113, 37, 99, 176, 169, 93, 62, 104, 88, 32, 143, 125, 20, 149, 186, 30, 131, 6, 82, 1, 164, 170, 112, 137, 83, 45, 199, 175, 144, 23, 95, 198, 106, 177, 13, 101, 35, 197, 108, 115, 31, 193, 142, 34, 78, 151, 122, 65, 54, 21, 145, 136, 42, 63, 61, 41, 163, 173, 75, 27, 184, 72, 109, 71, 160, 157, 192, 156, 58, 103, 9, 87, 127, 120, 84, 179, 150, 5, 117, 188, 168, 130, 15, 124, 4, 141, 119, 165, 69, 174, 77, 51, 172, 2, 16, 146, 17, 185, 180, 128, 187, 181, 76, 81, 123, 134, 111, 22, 189, 36, 94, 38, 129, 133, 52, 55, 183, 171, 48, 139, 53, 196, 191, 60, 85, 70, 98, 33, 89, 126, 195, 64, 80, 24, 29, 140, 158, 43, 19, 59, 3, 118, 100, 107, 159, 57, 39, 167, 10, 73, 25, 178, 26, 135, 91, 162, 132, 147, 47, 44, 28, 67, 121, 96, 11, 7, 14, 92, 86, 155, 114, 68, 102, 161, 90, 182, 66, 46, 97, 79, 138, 74, 154, 148, 116, 105, 12, 56, 50, 0], [0, 0], [0, 0]]",ok
n200_m3_r05.txt,data\mtsp\generated\n200_m3_r05.txt,200,3,ortools-gls,1153.99046,5.001498,True,"[[0, 102, 120, 99, 51, 25, 105, 2, 122, 104, 19, 62, 58, 189, 133, 48, 168, 134, 49, 87, 190, 7, 117, 64, 115, 66, 106, 111, 114, 121, 174, 112, 65, 33, 156, 31, 42, 198, 132, 179, 39, 4, 191, 148, 10, 196, 95, 141, 91, 192, 89, 83, 67, 144, 165, 94, 145, 13, 187, 74, 110, 154, 167, 182, 96, 79, 76, 130, 14, 26, 3, 54, 23, 97, 15, 199, 188, 28, 38, 32, 18, 8, 171, 157, 195, 131, 124, 128, 101, 41, 158, 149, 69, 178, 98, 16, 194, 80, 147, 176, 150, 85, 170, 127, 71, 108, 56, 146, 27, 50, 82, 93, 142, 197, 68, 163, 126, 52, 109, 70, 181, 21, 78, 34, 164, 92, 113, 46, 118, 180, 17, 77, 45, 9, 159, 107, 63, 172, 160, 139, 125, 140, 53, 24, 90, 151, 86, 60, 161, 185, 6, 12, 36, 59, 22, 84, 37, 72, 55, 183, 177, 138, 136, 162, 123, 11, 137, 166, 173, 1, 129, 44, 81, 61, 186, 119, 116, 29, 143, 30, 135, 193, 47, 184, 35, 175, 100, 5, 43, 88, 73, 152, 169, 20, 155, 153, 57, 40, 75, 103, 0], [0, 0], [0, 0]]",ok
n200_m5_r01.txt,data\mtsp\generated\n200_m5_r01.txt,200,5,ortools-gls,1176.841448,5.001517,True,"[[0, 135, 105, 71, 81, 124, 50, 197, 194, 42, 122, 54, 187, 60, 163, 169, 148, 35, 45, 189, 154, 131, 92, 188, 170, 165, 136, 15, 190, 94, 123, 186, 87, 14, 29, 153, 117, 157, 69, 1, 139, 118, 199, 74, 115, 19, 30, 5, 166, 178, 39, 183, 63, 90, 95, 61, 8, 28, 4, 3, 17, 125, 120, 142, 128, 134, 175, 141, 26, 121, 162, 108, 195, 33, 184, 10, 176, 57, 84, 34, 18, 65, 82, 110, 191, 137, 168, 143, 79, 89, 16, 73, 64, 46, 145, 68, 75, 107, 111, 48, 140, 164, 97, 25, 83, 72, 167, 24, 13, 161, 185, 44, 62, 196, 86, 106, 85, 152, 172, 91, 88, 70, 31, 53, 198, 149, 193, 129, 78, 173, 104, 59, 113, 171, 20, 100, 43, 102, 27, 36, 51, 96, 119, 38, 180, 66, 47, 77, 37, 159, 56, 67, 126, 109, 144, 58, 52, 11, 12, 182, 98, 146, 177, 9, 158, 22, 155, 99, 181, 41, 151, 76, 156, 55, 160, 192, 49, 127, 21, 132, 7, 174, 93, 80, 133, 40, 103, 179, 116, 130, 150, 23, 101, 147, 112, 6, 114, 2, 32, 138, 0], [0, 0], [0, 0], [0, 0], [0, 0]]",ok
n200_m5_r02.txt,data\mtsp\generated\n200_m5_r02.txt,200,5,ortools-gls,1158.997195,5.001208,True,"[[0, 138, 114, 119, 63, 184, 135, 139, 121, 37, 51, 38, 172, 151, 94, 99, 17, 14, 115, 45, 173, 162, 67, 156, 24, 189, 178, 84, 58, 23, 117, 154, 188, 87, 134, 127, 20, 86, 174, 163, 41, 177, 116, 50, 34, 29, 190, 96, 26, 176, 106, 48, 16, 169, 71, 74, 32, 112, 81, 98, 75, 148, 66, 180, 52, 53, 165, 64, 191, 62, 140, 57, 159, 25, 170, 182, 65, 111, 150, 196, 19, 158, 192, 42, 83, 39, 2, 43, 125, 101, 95, 124, 195, 126, 109, 143, 157, 4, 56, 166, 153, 5, 8, 142, 145, 198, 3, 28, 108, 73, 70, 113, 79, 61, 40, 9, 164, 36, 171, 194, 97, 175, 92, 167, 122, 68, 141, 54, 6, 13, 149, 144, 72, 77, 136, 131, 107, 120, 100, 147, 47, 185, 181, 7, 155, 80, 129, 102, 82, 128, 89, 31, 15, 18, 133, 104, 35, 161, 91, 183, 46, 49, 168, 118, 85, 103, 78, 76, 10, 1, 110, 88, 197, 69, 152, 160, 22, 146, 27, 55, 21, 93, 123, 59, 12, 30, 105, 193, 90, 44, 130, 132, 137, 186, 60, 11, 33, 199, 187, 179, 0], [0, 0], [0, 0], [0, 0], [0, 0]]",ok
n200_m5_r03.txt,data\mtsp\generated\n200_m5_r03.txt,200,5,ortools-gls,1159.956977,5.004157,True,"[[0, 136, 37, 195, 93, 187, 90, 172, 83, 4, 126, 44, 96, 186, 138, 143, 28, 107, 75, 106, 184, 196, 97, 102, 82, 191, 134, 99, 176, 53, 183, 164, 177, 170, 6, 29, 70, 72, 101, 91, 66, 142, 105, 162, 39, 31, 190, 113, 5, 175, 45, 54, 122, 104, 7, 76, 89, 115, 128, 135, 159, 92, 80, 199, 137, 180, 86, 188, 114, 47, 56, 87, 8, 145, 118, 10, 171, 127, 88, 60, 156, 98, 144, 121, 35, 109, 133, 194, 43, 125, 167, 146, 24, 46, 173, 50, 22, 32, 151, 112, 23, 21, 16, 108, 153, 140, 85, 166, 1, 193, 158, 33, 81, 61, 27, 100, 79, 169, 18, 117, 42, 154, 168, 111, 25, 19, 116, 152, 185, 179, 67, 174, 68, 3, 149, 30, 198, 182, 165, 78, 120, 157, 71, 74, 192, 84, 119, 63, 59, 131, 58, 129, 163, 2, 17, 110, 160, 41, 57, 14, 52, 189, 26, 132, 11, 12, 13, 64, 178, 36, 73, 123, 181, 49, 69, 65, 161, 150, 103, 94, 20, 9, 55, 77, 139, 62, 34, 148, 141, 130, 124, 38, 51, 48, 147, 155, 197, 95, 15, 40, 0], [0, 0], [0, 0], [0, 0], [0, 0]]",ok
n200_m5_r04.txt,data\mtsp\generated\n200_m5_r04.txt,200,5,ortools-gls,1124.680357,5.001663,True,"[[0, 154, 197, 93, 3, 21, 48, 31, 162, 123, 16, 124, 89, 148, 76, 179, 85, 192, 170, 199, 182, 165, 167, 97, 81, 88, 50, 73, 39, 4, 159, 25, 9, 131, 70, 120, 7, 172, 26, 102, 52, 133, 181, 132, 22, 11, 35, 59, 112, 82, 58, 194, 63, 139, 118, 143, 2, 18, 90, 57, 180, 187, 125, 173, 169, 190, 69, 109, 23, 99, 147, 66, 176, 78, 54, 152, 130, 13, 55, 188, 40, 46, 77, 56, 137, 51, 155, 45, 64, 74, 111, 67, 119, 38, 44, 103, 41, 104, 107, 20, 80, 92, 145, 108, 161, 151, 185, 37, 42, 183, 171, 83, 71, 157, 24, 196, 65, 5, 163, 47, 184, 94, 117, 49, 140, 33, 8, 136, 160, 79, 122, 98, 121, 144, 95, 191, 177, 91, 1, 134, 14, 142, 32, 84, 164, 156, 75, 149, 127, 17, 72, 30, 60, 166, 135, 178, 96, 128, 138, 10, 150, 146, 86, 43, 101, 68, 186, 175, 62, 153, 115, 19, 87, 189, 28, 198, 105, 36, 29, 12, 158, 15, 193, 113, 34, 174, 100, 126, 116, 195, 6, 27, 141, 168, 129, 106, 61, 53, 114, 110, 0], [0, 0], [0, 0], [0, 0], [0, 0]]",ok
n200_m5_r05.txt,data\mtsp\generated\n200_m5_r05.txt,200,5,ortools-gls,1129.378684,5.002619,True,"[[0, 110, 57, 1, 71, 190, 139, 86, 142, 186, 11, 114, 161, 21, 49, 183, 107, 147, 24, 179, 53, 109, 5, 127, 28, 188, 162, 45, 85, 46, 37, 34, 43, 16, 159, 121, 122, 22, 20, 7, 152, 36, 102, 131, 180, 187, 128, 70, 177, 48, 174, 125, 54, 196, 69, 4, 89, 66, 2, 133, 184, 136, 143, 84, 29, 59, 42, 138, 175, 68, 47, 39, 111, 168, 44, 185, 151, 12, 145, 91, 189, 74, 10, 166, 160, 13, 146, 150, 15, 81, 40, 63, 31, 51, 41, 157, 199, 55, 198, 62, 9, 176, 164, 124, 170, 96, 118, 171, 64, 165, 67, 75, 94, 144, 61, 153, 194, 191, 87, 197, 14, 126, 76, 83, 117, 193, 65, 123, 192, 135, 98, 92, 79, 50, 106, 6, 93, 137, 26, 103, 130, 156, 23, 120, 134, 88, 73, 30, 95, 141, 38, 169, 3, 90, 60, 18, 116, 132, 58, 56, 35, 155, 72, 178, 167, 140, 32, 100, 113, 148, 99, 78, 163, 97, 173, 105, 129, 195, 172, 8, 101, 149, 112, 33, 52, 25, 119, 80, 154, 158, 115, 19, 104, 182, 181, 82, 77, 17, 108, 27, 0], [0, 0], [0, 0], [0, 0], [0, 0]]",ok
n20_m2_r01.txt,data\mtsp\generated\n20_m2_r01.txt,20,2,ortools-gls,354.594397,5.001025,True,"[[0, 17, 6, 4, 15, 11, 12, 19, 9, 8, 10, 18, 14, 2, 16, 7, 5, 3, 13, 1, 0], [0, 0]]",ok
n20_m2_r02.txt,data\mtsp\generated\n20_m2_r02.txt,20,2,ortools-gls,349.053073,5.000115,True,"[[0, 6, 5, 16, 2, 19, 13, 12, 17, 18, 4, 10, 3, 11, 8, 15, 9, 1, 7, 14, 0], [0, 0]]",ok
n20_m2_r03.txt,data\mtsp\generated\n20_m2_r03.txt,20,2,ortools-gls,408.533625,5.001371,True,"[[0, 0], [0, 2, 16, 4, 19, 14, 11, 17, 10, 12, 3, 9, 6, 1, 7, 8, 5, 13, 15, 18, 0]]",ok
n20_m2_r04.txt,data\mtsp\generated\n20_m2_r04.txt,20,2,ortools-gls,351.088278,5.001413,True,"[[0, 5, 14, 19, 10, 3, 7, 9, 17, 15, 11, 12, 4, 2, 16, 18, 6, 13, 8, 1, 0], [0, 0]]",ok
n20_m2_r05.txt,data\mtsp\generated\n20_m2_r05.txt,20,2,ortools-gls,304.991598,5.000767,True,"[[0, 12, 19, 17, 9, 1, 6, 18, 5, 11, 2, 7, 3, 8, 16, 15, 4, 14, 10, 13, 0], [0, 0]]",ok
n20_m3_r01.txt,data\mtsp\generated\n20_m3_r01.txt,20,3,ortools-gls,355.434532,5.000937,True,"[[0, 8, 9, 13, 7, 6, 14, 18, 10, 1, 12, 2, 16, 11, 5, 17, 19, 4, 3, 15, 0], [0, 0], [0, 0]]",ok
n20_m3_r02.txt,data\mtsp\generated\n20_m3_r02.txt,20,3,ortools-gls,397.837332,5.000839,True,"[[0, 6, 16, 13, 8, 3, 11, 1, 2, 12, 7, 18, 14, 17, 15, 9, 19, 4, 10, 5, 0], [0, 0], [0, 0]]",ok
n20_m3_r03.txt,data\mtsp\generated\n20_m3_r03.txt,20,3,ortools-gls,390.972932,5.000279,True,"[[0, 5, 12, 18, 7, 19, 3, 9, 8, 17, 4, 10, 2, 16, 1, 13, 15, 11, 14, 6, 0], [0, 0], [0, 0]]",ok
n20_m3_r04.txt,data\mtsp\generated\n20_m3_r04.txt,20,3,ortools-gls,432.82622,5.000533,True,"[[0, 0], [0, 17, 11, 6, 19, 15, 1, 7, 3, 2, 8, 13, 9, 10, 18, 14, 12, 5, 4, 16, 0], [0, 0]]",ok
n20_m3_r05.txt,data\mtsp\generated\n20_m3_r05.txt,20,3,ortools-gls,321.057713,5.000111,True,"[[0, 8, 6, 7, 15, 16, 13, 1, 18, 19, 4, 11, 5, 9, 14, 12, 2, 10, 3, 17, 0], [0, 0], [0, 0]]",ok
n20_m5_r01.txt,data\mtsp\generated\n20_m5_r01.txt,20,5,ortools-gls,381.823893,5.000409,True,"[[0, 0], [0, 0], [0, 9, 4, 12, 5, 8, 14, 1, 7, 2, 3, 13, 19, 18, 16, 10, 15, 11, 17, 6, 0], [0, 0], [0, 0]]",ok
n20_m5_r02.txt,data\mtsp\generated\n20_m5_r02.txt,20,5,ortools-gls,406.145196,5.000428,True,"[[0, 12, 9, 16, 3, 10, 15, 13, 4, 1, 6, 7, 5, 17, 2, 18, 11, 14, 19, 8, 0], [0, 0], [0, 0], [0, 0], [0, 0]]",ok
n20_m5_r03.txt,data\mtsp\generated\n20_m5_r03.txt,20,5,ortools-gls,439.349003,5.000842,True,"[[0, 7, 1, 14, 9, 10, 3, 13, 18, 16, 12, 19, 15, 8, 17, 6, 11, 5, 2, 4, 0], [0, 0], [0, 0], [0, 0], [0, 0]]",ok
n20_m5_r04.txt,data\mtsp\generated\n20_m5_r04.txt,20,5,ortools-gls,430.764369,5.000552,True,"[[0, 0], [0, 0], [0, 12, 9, 4, 3, 11, 19, 8, 15, 7, 10, 14, 2, 13, 5, 16, 6, 17, 1, 18, 0], [0, 0], [0, 0]]",ok
n20_m5_r05.txt,data\mtsp\generated\n20_m5_r05.txt,20,5,ortools-gls,379.190313,5.000306,True,"[[0, 14, 1, 5, 19, 15, 7, 12, 4, 9, 3, 18, 13, 16, 2, 10, 6, 8, 17, 11, 0], [0, 0], [0, 0], [0, 0], [0, 0]]",ok
n50_m2_r01.txt,data\mtsp\generated\n50_m2_r01.txt,50,2,ortools-gls,576.990455,5.009627,True,"[[0, 44, 8, 26, 14, 5, 22, 1, 3, 36, 15, 19, 13, 42, 6, 9, 27, 12, 2, 33, 45, 18, 4, 28, 29, 43, 47, 40, 32, 20, 39, 35, 37, 21, 31, 17, 41, 38, 49, 11, 7, 30, 48, 10, 25, 46, 23, 24, 34, 16, 0], [0, 0]]",ok
n50_m2_r02.txt,data\mtsp\generated\n50_m2_r02.txt,50,2,ortools-gls,525.30792,5.000722,True,"[[0, 15, 35, 5, 33, 44, 42, 4, 31, 36, 6, 20, 2, 1, 18, 17, 23, 29, 30, 45, 3, 11, 41, 10, 46, 27, 25, 37, 13, 21, 48, 32, 40, 22, 26, 16, 12, 43, 39, 28, 8, 38, 24, 34, 47, 7, 49, 9, 19, 14, 0], [0, 0]]",ok
n50_m2_r03.txt,data\mtsp\generated\n50_m2_r03.txt,50,2,ortools-gls,584.218678,5.000419,True,"[[0, 20, 28, 45, 18, 33, 39, 27, 44, 48, 37, 36, 21, 6, 16, 15, 4, 25, 29, 24, 38, 11, 12, 22, 2, 5, 17, 40, 26, 49, 9, 43, 41, 42, 19, 30, 8, 10, 14, 31, 34, 47, 3, 7, 1, 32, 13, 35, 46, 23, 0], [0, 0]]",ok
n50_m2_r04.txt,data\mtsp\generated\n50_m2_r04.txt,50,2,ortools-gls,617.194256,5.000702,True,"[[0, 12, 46, 3, 25, 40, 31, 13, 24, 32, 9, 7, 41, 19, 42, 36, 49, 4, 35, 30, 17, 8, 48, 34, 27, 37, 10, 1, 39, 45, 18, 6, 28, 23, 22, 16, 11, 5, 20, 43, 29, 2, 44, 26, 33, 21, 15, 14, 47, 38, 0], [0, 0]]",ok
n50_m2_r05.txt,data\mtsp\generated\n50_m2_r05.txt,50,2,ortools-gls,591.190394,5.002847,True,"[[0, 14, 39, 5, 8, 10, 23, 34, 42, 9, 35, 29, 19, 26, 32, 44, 17, 21, 6, 1, 25, 48, 22, 15, 11, 3, 4, 49, 16, 47, 20, 12, 37, 7, 43, 38, 13, 18, 33, 24, 27, 31, 40, 45, 30, 36, 2, 46, 41, 28, 0], [0, 0]]",ok
n50_m3_r01.txt,data\mtsp\generated\n50_m3_r01.txt,50,3,ortools-gls,588.257207,5.000062,True,"[[0, 2, 15, 37, 43, 47, 28, 21, 46, 1, 25, 17, 18, 13, 49, 31, 44, 32, 38, 7, 45, 48, 11, 12, 42, 19, 14, 5, 22, 9, 30, 27, 23, 36, 24, 33, 3, 26, 40, 10, 41, 39, 6, 34, 20, 4, 29, 8, 16, 35, 0], [0, 0], [0, 0]]",ok
n50_m3_r02.txt,data\mtsp\generated\n50_m3_r02.txt,50,3,ortools-gls,594.010773,5.00063,True,"[[0, 19, 12, 48, 20, 13, 38, 4, 44, 27, 37, 1, 41, 9, 32, 36, 23, 2, 24, 10, 25, 8, 40, 11, 47, 28, 14, 22, 15, 21, 35, 45, 31, 46, 7, 6, 16, 5, 42, 18, 43, 17, 26, 30, 49, 34, 39, 29, 33, 3, 0], [0, 0], [0, 0]]",ok
n50_m3_r03.txt,data\mtsp\generated\n50_m3_r03.txt,50,3,ortools-gls,620.924169,5.000357,True,"[[0, 41, 26, 5, 11, 12, 22, 38, 36, 49, 10, 28, 17, 40, 14, 27, 23, 47, 15, 20, 19, 33, 37, 39, 6, 35, 4, 29, 9, 1, 30, 44, 45, 48, 25, 8, 2, 21, 43, 31, 16, 18, 34, 24, 3, 7, 42, 32, 13, 46, 0], [0, 0], [0, 0]]",ok
n50_m3_r04.txt,data\mtsp\generated\n50_m3_r04.txt,50,3,ortools-gls,561.837692,5.000226,True,"[[0, 41, 45, 6, 43, 32, 10, 49, 12, 25, 33, 27, 46, 39, 26, 17, 9, 34, 4, 18, 30, 28, 16, 29, 36, 24, 11, 1, 38, 15, 42, 21, 31, 48, 37, 20, 8, 14, 44, 13, 7, 3, 19, 22, 2, 35, 23, 47, 40, 5, 0], [0, 0], [0, 0]]",ok
n50_m3_r05.txt,data\mtsp\generated\n50_m3_r05.txt,50,3,ortools-gls,576.265521,5.000088,True,"[[0, 14, 31, 8, 2, 33, 32, 24, 30, 19, 38, 6, 36, 25, 41, 35, 49, 9, 47, 13, 28, 48, 16, 12, 23, 17, 42, 27, 46, 15, 21, 1, 20, 40, 4, 5, 45, 26, 37, 22, 7, 39, 11, 3, 44, 43, 18, 10, 34, 29, 0], [0, 0], [0, 0]]",ok
n50_m5_r01.txt,data\mtsp\generated\n50_m5_r01.txt,50,5,ortools-gls,574.071163,5.002668,True,"[[0, 19, 22, 47, 37, 9, 46, 13, 24, 32, 25, 2, 3, 45, 36, 33, 7, 10, 28, 31, 30, 5, 12, 4, 23, 40, 34, 8, 18, 41, 15, 26, 29, 6, 27, 43, 11, 49, 17, 20, 21, 38, 42, 48, 35, 44, 14, 16, 39, 1, 0], [0, 0], [0, 0], [0, 0], [0, 0]]",ok
n50_m5_r02.txt,data\mtsp\generated\n50_m5_r02.txt,50,5,ortools-gls,624.500882,5.001659,True,"[[0, 17, 7, 10, 42, 35, 39, 25, 45, 12, 38, 6, 5, 29, 31, 21, 13, 4, 47, 43, 34, 11, 30, 22, 23, 48, 20, 9, 33, 28, 16, 49, 1, 3, 46, 27, 2, 40, 41, 32, 18, 8, 26, 36, 24, 15, 44, 14, 19, 37, 0], [0, 0], [0, 0], [0, 0], [0, 0]]",ok
n50_m5_r03.txt,data\mtsp\generated\n50_m5_r03.txt,50,5,ortools-gls,591.115041,5.000548,True,"[[0, 32, 49, 33, 25, 23, 31, 21, 47, 19, 5, 16, 17, 41, 20, 3, 9, 36, 24, 4, 10, 1, 46, 7, 8, 27, 40, 22, 15, 34, 35, 45, 2, 37, 11, 18, 26, 30, 14, 38, 44, 43, 6, 42, 28, 48, 29, 39, 13, 12, 0], [0, 0], [0, 0], [0, 0], [0, 0]]",ok
n50_m5_r04.txt,data\mtsp\generated\n50_m5_r04.txt,50,5,ortools-gls,566.021614,5.002436,True,"[[0, 10, 5, 31, 45, 24, 1, 27, 39, 23, 25, 22, 33, 11, 29, 26, 2, 37, 46, 28, 30, 43, 40, 15, 16, 34, 19, 21, 32, 4, 6, 7, 9, 20, 38, 8, 41, 42, 18, 14, 44, 35, 17, 36, 48, 13, 49, 12, 3, 47, 0], [0, 0], [0, 0], [0, 0], [0, 0]]",ok
n50_m5_r05.txt,data\mtsp\generated\n50_m5_r05.txt,50,5,ortools-gls,583.694474,5.002927,True,"[[0, 2, 48, 32, 9, 27, 25, 41, 10, 3, 39, 11, 13, 22, 40, 18, 1, 17, 28, 31, 8, 20, 45, 23, 14, 38, 4, 29, 30, 37, 33, 35, 34, 15, 43, 12, 36, 5, 46, 21, 16, 24, 49, 19, 26, 7, 47, 6, 42, 44, 0], [0, 0], [0, 0], [0, 0], [0, 0]]",ok
