instance_family,instance,path,node_count,salesman_count,solver,objective,time_seconds,valid,reference_solver,reference_objective,reference_time_seconds,reference_valid,objective_gap,relative_gap_percent
uniform,n100_m2_r01.txt,data\mtsp\generated\n100_m2_r01.txt,100,2,lkh-wrapper-v1,871.7176648556115,0.01699,True,ortools-gls,798.699339,5.000543,True,73.018326,9.142154
uniform,n100_m2_r01.txt,data\mtsp\generated\n100_m2_r01.txt,100,2,lkh-wrapper-v2,842.8565423595294,0.020529,True,ortools-gls,798.699339,5.000543,True,44.157203,5.528639
uniform,n100_m2_r01.txt,data\mtsp\generated\n100_m2_r01.txt,100,2,lkh-wrapper-v3,872.5016278231517,0.014129,True,ortools-gls,798.699339,5.000543,True,73.802289,9.240309
uniform,n100_m2_r02.txt,data\mtsp\generated\n100_m2_r02.txt,100,2,lkh-wrapper-v1,858.1991388060242,0.010431,True,ortools-gls,745.026795,5.000233,True,113.172344,15.190372
uniform,n100_m2_r02.txt,data\mtsp\generated\n100_m2_r02.txt,100,2,lkh-wrapper-v2,789.2844420097781,0.004685,True,ortools-gls,745.026795,5.000233,True,44.257647,5.94041
uniform,n100_m2_r02.txt,data\mtsp\generated\n100_m2_r02.txt,100,2,lkh-wrapper-v3,816.9467273253285,0.006498,True,ortools-gls,745.026795,5.000233,True,71.919932,9.653335
uniform,n100_m2_r03.txt,data\mtsp\generated\n100_m2_r03.txt,100,2,lkh-wrapper-v1,918.5185969037366,0.007233,True,ortools-gls,775.387651,5.000449,True,143.130946,18.459276
uniform,n100_m2_r03.txt,data\mtsp\generated\n100_m2_r03.txt,100,2,lkh-wrapper-v2,785.9856945291924,0.005649,True,ortools-gls,775.387651,5.000449,True,10.598044,1.366806
uniform,n100_m2_r03.txt,data\mtsp\generated\n100_m2_r03.txt,100,2,lkh-wrapper-v3,788.2675737185205,0.006131,True,ortools-gls,775.387651,5.000449,True,12.879923,1.661095
uniform,n100_m2_r04.txt,data\mtsp\generated\n100_m2_r04.txt,100,2,lkh-wrapper-v1,912.542360535148,0.01775,True,ortools-gls,849.002774,5.000448,True,63.539587,7.484026
uniform,n100_m2_r04.txt,data\mtsp\generated\n100_m2_r04.txt,100,2,lkh-wrapper-v2,864.7970439419583,0.007338,True,ortools-gls,849.002774,5.000448,True,15.79427,1.860332
uniform,n100_m2_r04.txt,data\mtsp\generated\n100_m2_r04.txt,100,2,lkh-wrapper-v3,870.4861391895942,0.004716,True,ortools-gls,849.002774,5.000448,True,21.483365,2.530423
uniform,n100_m2_r05.txt,data\mtsp\generated\n100_m2_r05.txt,100,2,lkh-wrapper-v1,862.2690799716593,0.006245,True,ortools-gls,785.248236,5.004294,True,77.020844,9.808471
uniform,n100_m2_r05.txt,data\mtsp\generated\n100_m2_r05.txt,100,2,lkh-wrapper-v2,873.5664259371681,0.008718,True,ortools-gls,785.248236,5.004294,True,88.31819,11.247168
uniform,n100_m2_r05.txt,data\mtsp\generated\n100_m2_r05.txt,100,2,lkh-wrapper-v3,875.6162357227361,0.007842,True,ortools-gls,785.248236,5.004294,True,90.368,11.508208
uniform,n100_m2_r06.txt,data\mtsp\generated\n100_m2_r06.txt,100,2,lkh-wrapper-v1,792.6607949647403,0.003832,True,ortools-gls,768.865595,5.000715,True,23.7952,3.094845
uniform,n100_m2_r06.txt,data\mtsp\generated\n100_m2_r06.txt,100,2,lkh-wrapper-v2,769.804100709802,0.007236,True,ortools-gls,768.865595,5.000715,True,0.938506,0.122064
uniform,n100_m2_r06.txt,data\mtsp\generated\n100_m2_r06.txt,100,2,lkh-wrapper-v3,797.737410957116,0.008718,True,ortools-gls,768.865595,5.000715,True,28.871816,3.755119
uniform,n100_m2_r07.txt,data\mtsp\generated\n100_m2_r07.txt,100,2,lkh-wrapper-v1,948.71687250079,0.031898,True,ortools-gls,749.123052,5.000117,True,199.593821,26.643663
uniform,n100_m2_r07.txt,data\mtsp\generated\n100_m2_r07.txt,100,2,lkh-wrapper-v2,793.3204281408724,0.005063,True,ortools-gls,749.123052,5.000117,True,44.197376,5.899882
uniform,n100_m2_r07.txt,data\mtsp\generated\n100_m2_r07.txt,100,2,lkh-wrapper-v3,784.3083128959353,0.006114,True,ortools-gls,749.123052,5.000117,True,35.185261,4.69686
uniform,n100_m2_r08.txt,data\mtsp\generated\n100_m2_r08.txt,100,2,lkh-wrapper-v1,862.3903381289863,0.013762,True,ortools-gls,803.101942,5.000522,True,59.288396,7.382425
uniform,n100_m2_r08.txt,data\mtsp\generated\n100_m2_r08.txt,100,2,lkh-wrapper-v2,824.4996230943896,0.007986,True,ortools-gls,803.101942,5.000522,True,21.397681,2.664379
uniform,n100_m2_r08.txt,data\mtsp\generated\n100_m2_r08.txt,100,2,lkh-wrapper-v3,826.8190594664243,0.006196,True,ortools-gls,803.101942,5.000522,True,23.717117,2.953189
uniform,n100_m2_r09.txt,data\mtsp\generated\n100_m2_r09.txt,100,2,lkh-wrapper-v1,876.1530636604247,0.009754,True,ortools-gls,798.156477,5.000594,True,77.996587,9.772092
uniform,n100_m2_r09.txt,data\mtsp\generated\n100_m2_r09.txt,100,2,lkh-wrapper-v2,863.4695891812432,0.008702,True,ortools-gls,798.156477,5.000594,True,65.313112,8.182996
uniform,n100_m2_r09.txt,data\mtsp\generated\n100_m2_r09.txt,100,2,lkh-wrapper-v3,892.4638152525742,0.004908,True,ortools-gls,798.156477,5.000594,True,94.307338,11.815645
uniform,n100_m2_r10.txt,data\mtsp\generated\n100_m2_r10.txt,100,2,lkh-wrapper-v1,839.3004578971792,0.011804,True,ortools-gls,804.87552,5.000594,True,34.424938,4.277051
uniform,n100_m2_r10.txt,data\mtsp\generated\n100_m2_r10.txt,100,2,lkh-wrapper-v2,844.5219872329712,0.005137,True,ortools-gls,804.87552,5.000594,True,39.646467,4.925789
uniform,n100_m2_r10.txt,data\mtsp\generated\n100_m2_r10.txt,100,2,lkh-wrapper-v3,841.1012210132257,0.00552,True,ortools-gls,804.87552,5.000594,True,36.225701,4.500783
uniform,n100_m3_r01.txt,data\mtsp\generated\n100_m3_r01.txt,100,3,lkh-wrapper-v1,1029.564753009231,0.015812,True,ortools-gls,816.857599,5.00134,True,212.707154,26.039686
uniform,n100_m3_r01.txt,data\mtsp\generated\n100_m3_r01.txt,100,3,lkh-wrapper-v2,944.0537070445853,0.012332,True,ortools-gls,816.857599,5.00134,True,127.196108,15.571393
uniform,n100_m3_r01.txt,data\mtsp\generated\n100_m3_r01.txt,100,3,lkh-wrapper-v3,944.0537070445853,0.006345,True,ortools-gls,816.857599,5.00134,True,127.196108,15.571393
uniform,n100_m3_r02.txt,data\mtsp\generated\n100_m3_r02.txt,100,3,lkh-wrapper-v1,947.1037214041395,0.011751,True,ortools-gls,844.760762,5.00042,True,102.342959,12.115023
uniform,n100_m3_r02.txt,data\mtsp\generated\n100_m3_r02.txt,100,3,lkh-wrapper-v2,881.0567081332235,0.006842,True,ortools-gls,844.760762,5.00042,True,36.295946,4.296595
uniform,n100_m3_r02.txt,data\mtsp\generated\n100_m3_r02.txt,100,3,lkh-wrapper-v3,892.920978425923,0.005946,True,ortools-gls,844.760762,5.00042,True,48.160216,5.701048
uniform,n100_m3_r03.txt,data\mtsp\generated\n100_m3_r03.txt,100,3,lkh-wrapper-v1,1080.8821286073328,0.018109,True,ortools-gls,892.309825,5.00059,True,188.572304,21.133053
uniform,n100_m3_r03.txt,data\mtsp\generated\n100_m3_r03.txt,100,3,lkh-wrapper-v2,954.8335860014408,0.008882,True,ortools-gls,892.309825,5.00059,True,62.523761,7.006956
uniform,n100_m3_r03.txt,data\mtsp\generated\n100_m3_r03.txt,100,3,lkh-wrapper-v3,956.2375399017853,0.004326,True,ortools-gls,892.309825,5.00059,True,63.927715,7.164296
uniform,n100_m3_r04.txt,data\mtsp\generated\n100_m3_r04.txt,100,3,lkh-wrapper-v1,1060.5551145393038,0.018265,True,ortools-gls,774.205281,5.000654,True,286.349834,36.986293
uniform,n100_m3_r04.txt,data\mtsp\generated\n100_m3_r04.txt,100,3,lkh-wrapper-v2,898.606731293278,0.005669,True,ortools-gls,774.205281,5.000654,True,124.40145,16.068277
uniform,n100_m3_r04.txt,data\mtsp\generated\n100_m3_r04.txt,100,3,lkh-wrapper-v3,891.4925655984425,0.00444,True,ortools-gls,774.205281,5.000654,True,117.287285,15.149378
uniform,n100_m3_r05.txt,data\mtsp\generated\n100_m3_r05.txt,100,3,lkh-wrapper-v1,917.2991788032372,0.012212,True,ortools-gls,836.115648,5.000988,True,81.183531,9.709606
uniform,n100_m3_r05.txt,data\mtsp\generated\n100_m3_r05.txt,100,3,lkh-wrapper-v2,912.5250389551959,0.005493,True,ortools-gls,836.115648,5.000988,True,76.409391,9.138615
uniform,n100_m3_r05.txt,data\mtsp\generated\n100_m3_r05.txt,100,3,lkh-wrapper-v3,904.0610037340342,0.005899,True,ortools-gls,836.115648,5.000988,True,67.945356,8.126311
uniform,n100_m3_r06.txt,data\mtsp\generated\n100_m3_r06.txt,100,3,lkh-wrapper-v1,871.256209224186,0.009031,True,ortools-gls,815.568452,5.000967,True,55.687757,6.828091
uniform,n100_m3_r06.txt,data\mtsp\generated\n100_m3_r06.txt,100,3,lkh-wrapper-v2,889.2464085783639,0.006687,True,ortools-gls,815.568452,5.000967,True,73.677957,9.033939
uniform,n100_m3_r06.txt,data\mtsp\generated\n100_m3_r06.txt,100,3,lkh-wrapper-v3,887.4800443988823,0.005571,True,ortools-gls,815.568452,5.000967,True,71.911592,8.817358
uniform,n100_m3_r07.txt,data\mtsp\generated\n100_m3_r07.txt,100,3,lkh-wrapper-v1,1108.3684239130073,0.016167,True,ortools-gls,832.322765,5.000776,True,276.045659,33.165699
uniform,n100_m3_r07.txt,data\mtsp\generated\n100_m3_r07.txt,100,3,lkh-wrapper-v2,869.9362556614676,0.008628,True,ortools-gls,832.322765,5.000776,True,37.613491,4.519099
uniform,n100_m3_r07.txt,data\mtsp\generated\n100_m3_r07.txt,100,3,lkh-wrapper-v3,869.5904596997516,0.006403,True,ortools-gls,832.322765,5.000776,True,37.267695,4.477553
uniform,n100_m3_r08.txt,data\mtsp\generated\n100_m3_r08.txt,100,3,lkh-wrapper-v1,1107.5833339460305,0.02395,True,ortools-gls,857.475541,5.000486,True,250.107793,29.167922
uniform,n100_m3_r08.txt,data\mtsp\generated\n100_m3_r08.txt,100,3,lkh-wrapper-v2,900.2195726113423,0.014785,True,ortools-gls,857.475541,5.000486,True,42.744032,4.984869
uniform,n100_m3_r08.txt,data\mtsp\generated\n100_m3_r08.txt,100,3,lkh-wrapper-v3,903.7258621277899,0.007021,True,ortools-gls,857.475541,5.000486,True,46.250321,5.393777
uniform,n100_m3_r09.txt,data\mtsp\generated\n100_m3_r09.txt,100,3,lkh-wrapper-v1,1070.9917592771317,0.027456,True,ortools-gls,822.735604,5.001044,True,248.256155,30.174476
uniform,n100_m3_r09.txt,data\mtsp\generated\n100_m3_r09.txt,100,3,lkh-wrapper-v2,905.990572408602,0.007743,True,ortools-gls,822.735604,5.001044,True,83.254968,10.119286
uniform,n100_m3_r09.txt,data\mtsp\generated\n100_m3_r09.txt,100,3,lkh-wrapper-v3,894.9256228277484,0.007083,True,ortools-gls,822.735604,5.001044,True,72.190019,8.774389
uniform,n100_m3_r10.txt,data\mtsp\generated\n100_m3_r10.txt,100,3,lkh-wrapper-v1,904.8394705187637,0.008166,True,ortools-gls,784.00761,5.000676,True,120.831861,15.412078
uniform,n100_m3_r10.txt,data\mtsp\generated\n100_m3_r10.txt,100,3,lkh-wrapper-v2,924.0559194949336,0.005209,True,ortools-gls,784.00761,5.000676,True,140.048309,17.863131
uniform,n100_m3_r10.txt,data\mtsp\generated\n100_m3_r10.txt,100,3,lkh-wrapper-v3,916.3605994697073,0.005019,True,ortools-gls,784.00761,5.000676,True,132.352989,16.881595
uniform,n100_m5_r01.txt,data\mtsp\generated\n100_m5_r01.txt,100,5,lkh-wrapper-v1,1122.2372382165352,0.013526,True,ortools-gls,795.98205,5.001226,True,326.255188,40.987757
uniform,n100_m5_r01.txt,data\mtsp\generated\n100_m5_r01.txt,100,5,lkh-wrapper-v2,950.4949708081105,0.007111,True,ortools-gls,795.98205,5.001226,True,154.512921,19.411609
uniform,n100_m5_r01.txt,data\mtsp\generated\n100_m5_r01.txt,100,5,lkh-wrapper-v3,955.9991601023225,0.005226,True,ortools-gls,795.98205,5.001226,True,160.01711,20.103105
uniform,n100_m5_r02.txt,data\mtsp\generated\n100_m5_r02.txt,100,5,lkh-wrapper-v1,1113.6645598778748,0.015571,True,ortools-gls,839.697049,5.001059,True,273.967511,32.626947
uniform,n100_m5_r02.txt,data\mtsp\generated\n100_m5_r02.txt,100,5,lkh-wrapper-v2,1070.4939595913265,0.010059,True,ortools-gls,839.697049,5.001059,True,230.796911,27.485736
uniform,n100_m5_r02.txt,data\mtsp\generated\n100_m5_r02.txt,100,5,lkh-wrapper-v3,1072.2092646905546,0.006614,True,ortools-gls,839.697049,5.001059,True,232.512216,27.690012
uniform,n100_m5_r03.txt,data\mtsp\generated\n100_m5_r03.txt,100,5,lkh-wrapper-v1,1097.8141314926029,0.016324,True,ortools-gls,816.160933,5.004235,True,281.653198,34.509517
uniform,n100_m5_r03.txt,data\mtsp\generated\n100_m5_r03.txt,100,5,lkh-wrapper-v2,943.25048788474,0.00759,True,ortools-gls,816.160933,5.004235,True,127.089555,15.571629
uniform,n100_m5_r03.txt,data\mtsp\generated\n100_m5_r03.txt,100,5,lkh-wrapper-v3,1003.0061924704399,0.00621,True,ortools-gls,816.160933,5.004235,True,186.845259,22.893188
uniform,n100_m5_r04.txt,data\mtsp\generated\n100_m5_r04.txt,100,5,lkh-wrapper-v1,1253.1721752978697,0.019427,True,ortools-gls,806.112506,5.000687,True,447.059669,55.458719
uniform,n100_m5_r04.txt,data\mtsp\generated\n100_m5_r04.txt,100,5,lkh-wrapper-v2,970.2976443271149,0.0104,True,ortools-gls,806.112506,5.000687,True,164.185138,20.367522
uniform,n100_m5_r04.txt,data\mtsp\generated\n100_m5_r04.txt,100,5,lkh-wrapper-v3,962.2890847492638,0.005926,True,ortools-gls,806.112506,5.000687,True,156.176579,19.374042
uniform,n100_m5_r05.txt,data\mtsp\generated\n100_m5_r05.txt,100,5,lkh-wrapper-v1,1273.6509946301815,0.038011,True,ortools-gls,791.160334,4.999905,True,482.490661,60.985194
uniform,n100_m5_r05.txt,data\mtsp\generated\n100_m5_r05.txt,100,5,lkh-wrapper-v2,914.0764555303356,0.011477,True,ortools-gls,791.160334,4.999905,True,122.916122,15.536184
uniform,n100_m5_r05.txt,data\mtsp\generated\n100_m5_r05.txt,100,5,lkh-wrapper-v3,916.8095714662031,0.009791,True,ortools-gls,791.160334,4.999905,True,125.649237,15.88164
uniform,n100_m5_r06.txt,data\mtsp\generated\n100_m5_r06.txt,100,5,lkh-wrapper-v1,1196.4887127636825,0.008031,True,ortools-gls,811.76969,5.000651,True,384.719023,47.392632
uniform,n100_m5_r06.txt,data\mtsp\generated\n100_m5_r06.txt,100,5,lkh-wrapper-v2,1002.1108899223323,0.009708,True,ortools-gls,811.76969,5.000651,True,190.3412,23.447685
uniform,n100_m5_r06.txt,data\mtsp\generated\n100_m5_r06.txt,100,5,lkh-wrapper-v3,1002.1108899223323,0.004293,True,ortools-gls,811.76969,5.000651,True,190.3412,23.447685
uniform,n100_m5_r07.txt,data\mtsp\generated\n100_m5_r07.txt,100,5,lkh-wrapper-v1,1245.904006468376,0.018108,True,ortools-gls,802.861462,4.999875,True,443.042544,55.182938
uniform,n100_m5_r07.txt,data\mtsp\generated\n100_m5_r07.txt,100,5,lkh-wrapper-v2,977.284106068674,0.024778,True,ortools-gls,802.861462,4.999875,True,174.422644,21.725123
uniform,n100_m5_r07.txt,data\mtsp\generated\n100_m5_r07.txt,100,5,lkh-wrapper-v3,928.0097206969803,0.006785,True,ortools-gls,802.861462,4.999875,True,125.148259,15.587778
uniform,n100_m5_r08.txt,data\mtsp\generated\n100_m5_r08.txt,100,5,lkh-wrapper-v1,1120.8384432426813,0.012943,True,ortools-gls,757.097381,5.00114,True,363.741062,48.044158
uniform,n100_m5_r08.txt,data\mtsp\generated\n100_m5_r08.txt,100,5,lkh-wrapper-v2,992.7237548683918,0.009324,True,ortools-gls,757.097381,5.00114,True,235.626374,31.122334
uniform,n100_m5_r08.txt,data\mtsp\generated\n100_m5_r08.txt,100,5,lkh-wrapper-v3,960.117206956291,0.007593,True,ortools-gls,757.097381,5.00114,True,203.019826,26.81555
uniform,n100_m5_r09.txt,data\mtsp\generated\n100_m5_r09.txt,100,5,lkh-wrapper-v1,1313.968196459189,0.023582,True,ortools-gls,834.085259,5.000396,True,479.882937,57.534039
uniform,n100_m5_r09.txt,data\mtsp\generated\n100_m5_r09.txt,100,5,lkh-wrapper-v2,1001.7659215232939,0.007447,True,ortools-gls,834.085259,5.000396,True,167.680663,20.10354
uniform,n100_m5_r09.txt,data\mtsp\generated\n100_m5_r09.txt,100,5,lkh-wrapper-v3,973.1498136702355,0.005039,True,ortools-gls,834.085259,5.000396,True,139.064555,16.672703
uniform,n100_m5_r10.txt,data\mtsp\generated\n100_m5_r10.txt,100,5,lkh-wrapper-v1,1111.412703977488,0.014803,True,ortools-gls,800.290013,5.0011,True,311.122691,38.876243
uniform,n100_m5_r10.txt,data\mtsp\generated\n100_m5_r10.txt,100,5,lkh-wrapper-v2,976.7407480157473,0.014952,True,ortools-gls,800.290013,5.0011,True,176.450735,22.048349
uniform,n100_m5_r10.txt,data\mtsp\generated\n100_m5_r10.txt,100,5,lkh-wrapper-v3,976.7407480157473,0.00637,True,ortools-gls,800.290013,5.0011,True,176.450735,22.048349
uniform,n200_m2_r01.txt,data\mtsp\generated\n200_m2_r01.txt,200,2,lkh-wrapper-v1,1231.0616075411617,0.119705,True,ortools-gls,1089.527381,5.000052,True,141.534227,12.990424
uniform,n200_m2_r01.txt,data\mtsp\generated\n200_m2_r01.txt,200,2,lkh-wrapper-v2,1186.91694094279,0.094117,True,ortools-gls,1089.527381,5.000052,True,97.38956,8.938698
uniform,n200_m2_r01.txt,data\mtsp\generated\n200_m2_r01.txt,200,2,lkh-wrapper-v3,1198.070402419719,0.050049,True,ortools-gls,1089.527381,5.000052,True,108.543021,9.962395
uniform,n200_m2_r02.txt,data\mtsp\generated\n200_m2_r02.txt,200,2,lkh-wrapper-v1,1237.757432201647,0.097274,True,ortools-gls,1134.75161,5.001933,True,103.005822,9.077389
uniform,n200_m2_r02.txt,data\mtsp\generated\n200_m2_r02.txt,200,2,lkh-wrapper-v2,1160.7760957455387,0.036423,True,ortools-gls,1134.75161,5.001933,True,26.024486,2.293408
uniform,n200_m2_r02.txt,data\mtsp\generated\n200_m2_r02.txt,200,2,lkh-wrapper-v3,1212.3276251348948,0.080787,True,ortools-gls,1134.75161,5.001933,True,77.576015,6.836387
uniform,n200_m2_r03.txt,data\mtsp\generated\n200_m2_r03.txt,200,2,lkh-wrapper-v1,1206.1171616064453,0.089913,True,ortools-gls,1109.650678,5.000327,True,96.466484,8.69341
uniform,n200_m2_r03.txt,data\mtsp\generated\n200_m2_r03.txt,200,2,lkh-wrapper-v2,1183.782323672765,0.019575,True,ortools-gls,1109.650678,5.000327,True,74.131646,6.680629
uniform,n200_m2_r03.txt,data\mtsp\generated\n200_m2_r03.txt,200,2,lkh-wrapper-v3,1201.5390030013568,0.015074,True,ortools-gls,1109.650678,5.000327,True,91.888325,8.280833
uniform,n200_m2_r04.txt,data\mtsp\generated\n200_m2_r04.txt,200,2,lkh-wrapper-v1,1113.582617011457,0.055228,True,ortools-gls,1129.640246,4.999999,True,-16.057629,-1.421482
uniform,n200_m2_r04.txt,data\mtsp\generated\n200_m2_r04.txt,200,2,lkh-wrapper-v2,1146.5373436708187,0.05891,True,ortools-gls,1129.640246,4.999999,True,16.897098,1.495795
uniform,n200_m2_r04.txt,data\mtsp\generated\n200_m2_r04.txt,200,2,lkh-wrapper-v3,1154.2314262600878,0.027382,True,ortools-gls,1129.640246,4.999999,True,24.59118,2.176904
uniform,n200_m2_r05.txt,data\mtsp\generated\n200_m2_r05.txt,200,2,lkh-wrapper-v1,1256.3392978031325,0.075085,True,ortools-gls,1177.771774,5.001378,True,78.567524,6.670862
uniform,n200_m2_r05.txt,data\mtsp\generated\n200_m2_r05.txt,200,2,lkh-wrapper-v2,1225.1065646252569,0.050258,True,ortools-gls,1177.771774,5.001378,True,47.334791,4.019012
uniform,n200_m2_r05.txt,data\mtsp\generated\n200_m2_r05.txt,200,2,lkh-wrapper-v3,1234.461875868355,0.033596,True,ortools-gls,1177.771774,5.001378,True,56.690102,4.813335
uniform,n200_m2_r06.txt,data\mtsp\generated\n200_m2_r06.txt,200,2,lkh-wrapper-v1,1174.2498805146502,0.090806,True,ortools-gls,1138.35878,5.001313,True,35.891101,3.152881
uniform,n200_m2_r06.txt,data\mtsp\generated\n200_m2_r06.txt,200,2,lkh-wrapper-v2,1124.674868243107,0.077752,True,ortools-gls,1138.35878,5.001313,True,-13.683912,-1.202074
uniform,n200_m2_r06.txt,data\mtsp\generated\n200_m2_r06.txt,200,2,lkh-wrapper-v3,1141.3243356219095,0.043707,True,ortools-gls,1138.35878,5.001313,True,2.965556,0.260512
uniform,n200_m2_r07.txt,data\mtsp\generated\n200_m2_r07.txt,200,2,lkh-wrapper-v1,1276.1167642366759,0.087363,True,ortools-gls,1174.154763,5.002344,True,101.962001,8.683864
uniform,n200_m2_r07.txt,data\mtsp\generated\n200_m2_r07.txt,200,2,lkh-wrapper-v2,1218.1051390554194,0.081445,True,ortools-gls,1174.154763,5.002344,True,43.950376,3.74315
uniform,n200_m2_r07.txt,data\mtsp\generated\n200_m2_r07.txt,200,2,lkh-wrapper-v3,1200.009439240617,0.055088,True,ortools-gls,1174.154763,5.002344,True,25.854676,2.201982
uniform,n200_m2_r08.txt,data\mtsp\generated\n200_m2_r08.txt,200,2,lkh-wrapper-v1,1198.9493304738749,0.099811,True,ortools-gls,1128.625585,5.001665,True,70.323745,6.230919
uniform,n200_m2_r08.txt,data\mtsp\generated\n200_m2_r08.txt,200,2,lkh-wrapper-v2,1196.1654170031736,0.053866,True,ortools-gls,1128.625585,5.001665,True,67.539832,5.984255
uniform,n200_m2_r08.txt,data\mtsp\generated\n200_m2_r08.txt,200,2,lkh-wrapper-v3,1123.005759198163,0.068899,True,ortools-gls,1128.625585,5.001665,True,-5.619826,-0.497935
uniform,n200_m2_r09.txt,data\mtsp\generated\n200_m2_r09.txt,200,2,lkh-wrapper-v1,1268.654079905485,0.143394,True,ortools-gls,1164.675834,5.00025,True,103.978246,8.927655
uniform,n200_m2_r09.txt,data\mtsp\generated\n200_m2_r09.txt,200,2,lkh-wrapper-v2,1205.0583169817428,0.064756,True,ortools-gls,1164.675834,5.00025,True,40.382483,3.467272
uniform,n200_m2_r09.txt,data\mtsp\generated\n200_m2_r09.txt,200,2,lkh-wrapper-v3,1244.1740263173242,0.015584,True,ortools-gls,1164.675834,5.00025,True,79.498192,6.825778
uniform,n200_m2_r10.txt,data\mtsp\generated\n200_m2_r10.txt,200,2,lkh-wrapper-v1,1164.5521927676887,0.066379,True,ortools-gls,1113.781786,5.000294,True,50.770407,4.55838
uniform,n200_m2_r10.txt,data\mtsp\generated\n200_m2_r10.txt,200,2,lkh-wrapper-v2,1198.529521045315,0.060112,True,ortools-gls,1113.781786,5.000294,True,84.747735,7.609007
uniform,n200_m2_r10.txt,data\mtsp\generated\n200_m2_r10.txt,200,2,lkh-wrapper-v3,1249.3559597147055,0.049999,True,ortools-gls,1113.781786,5.000294,True,135.574174,12.172418
uniform,n200_m3_r01.txt,data\mtsp\generated\n200_m3_r01.txt,200,3,lkh-wrapper-v1,1348.5461409685345,0.084892,True,ortools-gls,1104.153108,5.000478,True,244.393033,22.13398
uniform,n200_m3_r01.txt,data\mtsp\generated\n200_m3_r01.txt,200,3,lkh-wrapper-v2,1158.4059169349564,0.079438,True,ortools-gls,1104.153108,5.000478,True,54.252809,4.913522
uniform,n200_m3_r01.txt,data\mtsp\generated\n200_m3_r01.txt,200,3,lkh-wrapper-v3,1185.2949211827429,0.013693,True,ortools-gls,1104.153108,5.000478,True,81.141813,7.348783
uniform,n200_m3_r02.txt,data\mtsp\generated\n200_m3_r02.txt,200,3,lkh-wrapper-v1,1389.5556060747576,0.117807,True,ortools-gls,1166.345448,5.000103,True,223.210158,19.137568
uniform,n200_m3_r02.txt,data\mtsp\generated\n200_m3_r02.txt,200,3,lkh-wrapper-v2,1203.4982059179392,0.047086,True,ortools-gls,1166.345448,5.000103,True,37.152758,3.185399
uniform,n200_m3_r02.txt,data\mtsp\generated\n200_m3_r02.txt,200,3,lkh-wrapper-v3,1178.5925411440157,0.015431,True,ortools-gls,1166.345448,5.000103,True,12.247093,1.05004
uniform,n200_m3_r03.txt,data\mtsp\generated\n200_m3_r03.txt,200,3,lkh-wrapper-v1,1313.970858328237,0.119096,True,ortools-gls,1117.749852,5.000038,True,196.221006,17.555002
uniform,n200_m3_r03.txt,data\mtsp\generated\n200_m3_r03.txt,200,3,lkh-wrapper-v2,1192.039948420943,0.054477,True,ortools-gls,1117.749852,5.000038,True,74.290096,6.646397
uniform,n200_m3_r03.txt,data\mtsp\generated\n200_m3_r03.txt,200,3,lkh-wrapper-v3,1200.098417901816,0.022482,True,ortools-gls,1117.749852,5.000038,True,82.348566,7.367352
uniform,n200_m3_r04.txt,data\mtsp\generated\n200_m3_r04.txt,200,3,lkh-wrapper-v1,1281.662252539341,0.066468,True,ortools-gls,1100.437815,5.001371,True,181.224438,16.468394
uniform,n200_m3_r04.txt,data\mtsp\generated\n200_m3_r04.txt,200,3,lkh-wrapper-v2,1264.5101662648499,0.06553,True,ortools-gls,1100.437815,5.001371,True,164.072351,14.909734
uniform,n200_m3_r04.txt,data\mtsp\generated\n200_m3_r04.txt,200,3,lkh-wrapper-v3,1231.2123820769948,0.070611,True,ortools-gls,1100.437815,5.001371,True,130.774567,11.883867
uniform,n200_m3_r05.txt,data\mtsp\generated\n200_m3_r05.txt,200,3,lkh-wrapper-v1,1262.5011929659568,0.06728,True,ortools-gls,1153.99046,5.001161,True,108.510733,9.403088
uniform,n200_m3_r05.txt,data\mtsp\generated\n200_m3_r05.txt,200,3,lkh-wrapper-v2,1253.0742608733735,0.043927,True,ortools-gls,1153.99046,5.001161,True,99.083801,8.586189
uniform,n200_m3_r05.txt,data\mtsp\generated\n200_m3_r05.txt,200,3,lkh-wrapper-v3,1296.0368245862392,0.022139,True,ortools-gls,1153.99046,5.001161,True,142.046365,12.309146
uniform,n200_m3_r06.txt,data\mtsp\generated\n200_m3_r06.txt,200,3,lkh-wrapper-v1,1309.9072072549038,0.060155,True,ortools-gls,1156.017496,5.000744,True,153.889711,13.312057
uniform,n200_m3_r06.txt,data\mtsp\generated\n200_m3_r06.txt,200,3,lkh-wrapper-v2,1183.592364587887,0.041775,True,ortools-gls,1156.017496,5.000744,True,27.574869,2.385333
uniform,n200_m3_r06.txt,data\mtsp\generated\n200_m3_r06.txt,200,3,lkh-wrapper-v3,1186.7449436655315,0.019957,True,ortools-gls,1156.017496,5.000744,True,30.727448,2.658044
uniform,n200_m3_r07.txt,data\mtsp\generated\n200_m3_r07.txt,200,3,lkh-wrapper-v1,1327.3701944897907,0.107611,True,ortools-gls,1153.99884,5.00113,True,173.371354,15.023529
uniform,n200_m3_r07.txt,data\mtsp\generated\n200_m3_r07.txt,200,3,lkh-wrapper-v2,1196.262382755728,0.04695,True,ortools-gls,1153.99884,5.00113,True,42.263543,3.662356
uniform,n200_m3_r07.txt,data\mtsp\generated\n200_m3_r07.txt,200,3,lkh-wrapper-v3,1164.5037880433933,0.039375,True,ortools-gls,1153.99884,5.00113,True,10.504948,0.910308
uniform,n200_m3_r08.txt,data\mtsp\generated\n200_m3_r08.txt,200,3,lkh-wrapper-v1,1260.1033308027627,0.100988,True,ortools-gls,1142.306907,5.001709,True,117.796424,10.312152
uniform,n200_m3_r08.txt,data\mtsp\generated\n200_m3_r08.txt,200,3,lkh-wrapper-v2,1282.5749489582986,0.05432,True,ortools-gls,1142.306907,5.001709,True,140.268042,12.279366
uniform,n200_m3_r08.txt,data\mtsp\generated\n200_m3_r08.txt,200,3,lkh-wrapper-v3,1217.5983509550965,0.027448,True,ortools-gls,1142.306907,5.001709,True,75.291444,6.591175
uniform,n200_m3_r09.txt,data\mtsp\generated\n200_m3_r09.txt,200,3,lkh-wrapper-v1,1299.0249492096743,0.06392,True,ortools-gls,1158.367649,5.001574,True,140.6573,12.142717
uniform,n200_m3_r09.txt,data\mtsp\generated\n200_m3_r09.txt,200,3,lkh-wrapper-v2,1286.2523569388422,0.039834,True,ortools-gls,1158.367649,5.001574,True,127.884708,11.040079
uniform,n200_m3_r09.txt,data\mtsp\generated\n200_m3_r09.txt,200,3,lkh-wrapper-v3,1279.8099299316284,0.025515,True,ortools-gls,1158.367649,5.001574,True,121.442281,10.483915
uniform,n200_m3_r10.txt,data\mtsp\generated\n200_m3_r10.txt,200,3,lkh-wrapper-v1,1265.9852200995756,0.081075,True,ortools-gls,1176.908734,5.001316,True,89.076486,7.568683
uniform,n200_m3_r10.txt,data\mtsp\generated\n200_m3_r10.txt,200,3,lkh-wrapper-v2,1189.4570354770728,0.051921,True,ortools-gls,1176.908734,5.001316,True,12.548301,1.066209
uniform,n200_m3_r10.txt,data\mtsp\generated\n200_m3_r10.txt,200,3,lkh-wrapper-v3,1185.5083696021936,0.019176,True,ortools-gls,1176.908734,5.001316,True,8.599636,0.730697
uniform,n200_m5_r01.txt,data\mtsp\generated\n200_m5_r01.txt,200,5,lkh-wrapper-v1,1481.4655504147115,0.140332,True,ortools-gls,1176.841448,5.001282,True,304.624102,25.884889
uniform,n200_m5_r01.txt,data\mtsp\generated\n200_m5_r01.txt,200,5,lkh-wrapper-v2,1302.2273473016176,0.086594,True,ortools-gls,1176.841448,5.001282,True,125.385899,10.654443
uniform,n200_m5_r01.txt,data\mtsp\generated\n200_m5_r01.txt,200,5,lkh-wrapper-v3,1300.5520900040715,0.028333,True,ortools-gls,1176.841448,5.001282,True,123.710642,10.512091
uniform,n200_m5_r02.txt,data\mtsp\generated\n200_m5_r02.txt,200,5,lkh-wrapper-v1,1528.7671271142472,0.087004,True,ortools-gls,1158.997195,5.000397,True,369.769932,31.904299
uniform,n200_m5_r02.txt,data\mtsp\generated\n200_m5_r02.txt,200,5,lkh-wrapper-v2,1279.7939080803858,0.09113,True,ortools-gls,1158.997195,5.000397,True,120.796713,10.42252
uniform,n200_m5_r02.txt,data\mtsp\generated\n200_m5_r02.txt,200,5,lkh-wrapper-v3,1291.0770258771029,0.01389,True,ortools-gls,1158.997195,5.000397,True,132.079831,11.396044
uniform,n200_m5_r03.txt,data\mtsp\generated\n200_m5_r03.txt,200,5,lkh-wrapper-v1,1500.8788452849878,0.091953,True,ortools-gls,1162.933523,5.00079,True,337.945322,29.059728
uniform,n200_m5_r03.txt,data\mtsp\generated\n200_m5_r03.txt,200,5,lkh-wrapper-v2,1377.5441349214059,0.066613,True,ortools-gls,1162.933523,5.00079,True,214.610612,18.454246
uniform,n200_m5_r03.txt,data\mtsp\generated\n200_m5_r03.txt,200,5,lkh-wrapper-v3,1397.483767941872,0.016121,True,ortools-gls,1162.933523,5.00079,True,234.550245,20.168844
uniform,n200_m5_r04.txt,data\mtsp\generated\n200_m5_r04.txt,200,5,lkh-wrapper-v1,1440.7732616504227,0.151814,True,ortools-gls,1124.680357,5.00182,True,316.092905,28.105133
uniform,n200_m5_r04.txt,data\mtsp\generated\n200_m5_r04.txt,200,5,lkh-wrapper-v2,1329.96007184246,0.076607,True,ortools-gls,1124.680357,5.00182,True,205.279715,18.252272
uniform,n200_m5_r04.txt,data\mtsp\generated\n200_m5_r04.txt,200,5,lkh-wrapper-v3,1342.4416906206486,0.044565,True,ortools-gls,1124.680357,5.00182,True,217.761334,19.362064
uniform,n200_m5_r05.txt,data\mtsp\generated\n200_m5_r05.txt,200,5,lkh-wrapper-v1,1730.8427992469415,0.135451,True,ortools-gls,1129.378684,5.001238,True,601.464115,53.256195
uniform,n200_m5_r05.txt,data\mtsp\generated\n200_m5_r05.txt,200,5,lkh-wrapper-v2,1272.4752870445018,0.051339,True,ortools-gls,1129.378684,5.001238,True,143.096603,12.670383
uniform,n200_m5_r05.txt,data\mtsp\generated\n200_m5_r05.txt,200,5,lkh-wrapper-v3,1290.7285313907919,0.013692,True,ortools-gls,1129.378684,5.001238,True,161.349847,14.286603
uniform,n200_m5_r06.txt,data\mtsp\generated\n200_m5_r06.txt,200,5,lkh-wrapper-v1,1564.6059230392118,0.165625,True,ortools-gls,1174.350183,5.000123,True,390.25574,33.231633
uniform,n200_m5_r06.txt,data\mtsp\generated\n200_m5_r06.txt,200,5,lkh-wrapper-v2,1313.7087950492323,0.05201,True,ortools-gls,1174.350183,5.000123,True,139.358612,11.86687
uniform,n200_m5_r06.txt,data\mtsp\generated\n200_m5_r06.txt,200,5,lkh-wrapper-v3,1280.2317660939111,0.015576,True,ortools-gls,1174.350183,5.000123,True,105.881583,9.016185
uniform,n200_m5_r07.txt,data\mtsp\generated\n200_m5_r07.txt,200,5,lkh-wrapper-v1,1700.917151259677,0.091874,True,ortools-gls,1185.824322,5.000474,True,515.092829,43.437533
uniform,n200_m5_r07.txt,data\mtsp\generated\n200_m5_r07.txt,200,5,lkh-wrapper-v2,1372.3414632652805,0.073269,True,ortools-gls,1185.824322,5.000474,True,186.517141,15.728902
uniform,n200_m5_r07.txt,data\mtsp\generated\n200_m5_r07.txt,200,5,lkh-wrapper-v3,1411.2919845100694,0.023743,True,ortools-gls,1185.824322,5.000474,True,225.467663,19.013581
uniform,n200_m5_r08.txt,data\mtsp\generated\n200_m5_r08.txt,200,5,lkh-wrapper-v1,1607.0286371300624,0.109448,True,ortools-gls,1149.562699,5.001651,True,457.465938,39.794779
uniform,n200_m5_r08.txt,data\mtsp\generated\n200_m5_r08.txt,200,5,lkh-wrapper-v2,1322.179148175498,0.047171,True,ortools-gls,1149.562699,5.001651,True,172.616449,15.015836
uniform,n200_m5_r08.txt,data\mtsp\generated\n200_m5_r08.txt,200,5,lkh-wrapper-v3,1353.520790806062,0.014737,True,ortools-gls,1149.562699,5.001651,True,203.958092,17.742233
uniform,n200_m5_r09.txt,data\mtsp\generated\n200_m5_r09.txt,200,5,lkh-wrapper-v1,1420.0283855661617,0.127448,True,ortools-gls,1139.130998,5.000553,True,280.897388,24.658919
uniform,n200_m5_r09.txt,data\mtsp\generated\n200_m5_r09.txt,200,5,lkh-wrapper-v2,1285.8697331617022,0.132527,True,ortools-gls,1139.130998,5.000553,True,146.738735,12.881638
uniform,n200_m5_r09.txt,data\mtsp\generated\n200_m5_r09.txt,200,5,lkh-wrapper-v3,1270.5407243523368,0.034525,True,ortools-gls,1139.130998,5.000553,True,131.409726,11.535963
uniform,n200_m5_r10.txt,data\mtsp\generated\n200_m5_r10.txt,200,5,lkh-wrapper-v1,1465.5196884929553,0.105082,True,ortools-gls,1130.652206,5.000694,True,334.867482,29.617196
uniform,n200_m5_r10.txt,data\mtsp\generated\n200_m5_r10.txt,200,5,lkh-wrapper-v2,1356.3528155761308,0.049817,True,ortools-gls,1130.652206,5.000694,True,225.70061,19.961984
uniform,n200_m5_r10.txt,data\mtsp\generated\n200_m5_r10.txt,200,5,lkh-wrapper-v3,1354.667742452581,0.025536,True,ortools-gls,1130.652206,5.000694,True,224.015536,19.812948
uniform,n20_m2_r01.txt,data\mtsp\generated\n20_m2_r01.txt,20,2,lkh-wrapper-v1,398.4850112114399,0.00069,True,ortools-gls,354.594397,5.000864,True,43.890614,12.377695
uniform,n20_m2_r01.txt,data\mtsp\generated\n20_m2_r01.txt,20,2,lkh-wrapper-v2,385.2387096625025,0.000759,True,ortools-gls,354.594397,5.000864,True,30.644313,8.642075
uniform,n20_m2_r01.txt,data\mtsp\generated\n20_m2_r01.txt,20,2,lkh-wrapper-v3,385.2387096625025,0.000711,True,ortools-gls,354.594397,5.000864,True,30.644313,8.642075
uniform,n20_m2_r02.txt,data\mtsp\generated\n20_m2_r02.txt,20,2,lkh-wrapper-v1,446.2655727122491,0.000328,True,ortools-gls,349.053073,4.999789,True,97.2125,27.850349
uniform,n20_m2_r02.txt,data\mtsp\generated\n20_m2_r02.txt,20,2,lkh-wrapper-v2,393.5250358621024,0.000914,True,ortools-gls,349.053073,4.999789,True,44.471963,12.740745
uniform,n20_m2_r02.txt,data\mtsp\generated\n20_m2_r02.txt,20,2,lkh-wrapper-v3,393.52503586210247,0.000791,True,ortools-gls,349.053073,4.999789,True,44.471963,12.740745
uniform,n20_m2_r03.txt,data\mtsp\generated\n20_m2_r03.txt,20,2,lkh-wrapper-v1,448.5884488501503,0.000735,True,ortools-gls,408.533625,5.000972,True,40.054824,9.804535
uniform,n20_m2_r03.txt,data\mtsp\generated\n20_m2_r03.txt,20,2,lkh-wrapper-v2,466.0476168719491,0.000551,True,ortools-gls,408.533625,5.000972,True,57.513992,14.078154
uniform,n20_m2_r03.txt,data\mtsp\generated\n20_m2_r03.txt,20,2,lkh-wrapper-v3,466.0476168719491,0.000515,True,ortools-gls,408.533625,5.000972,True,57.513992,14.078154
uniform,n20_m2_r04.txt,data\mtsp\generated\n20_m2_r04.txt,20,2,lkh-wrapper-v1,499.706851865063,0.000571,True,ortools-gls,351.088278,5.000236,True,148.618574,42.330828
uniform,n20_m2_r04.txt,data\mtsp\generated\n20_m2_r04.txt,20,2,lkh-wrapper-v2,378.97234584691006,0.000902,True,ortools-gls,351.088278,5.000236,True,27.884068,7.942181
uniform,n20_m2_r04.txt,data\mtsp\generated\n20_m2_r04.txt,20,2,lkh-wrapper-v3,378.97234584691006,0.000549,True,ortools-gls,351.088278,5.000236,True,27.884068,7.942181
uniform,n20_m2_r05.txt,data\mtsp\generated\n20_m2_r05.txt,20,2,lkh-wrapper-v1,396.9155674023385,0.000327,True,ortools-gls,304.991598,4.999976,True,91.923969,30.139837
uniform,n20_m2_r05.txt,data\mtsp\generated\n20_m2_r05.txt,20,2,lkh-wrapper-v2,353.0581612748899,0.000689,True,ortools-gls,304.991598,4.999976,True,48.066563,15.759963
uniform,n20_m2_r05.txt,data\mtsp\generated\n20_m2_r05.txt,20,2,lkh-wrapper-v3,353.0581612748899,0.000626,True,ortools-gls,304.991598,4.999976,True,48.066563,15.759963
uniform,n20_m2_r06.txt,data\mtsp\generated\n20_m2_r06.txt,20,2,lkh-wrapper-v1,442.6646680237497,0.000803,True,ortools-gls,364.907784,4.999756,True,77.756884,21.308639
uniform,n20_m2_r06.txt,data\mtsp\generated\n20_m2_r06.txt,20,2,lkh-wrapper-v2,396.0833200198671,0.00082,True,ortools-gls,364.907784,4.999756,True,31.175536,8.543401
uniform,n20_m2_r06.txt,data\mtsp\generated\n20_m2_r06.txt,20,2,lkh-wrapper-v3,396.0833200198671,0.000597,True,ortools-gls,364.907784,4.999756,True,31.175536,8.543401
uniform,n20_m2_r07.txt,data\mtsp\generated\n20_m2_r07.txt,20,2,lkh-wrapper-v1,490.14558584747294,0.000422,True,ortools-gls,408.766397,5.000085,True,81.379189,19.908483
uniform,n20_m2_r07.txt,data\mtsp\generated\n20_m2_r07.txt,20,2,lkh-wrapper-v2,482.41963055938186,0.000919,True,ortools-gls,408.766397,5.000085,True,73.653234,18.018417
uniform,n20_m2_r07.txt,data\mtsp\generated\n20_m2_r07.txt,20,2,lkh-wrapper-v3,482.41963055938186,0.000846,True,ortools-gls,408.766397,5.000085,True,73.653234,18.018417
uniform,n20_m2_r08.txt,data\mtsp\generated\n20_m2_r08.txt,20,2,lkh-wrapper-v1,397.37066195790703,0.000333,True,ortools-gls,328.817236,5.00058,True,68.553426,20.848489
uniform,n20_m2_r08.txt,data\mtsp\generated\n20_m2_r08.txt,20,2,lkh-wrapper-v2,364.94097803624,0.000636,True,ortools-gls,328.817236,5.00058,True,36.123742,10.985964
uniform,n20_m2_r08.txt,data\mtsp\generated\n20_m2_r08.txt,20,2,lkh-wrapper-v3,364.9409780362399,0.000571,True,ortools-gls,328.817236,5.00058,True,36.123742,10.985964
uniform,n20_m2_r09.txt,data\mtsp\generated\n20_m2_r09.txt,20,2,lkh-wrapper-v1,536.1769814061878,0.00046,True,ortools-gls,414.320125,5.000071,True,121.856856,29.411281
uniform,n20_m2_r09.txt,data\mtsp\generated\n20_m2_r09.txt,20,2,lkh-wrapper-v2,489.3382666689316,0.00084,True,ortools-gls,414.320125,5.000071,True,75.018142,18.106323
uniform,n20_m2_r09.txt,data\mtsp\generated\n20_m2_r09.txt,20,2,lkh-wrapper-v3,487.37608026775854,0.000477,True,ortools-gls,414.320125,5.000071,True,73.055955,17.632731
uniform,n20_m2_r10.txt,data\mtsp\generated\n20_m2_r10.txt,20,2,lkh-wrapper-v1,434.7720192385017,0.000326,True,ortools-gls,372.109498,5.00291,True,62.662521,16.839807
uniform,n20_m2_r10.txt,data\mtsp\generated\n20_m2_r10.txt,20,2,lkh-wrapper-v2,397.94761106244016,0.000609,True,ortools-gls,372.109498,5.00291,True,25.838113,6.943685
uniform,n20_m2_r10.txt,data\mtsp\generated\n20_m2_r10.txt,20,2,lkh-wrapper-v3,397.94761106244016,0.000512,True,ortools-gls,372.109498,5.00291,True,25.838113,6.943685
uniform,n20_m3_r01.txt,data\mtsp\generated\n20_m3_r01.txt,20,3,lkh-wrapper-v1,517.1513550647855,0.000454,True,ortools-gls,355.434532,5.001142,True,161.716823,45.498343
uniform,n20_m3_r01.txt,data\mtsp\generated\n20_m3_r01.txt,20,3,lkh-wrapper-v2,414.48822939298924,0.000754,True,ortools-gls,355.434532,5.001142,True,59.053697,16.614508
uniform,n20_m3_r01.txt,data\mtsp\generated\n20_m3_r01.txt,20,3,lkh-wrapper-v3,414.48822939298924,0.000579,True,ortools-gls,355.434532,5.001142,True,59.053697,16.614508
uniform,n20_m3_r02.txt,data\mtsp\generated\n20_m3_r02.txt,20,3,lkh-wrapper-v1,494.928518996491,0.000291,True,ortools-gls,397.837332,5.000301,True,97.091187,24.404745
uniform,n20_m3_r02.txt,data\mtsp\generated\n20_m3_r02.txt,20,3,lkh-wrapper-v2,476.52425841888953,0.000468,True,ortools-gls,397.837332,5.000301,True,78.686926,19.778668
uniform,n20_m3_r02.txt,data\mtsp\generated\n20_m3_r02.txt,20,3,lkh-wrapper-v3,476.52425841888953,0.000449,True,ortools-gls,397.837332,5.000301,True,78.686926,19.778668
uniform,n20_m3_r03.txt,data\mtsp\generated\n20_m3_r03.txt,20,3,lkh-wrapper-v1,582.8105421798853,0.000282,True,ortools-gls,390.972932,5.000413,True,191.83761,49.066724
uniform,n20_m3_r03.txt,data\mtsp\generated\n20_m3_r03.txt,20,3,lkh-wrapper-v2,488.26221344854997,0.000534,True,ortools-gls,390.972932,5.000413,True,97.289281,24.883892
uniform,n20_m3_r03.txt,data\mtsp\generated\n20_m3_r03.txt,20,3,lkh-wrapper-v3,488.26221344855,0.000482,True,ortools-gls,390.972932,5.000413,True,97.289281,24.883892
uniform,n20_m3_r04.txt,data\mtsp\generated\n20_m3_r04.txt,20,3,lkh-wrapper-v1,550.6564215633445,0.000292,True,ortools-gls,432.82622,5.00153,True,117.830202,27.223444
uniform,n20_m3_r04.txt,data\mtsp\generated\n20_m3_r04.txt,20,3,lkh-wrapper-v2,548.6665303287673,0.000615,True,ortools-gls,432.82622,5.00153,True,115.84031,26.7637
uniform,n20_m3_r04.txt,data\mtsp\generated\n20_m3_r04.txt,20,3,lkh-wrapper-v3,548.6665303287673,0.000475,True,ortools-gls,432.82622,5.00153,True,115.84031,26.7637
uniform,n20_m3_r05.txt,data\mtsp\generated\n20_m3_r05.txt,20,3,lkh-wrapper-v1,429.0293458049119,0.000368,True,ortools-gls,321.057713,5.004896,True,107.971633,33.629976
uniform,n20_m3_r05.txt,data\mtsp\generated\n20_m3_r05.txt,20,3,lkh-wrapper-v2,373.0286858467306,0.000882,True,ortools-gls,321.057713,5.004896,True,51.970973,16.187424
uniform,n20_m3_r05.txt,data\mtsp\generated\n20_m3_r05.txt,20,3,lkh-wrapper-v3,378.44093349365266,0.000533,True,ortools-gls,321.057713,5.004896,True,57.38322,17.873179
uniform,n20_m3_r06.txt,data\mtsp\generated\n20_m3_r06.txt,20,3,lkh-wrapper-v1,537.4954166526918,0.000292,True,ortools-gls,398.57465,5.000273,True,138.920767,34.854391
uniform,n20_m3_r06.txt,data\mtsp\generated\n20_m3_r06.txt,20,3,lkh-wrapper-v2,509.42727359870946,0.000615,True,ortools-gls,398.57465,5.000273,True,110.852624,27.812262
uniform,n20_m3_r06.txt,data\mtsp\generated\n20_m3_r06.txt,20,3,lkh-wrapper-v3,509.42727359870946,0.0006,True,ortools-gls,398.57465,5.000273,True,110.852624,27.812262
uniform,n20_m3_r07.txt,data\mtsp\generated\n20_m3_r07.txt,20,3,lkh-wrapper-v1,422.5293743059011,0.000456,True,ortools-gls,325.231712,5.000207,True,97.297662,29.916413
uniform,n20_m3_r07.txt,data\mtsp\generated\n20_m3_r07.txt,20,3,lkh-wrapper-v2,408.74255502378014,0.000776,True,ortools-gls,325.231712,5.000207,True,83.510843,25.677337
uniform,n20_m3_r07.txt,data\mtsp\generated\n20_m3_r07.txt,20,3,lkh-wrapper-v3,408.74255502378014,0.000559,True,ortools-gls,325.231712,5.000207,True,83.510843,25.677337
uniform,n20_m3_r08.txt,data\mtsp\generated\n20_m3_r08.txt,20,3,lkh-wrapper-v1,470.31117044433495,0.00029,True,ortools-gls,352.929496,5.000144,True,117.381674,33.259242
uniform,n20_m3_r08.txt,data\mtsp\generated\n20_m3_r08.txt,20,3,lkh-wrapper-v2,424.42111153792865,0.000828,True,ortools-gls,352.929496,5.000144,True,71.491616,20.256628
uniform,n20_m3_r08.txt,data\mtsp\generated\n20_m3_r08.txt,20,3,lkh-wrapper-v3,404.3763336470258,0.000795,True,ortools-gls,352.929496,5.000144,True,51.446838,14.577087
uniform,n20_m3_r09.txt,data\mtsp\generated\n20_m3_r09.txt,20,3,lkh-wrapper-v1,609.6335650485555,0.000307,True,ortools-gls,413.061131,5.000684,True,196.572434,47.589187
uniform,n20_m3_r09.txt,data\mtsp\generated\n20_m3_r09.txt,20,3,lkh-wrapper-v2,493.8434938811225,0.000638,True,ortools-gls,413.061131,5.000684,True,80.782363,19.556999
uniform,n20_m3_r09.txt,data\mtsp\generated\n20_m3_r09.txt,20,3,lkh-wrapper-v3,493.8434938811225,0.000451,True,ortools-gls,413.061131,5.000684,True,80.782363,19.556999
uniform,n20_m3_r10.txt,data\mtsp\generated\n20_m3_r10.txt,20,3,lkh-wrapper-v1,479.0140350855221,0.000655,True,ortools-gls,402.05739,5.000991,True,76.956645,19.140711
uniform,n20_m3_r10.txt,data\mtsp\generated\n20_m3_r10.txt,20,3,lkh-wrapper-v2,496.70220185079734,0.000583,True,ortools-gls,402.05739,5.000991,True,94.644812,23.540125
uniform,n20_m3_r10.txt,data\mtsp\generated\n20_m3_r10.txt,20,3,lkh-wrapper-v3,496.70220185079734,0.000758,True,ortools-gls,402.05739,5.000991,True,94.644812,23.540125
uniform,n20_m5_r01.txt,data\mtsp\generated\n20_m5_r01.txt,20,5,lkh-wrapper-v1,542.9455902736138,0.000455,True,ortools-gls,381.823893,4.999797,True,161.121697,42.197909
uniform,n20_m5_r01.txt,data\mtsp\generated\n20_m5_r01.txt,20,5,lkh-wrapper-v2,548.3704471548733,0.000549,True,ortools-gls,381.823893,4.999797,True,166.546554,43.618683
uniform,n20_m5_r01.txt,data\mtsp\generated\n20_m5_r01.txt,20,5,lkh-wrapper-v3,539.7283194278192,0.000546,True,ortools-gls,381.823893,4.999797,True,157.904426,41.355303
uniform,n20_m5_r02.txt,data\mtsp\generated\n20_m5_r02.txt,20,5,lkh-wrapper-v1,682.4822677511038,0.000311,True,ortools-gls,406.145196,5.001115,True,276.337072,68.038986
uniform,n20_m5_r02.txt,data\mtsp\generated\n20_m5_r02.txt,20,5,lkh-wrapper-v2,577.1242645555501,0.000988,True,ortools-gls,406.145196,5.001115,True,170.979069,42.098016
uniform,n20_m5_r02.txt,data\mtsp\generated\n20_m5_r02.txt,20,5,lkh-wrapper-v3,577.1242645555501,0.000519,True,ortools-gls,406.145196,5.001115,True,170.979069,42.098016
uniform,n20_m5_r03.txt,data\mtsp\generated\n20_m5_r03.txt,20,5,lkh-wrapper-v1,683.016742877972,0.000407,True,ortools-gls,439.349003,5.000711,True,243.66774,55.461089
uniform,n20_m5_r03.txt,data\mtsp\generated\n20_m5_r03.txt,20,5,lkh-wrapper-v2,537.7021226333675,0.000517,True,ortools-gls,439.349003,5.000711,True,98.35312,22.386103
uniform,n20_m5_r03.txt,data\mtsp\generated\n20_m5_r03.txt,20,5,lkh-wrapper-v3,537.7021226333675,0.000477,True,ortools-gls,439.349003,5.000711,True,98.35312,22.386103
uniform,n20_m5_r04.txt,data\mtsp\generated\n20_m5_r04.txt,20,5,lkh-wrapper-v1,727.476947086328,0.000337,True,ortools-gls,430.764369,5.000778,True,296.712578,68.880483
uniform,n20_m5_r04.txt,data\mtsp\generated\n20_m5_r04.txt,20,5,lkh-wrapper-v2,552.2924818282166,0.00094,True,ortools-gls,430.764369,5.000778,True,121.528113,28.212202
uniform,n20_m5_r04.txt,data\mtsp\generated\n20_m5_r04.txt,20,5,lkh-wrapper-v3,552.2924818282166,0.000707,True,ortools-gls,430.764369,5.000778,True,121.528113,28.212202
uniform,n20_m5_r05.txt,data\mtsp\generated\n20_m5_r05.txt,20,5,lkh-wrapper-v1,603.1912887427535,0.000335,True,ortools-gls,379.190313,5.000954,True,224.000976,59.073496
uniform,n20_m5_r05.txt,data\mtsp\generated\n20_m5_r05.txt,20,5,lkh-wrapper-v2,480.4077413184881,0.000719,True,ortools-gls,379.190313,5.000954,True,101.217428,26.693042
uniform,n20_m5_r05.txt,data\mtsp\generated\n20_m5_r05.txt,20,5,lkh-wrapper-v3,480.4077413184882,0.000618,True,ortools-gls,379.190313,5.000954,True,101.217428,26.693042
uniform,n20_m5_r06.txt,data\mtsp\generated\n20_m5_r06.txt,20,5,lkh-wrapper-v1,728.0225439358912,0.000428,True,ortools-gls,440.77795,5.00026,True,287.244594,65.167641
uniform,n20_m5_r06.txt,data\mtsp\generated\n20_m5_r06.txt,20,5,lkh-wrapper-v2,533.2579409718415,0.001097,True,ortools-gls,440.77795,5.00026,True,92.479991,20.981084
uniform,n20_m5_r06.txt,data\mtsp\generated\n20_m5_r06.txt,20,5,lkh-wrapper-v3,533.2579409718415,0.000741,True,ortools-gls,440.77795,5.00026,True,92.479991,20.981084
uniform,n20_m5_r07.txt,data\mtsp\generated\n20_m5_r07.txt,20,5,lkh-wrapper-v1,654.4584173807864,0.000386,True,ortools-gls,359.47566,5.000475,True,294.982757,82.059174
uniform,n20_m5_r07.txt,data\mtsp\generated\n20_m5_r07.txt,20,5,lkh-wrapper-v2,469.27178592559414,0.000527,True,ortools-gls,359.47566,5.000475,True,109.796126,30.54341
uniform,n20_m5_r07.txt,data\mtsp\generated\n20_m5_r07.txt,20,5,lkh-wrapper-v3,470.12765427634594,0.000699,True,ortools-gls,359.47566,5.000475,True,110.651994,30.781498
uniform,n20_m5_r08.txt,data\mtsp\generated\n20_m5_r08.txt,20,5,lkh-wrapper-v1,690.0692931057966,0.000707,True,ortools-gls,424.151132,5.000183,True,265.918161,62.6942
uniform,n20_m5_r08.txt,data\mtsp\generated\n20_m5_r08.txt,20,5,lkh-wrapper-v2,553.4467014703367,0.000705,True,ortools-gls,424.151132,5.000183,True,129.295569,30.483372
uniform,n20_m5_r08.txt,data\mtsp\generated\n20_m5_r08.txt,20,5,lkh-wrapper-v3,524.1660964885564,0.000599,True,ortools-gls,424.151132,5.000183,True,100.014964,23.58003
uniform,n20_m5_r09.txt,data\mtsp\generated\n20_m5_r09.txt,20,5,lkh-wrapper-v1,588.4976264433247,0.000336,True,ortools-gls,381.518088,5.000826,True,206.979538,54.251566
uniform,n20_m5_r09.txt,data\mtsp\generated\n20_m5_r09.txt,20,5,lkh-wrapper-v2,453.30597793827246,0.000646,True,ortools-gls,381.518088,5.000826,True,71.78789,18.816379
uniform,n20_m5_r09.txt,data\mtsp\generated\n20_m5_r09.txt,20,5,lkh-wrapper-v3,457.53797005998797,0.00055,True,ortools-gls,381.518088,5.000826,True,76.019882,19.92563
uniform,n20_m5_r10.txt,data\mtsp\generated\n20_m5_r10.txt,20,5,lkh-wrapper-v1,623.985844640588,0.000335,True,ortools-gls,374.154402,5.000096,True,249.831443,66.772285
uniform,n20_m5_r10.txt,data\mtsp\generated\n20_m5_r10.txt,20,5,lkh-wrapper-v2,485.7803733039296,0.000493,True,ortools-gls,374.154402,5.000096,True,111.625971,29.8342
uniform,n20_m5_r10.txt,data\mtsp\generated\n20_m5_r10.txt,20,5,lkh-wrapper-v3,485.7803733039296,0.000475,True,ortools-gls,374.154402,5.000096,True,111.625971,29.8342
uniform,n50_m2_r01.txt,data\mtsp\generated\n50_m2_r01.txt,50,2,lkh-wrapper-v1,704.1487619736292,0.002875,True,ortools-gls,576.990455,5.00128,True,127.158307,22.038199
uniform,n50_m2_r01.txt,data\mtsp\generated\n50_m2_r01.txt,50,2,lkh-wrapper-v2,631.5617005245074,0.002031,True,ortools-gls,576.990455,5.00128,True,54.571246,9.457911
uniform,n50_m2_r01.txt,data\mtsp\generated\n50_m2_r01.txt,50,2,lkh-wrapper-v3,632.011215516927,0.001547,True,ortools-gls,576.990455,5.00128,True,55.020761,9.535818
uniform,n50_m2_r02.txt,data\mtsp\generated\n50_m2_r02.txt,50,2,lkh-wrapper-v1,672.6849989720785,0.00517,True,ortools-gls,525.30792,5.001175,True,147.377079,28.05537
uniform,n50_m2_r02.txt,data\mtsp\generated\n50_m2_r02.txt,50,2,lkh-wrapper-v2,616.0506223155766,0.002205,True,ortools-gls,525.30792,5.001175,True,90.742702,17.274193
uniform,n50_m2_r02.txt,data\mtsp\generated\n50_m2_r02.txt,50,2,lkh-wrapper-v3,616.0506223155766,0.001753,True,ortools-gls,525.30792,5.001175,True,90.742702,17.274193
uniform,n50_m2_r03.txt,data\mtsp\generated\n50_m2_r03.txt,50,2,lkh-wrapper-v1,690.4328337898526,0.001997,True,ortools-gls,584.218678,5.000868,True,106.214156,18.180548
uniform,n50_m2_r03.txt,data\mtsp\generated\n50_m2_r03.txt,50,2,lkh-wrapper-v2,638.6280172563726,0.001419,True,ortools-gls,584.218678,5.000868,True,54.409339,9.31318
uniform,n50_m2_r03.txt,data\mtsp\generated\n50_m2_r03.txt,50,2,lkh-wrapper-v3,639.0811942273447,0.001818,True,ortools-gls,584.218678,5.000868,True,54.862516,9.39075
uniform,n50_m2_r04.txt,data\mtsp\generated\n50_m2_r04.txt,50,2,lkh-wrapper-v1,662.6752940088435,0.001955,True,ortools-gls,617.194256,5.000621,True,45.481038,7.368999
uniform,n50_m2_r04.txt,data\mtsp\generated\n50_m2_r04.txt,50,2,lkh-wrapper-v2,676.9309435109515,0.001789,True,ortools-gls,617.194256,5.000621,True,59.736688,9.67875
uniform,n50_m2_r04.txt,data\mtsp\generated\n50_m2_r04.txt,50,2,lkh-wrapper-v3,664.965614861745,0.00206,True,ortools-gls,617.194256,5.000621,True,47.771359,7.740085
uniform,n50_m2_r05.txt,data\mtsp\generated\n50_m2_r05.txt,50,2,lkh-wrapper-v1,628.2640384419714,0.004035,True,ortools-gls,591.190394,5.001269,True,37.073644,6.271016
uniform,n50_m2_r05.txt,data\mtsp\generated\n50_m2_r05.txt,50,2,lkh-wrapper-v2,650.8959664642064,0.001219,True,ortools-gls,591.190394,5.001269,True,59.705572,10.099212
uniform,n50_m2_r05.txt,data\mtsp\generated\n50_m2_r05.txt,50,2,lkh-wrapper-v3,650.8959664642061,0.001746,True,ortools-gls,591.190394,5.001269,True,59.705572,10.099212
uniform,n50_m2_r06.txt,data\mtsp\generated\n50_m2_r06.txt,50,2,lkh-wrapper-v1,705.1078543680161,0.003751,True,ortools-gls,561.569806,5.00047,True,143.538048,25.560143
uniform,n50_m2_r06.txt,data\mtsp\generated\n50_m2_r06.txt,50,2,lkh-wrapper-v2,617.4378402169061,0.002147,True,ortools-gls,561.569806,5.00047,True,55.868034,9.948547
uniform,n50_m2_r06.txt,data\mtsp\generated\n50_m2_r06.txt,50,2,lkh-wrapper-v3,621.5699436878826,0.001406,True,ortools-gls,561.569806,5.00047,True,60.000138,10.68436
uniform,n50_m2_r07.txt,data\mtsp\generated\n50_m2_r07.txt,50,2,lkh-wrapper-v1,633.4821453969918,0.000993,True,ortools-gls,589.024341,5.000654,True,44.457804,7.547702
uniform,n50_m2_r07.txt,data\mtsp\generated\n50_m2_r07.txt,50,2,lkh-wrapper-v2,593.8738898487547,0.003683,True,ortools-gls,589.024341,5.000654,True,4.849549,0.823319
uniform,n50_m2_r07.txt,data\mtsp\generated\n50_m2_r07.txt,50,2,lkh-wrapper-v3,593.8738898487547,0.002425,True,ortools-gls,589.024341,5.000654,True,4.849549,0.823319
uniform,n50_m2_r08.txt,data\mtsp\generated\n50_m2_r08.txt,50,2,lkh-wrapper-v1,668.5998439317764,0.001493,True,ortools-gls,580.853668,5.000799,True,87.746176,15.106417
uniform,n50_m2_r08.txt,data\mtsp\generated\n50_m2_r08.txt,50,2,lkh-wrapper-v2,656.1166603222671,0.004489,True,ortools-gls,580.853668,5.000799,True,75.262992,12.957307
uniform,n50_m2_r08.txt,data\mtsp\generated\n50_m2_r08.txt,50,2,lkh-wrapper-v3,656.1166603222671,0.00293,True,ortools-gls,580.853668,5.000799,True,75.262992,12.957307
uniform,n50_m2_r09.txt,data\mtsp\generated\n50_m2_r09.txt,50,2,lkh-wrapper-v1,643.6389559664061,0.006119,True,ortools-gls,564.744934,5.000932,True,78.894022,13.96985
uniform,n50_m2_r09.txt,data\mtsp\generated\n50_m2_r09.txt,50,2,lkh-wrapper-v2,612.3495707520595,0.00387,True,ortools-gls,564.744934,5.000932,True,47.604637,8.429405
uniform,n50_m2_r09.txt,data\mtsp\generated\n50_m2_r09.txt,50,2,lkh-wrapper-v3,612.3495707520595,0.003631,True,ortools-gls,564.744934,5.000932,True,47.604637,8.429405
uniform,n50_m2_r10.txt,data\mtsp\generated\n50_m2_r10.txt,50,2,lkh-wrapper-v1,636.8102869667816,0.001646,True,ortools-gls,584.598902,5.001491,True,52.211385,8.931147
uniform,n50_m2_r10.txt,data\mtsp\generated\n50_m2_r10.txt,50,2,lkh-wrapper-v2,615.4393197986922,0.003221,True,ortools-gls,584.598902,5.001491,True,30.840418,5.275483
uniform,n50_m2_r10.txt,data\mtsp\generated\n50_m2_r10.txt,50,2,lkh-wrapper-v3,615.4393197986922,0.001512,True,ortools-gls,584.598902,5.001491,True,30.840418,5.275483
uniform,n50_m3_r01.txt,data\mtsp\generated\n50_m3_r01.txt,50,3,lkh-wrapper-v1,777.5725405127988,0.006228,True,ortools-gls,588.257207,5.000294,True,189.315334,32.182408
uniform,n50_m3_r01.txt,data\mtsp\generated\n50_m3_r01.txt,50,3,lkh-wrapper-v2,718.9670013693689,0.003101,True,ortools-gls,588.257207,5.000294,True,130.709794,22.219837
uniform,n50_m3_r01.txt,data\mtsp\generated\n50_m3_r01.txt,50,3,lkh-wrapper-v3,720.0719085984085,0.002025,True,ortools-gls,588.257207,5.000294,True,131.814702,22.407665
uniform,n50_m3_r02.txt,data\mtsp\generated\n50_m3_r02.txt,50,3,lkh-wrapper-v1,763.9750499779256,0.002805,True,ortools-gls,594.010773,5.001277,True,169.964277,28.612996
uniform,n50_m3_r02.txt,data\mtsp\generated\n50_m3_r02.txt,50,3,lkh-wrapper-v2,665.5693185308727,0.002843,True,ortools-gls,594.010773,5.001277,True,71.558546,12.046675
uniform,n50_m3_r02.txt,data\mtsp\generated\n50_m3_r02.txt,50,3,lkh-wrapper-v3,661.4743592416002,0.001821,True,ortools-gls,594.010773,5.001277,True,67.463586,11.3573
uniform,n50_m3_r03.txt,data\mtsp\generated\n50_m3_r03.txt,50,3,lkh-wrapper-v1,745.6465429247901,0.002934,True,ortools-gls,620.924169,5.000928,True,124.722374,20.086571
uniform,n50_m3_r03.txt,data\mtsp\generated\n50_m3_r03.txt,50,3,lkh-wrapper-v2,683.5948753084284,0.004304,True,ortools-gls,620.924169,5.000928,True,62.670706,10.093134
uniform,n50_m3_r03.txt,data\mtsp\generated\n50_m3_r03.txt,50,3,lkh-wrapper-v3,684.7664637733252,0.00485,True,ortools-gls,620.924169,5.000928,True,63.842295,10.281818
uniform,n50_m3_r04.txt,data\mtsp\generated\n50_m3_r04.txt,50,3,lkh-wrapper-v1,703.6795876204565,0.00275,True,ortools-gls,561.837692,5.001228,True,141.841896,25.246063
uniform,n50_m3_r04.txt,data\mtsp\generated\n50_m3_r04.txt,50,3,lkh-wrapper-v2,660.0685721177102,0.003026,True,ortools-gls,561.837692,5.001228,True,98.23088,17.483854
uniform,n50_m3_r04.txt,data\mtsp\generated\n50_m3_r04.txt,50,3,lkh-wrapper-v3,660.0685721177103,0.002515,True,ortools-gls,561.837692,5.001228,True,98.23088,17.483854
uniform,n50_m3_r05.txt,data\mtsp\generated\n50_m3_r05.txt,50,3,lkh-wrapper-v1,755.8643153841751,0.001864,True,ortools-gls,576.265521,5.000286,True,179.598794,31.165979
uniform,n50_m3_r05.txt,data\mtsp\generated\n50_m3_r05.txt,50,3,lkh-wrapper-v2,646.5042705166659,0.002647,True,ortools-gls,576.265521,5.000286,True,70.23875,12.188609
uniform,n50_m3_r05.txt,data\mtsp\generated\n50_m3_r05.txt,50,3,lkh-wrapper-v3,646.5042705166658,0.001644,True,ortools-gls,576.265521,5.000286,True,70.23875,12.188609
uniform,n50_m3_r06.txt,data\mtsp\generated\n50_m3_r06.txt,50,3,lkh-wrapper-v1,663.1365440920415,0.002248,True,ortools-gls,578.221371,5.00012,True,84.915173,14.685582
uniform,n50_m3_r06.txt,data\mtsp\generated\n50_m3_r06.txt,50,3,lkh-wrapper-v2,652.8893262469097,0.002846,True,ortools-gls,578.221371,5.00012,True,74.667955,12.913386
uniform,n50_m3_r06.txt,data\mtsp\generated\n50_m3_r06.txt,50,3,lkh-wrapper-v3,655.0550043956429,0.002967,True,ortools-gls,578.221371,5.00012,True,76.833633,13.287927
uniform,n50_m3_r07.txt,data\mtsp\generated\n50_m3_r07.txt,50,3,lkh-wrapper-v1,756.793423544616,0.003083,True,ortools-gls,572.053302,5.000878,True,184.740122,32.294215
uniform,n50_m3_r07.txt,data\mtsp\generated\n50_m3_r07.txt,50,3,lkh-wrapper-v2,640.7505175377269,0.001878,True,ortools-gls,572.053302,5.000878,True,68.697216,12.008884
uniform,n50_m3_r07.txt,data\mtsp\generated\n50_m3_r07.txt,50,3,lkh-wrapper-v3,640.7505175377269,0.001437,True,ortools-gls,572.053302,5.000878,True,68.697216,12.008884
uniform,n50_m3_r08.txt,data\mtsp\generated\n50_m3_r08.txt,50,3,lkh-wrapper-v1,622.5945052271684,0.002333,True,ortools-gls,544.474307,5.000857,True,78.120198,14.347821
uniform,n50_m3_r08.txt,data\mtsp\generated\n50_m3_r08.txt,50,3,lkh-wrapper-v2,622.2677477757377,0.002052,True,ortools-gls,544.474307,5.000857,True,77.793441,14.287808
uniform,n50_m3_r08.txt,data\mtsp\generated\n50_m3_r08.txt,50,3,lkh-wrapper-v3,659.2412840076673,0.00235,True,ortools-gls,544.474307,5.000857,True,114.766977,21.078493
uniform,n50_m3_r09.txt,data\mtsp\generated\n50_m3_r09.txt,50,3,lkh-wrapper-v1,647.8547276916945,0.001884,True,ortools-gls,570.151705,5.000716,True,77.703023,13.628482
uniform,n50_m3_r09.txt,data\mtsp\generated\n50_m3_r09.txt,50,3,lkh-wrapper-v2,677.4232365858713,0.002257,True,ortools-gls,570.151705,5.000716,True,107.271532,18.81456
uniform,n50_m3_r09.txt,data\mtsp\generated\n50_m3_r09.txt,50,3,lkh-wrapper-v3,677.1464014823391,0.001779,True,ortools-gls,570.151705,5.000716,True,106.994696,18.766005
uniform,n50_m3_r10.txt,data\mtsp\generated\n50_m3_r10.txt,50,3,lkh-wrapper-v1,693.1212904539267,0.001624,True,ortools-gls,586.119419,5.000654,True,107.001871,18.255985
uniform,n50_m3_r10.txt,data\mtsp\generated\n50_m3_r10.txt,50,3,lkh-wrapper-v2,695.2165737459383,0.003965,True,ortools-gls,586.119419,5.000654,True,109.097155,18.613469
uniform,n50_m3_r10.txt,data\mtsp\generated\n50_m3_r10.txt,50,3,lkh-wrapper-v3,709.7778341377268,0.002249,True,ortools-gls,586.119419,5.000654,True,123.658415,21.097819
uniform,n50_m5_r01.txt,data\mtsp\generated\n50_m5_r01.txt,50,5,lkh-wrapper-v1,987.5501084324763,0.002255,True,ortools-gls,574.071163,5.000855,True,413.478945,72.02573
uniform,n50_m5_r01.txt,data\mtsp\generated\n50_m5_r01.txt,50,5,lkh-wrapper-v2,736.9292551651504,0.002046,True,ortools-gls,574.071163,5.000855,True,162.858092,28.368973
uniform,n50_m5_r01.txt,data\mtsp\generated\n50_m5_r01.txt,50,5,lkh-wrapper-v3,736.9292551651504,0.001936,True,ortools-gls,574.071163,5.000855,True,162.858092,28.368973
uniform,n50_m5_r02.txt,data\mtsp\generated\n50_m5_r02.txt,50,5,lkh-wrapper-v1,895.5699195061852,0.003608,True,ortools-gls,624.500882,5.000942,True,271.069038,43.405709
uniform,n50_m5_r02.txt,data\mtsp\generated\n50_m5_r02.txt,50,5,lkh-wrapper-v2,722.2836849763427,0.003702,True,ortools-gls,624.500882,5.000942,True,97.782803,15.657753
uniform,n50_m5_r02.txt,data\mtsp\generated\n50_m5_r02.txt,50,5,lkh-wrapper-v3,742.2345412163797,0.001948,True,ortools-gls,624.500882,5.000942,True,117.733659,18.852441
uniform,n50_m5_r03.txt,data\mtsp\generated\n50_m5_r03.txt,50,5,lkh-wrapper-v1,995.9082679757811,0.002136,True,ortools-gls,591.115041,5.000329,True,404.793227,68.479602
uniform,n50_m5_r03.txt,data\mtsp\generated\n50_m5_r03.txt,50,5,lkh-wrapper-v2,774.4073482525583,0.002125,True,ortools-gls,591.115041,5.000329,True,183.292307,31.007891
uniform,n50_m5_r03.txt,data\mtsp\generated\n50_m5_r03.txt,50,5,lkh-wrapper-v3,778.1212083415878,0.001552,True,ortools-gls,591.115041,5.000329,True,187.006167,31.636171
uniform,n50_m5_r04.txt,data\mtsp\generated\n50_m5_r04.txt,50,5,lkh-wrapper-v1,829.7380380755346,0.00286,True,ortools-gls,566.021614,5.001291,True,263.716424,46.591229
uniform,n50_m5_r04.txt,data\mtsp\generated\n50_m5_r04.txt,50,5,lkh-wrapper-v2,677.6932845107724,0.002618,True,ortools-gls,566.021614,5.001291,True,111.671671,19.729224
uniform,n50_m5_r04.txt,data\mtsp\generated\n50_m5_r04.txt,50,5,lkh-wrapper-v3,677.6932845107724,0.002217,True,ortools-gls,566.021614,5.001291,True,111.671671,19.729224
uniform,n50_m5_r05.txt,data\mtsp\generated\n50_m5_r05.txt,50,5,lkh-wrapper-v1,906.4724148195696,0.003324,True,ortools-gls,583.694474,5.000329,True,322.777941,55.299126
uniform,n50_m5_r05.txt,data\mtsp\generated\n50_m5_r05.txt,50,5,lkh-wrapper-v2,806.0311342066009,0.002614,True,ortools-gls,583.694474,5.000329,True,222.33666,38.091274
uniform,n50_m5_r05.txt,data\mtsp\generated\n50_m5_r05.txt,50,5,lkh-wrapper-v3,785.1426339107711,0.002265,True,ortools-gls,583.694474,5.000329,True,201.44816,34.512604
uniform,n50_m5_r06.txt,data\mtsp\generated\n50_m5_r06.txt,50,5,lkh-wrapper-v1,801.2661855159663,0.002371,True,ortools-gls,595.232052,5.000131,True,206.034134,34.614086
uniform,n50_m5_r06.txt,data\mtsp\generated\n50_m5_r06.txt,50,5,lkh-wrapper-v2,725.971995153707,0.00255,True,ortools-gls,595.232052,5.000131,True,130.739943,21.964533
uniform,n50_m5_r06.txt,data\mtsp\generated\n50_m5_r06.txt,50,5,lkh-wrapper-v3,748.4967723436376,0.001768,True,ortools-gls,595.232052,5.000131,True,153.26472,25.748734
uniform,n50_m5_r07.txt,data\mtsp\generated\n50_m5_r07.txt,50,5,lkh-wrapper-v1,994.2036155822454,0.004097,True,ortools-gls,532.473184,5.001027,True,461.730432,86.714307
uniform,n50_m5_r07.txt,data\mtsp\generated\n50_m5_r07.txt,50,5,lkh-wrapper-v2,694.4793932601877,0.002707,True,ortools-gls,532.473184,5.001027,True,162.006209,30.425233
uniform,n50_m5_r07.txt,data\mtsp\generated\n50_m5_r07.txt,50,5,lkh-wrapper-v3,692.1660736663366,0.001933,True,ortools-gls,532.473184,5.001027,True,159.69289,29.990785
uniform,n50_m5_r08.txt,data\mtsp\generated\n50_m5_r08.txt,50,5,lkh-wrapper-v1,1076.8489105547137,0.002474,True,ortools-gls,629.071317,5.000092,True,447.777594,71.180736
uniform,n50_m5_r08.txt,data\mtsp\generated\n50_m5_r08.txt,50,5,lkh-wrapper-v2,704.4879181233559,0.002299,True,ortools-gls,629.071317,5.000092,True,75.416601,11.988561
uniform,n50_m5_r08.txt,data\mtsp\generated\n50_m5_r08.txt,50,5,lkh-wrapper-v3,704.4879181233559,0.001937,True,ortools-gls,629.071317,5.000092,True,75.416601,11.988561
uniform,n50_m5_r09.txt,data\mtsp\generated\n50_m5_r09.txt,50,5,lkh-wrapper-v1,1046.8083231261498,0.002618,True,ortools-gls,577.408738,5.00013,True,469.399585,81.29416
uniform,n50_m5_r09.txt,data\mtsp\generated\n50_m5_r09.txt,50,5,lkh-wrapper-v2,752.3296419550109,0.002903,True,ortools-gls,577.408738,5.00013,True,174.920904,30.294121
uniform,n50_m5_r09.txt,data\mtsp\generated\n50_m5_r09.txt,50,5,lkh-wrapper-v3,752.3296419550109,0.001642,True,ortools-gls,577.408738,5.00013,True,174.920904,30.294121
uniform,n50_m5_r10.txt,data\mtsp\generated\n50_m5_r10.txt,50,5,lkh-wrapper-v1,967.0575491171031,0.001855,True,ortools-gls,608.088124,5.000169,True,358.969425,59.032468
uniform,n50_m5_r10.txt,data\mtsp\generated\n50_m5_r10.txt,50,5,lkh-wrapper-v2,659.7048077553482,0.003248,True,ortools-gls,608.088124,5.000169,True,51.616684,8.488356
uniform,n50_m5_r10.txt,data\mtsp\generated\n50_m5_r10.txt,50,5,lkh-wrapper-v3,665.4999100654925,0.001885,True,ortools-gls,608.088124,5.000169,True,57.411786,9.44136
