instance,family,node_count,salesman_count,solver,seed,objective,time_seconds,valid
uniform_n100_m3_pilot.txt,uniform,100,3,rand+nn,1,1768.4059270800826,0.000453,True
uniform_n100_m3_pilot.txt,uniform,100,3,rand+nn,2,1698.714171466651,0.000696,True
uniform_n100_m3_pilot.txt,uniform,100,3,rand+nn,3,1692.0014216063018,0.000441,True
uniform_n100_m3_pilot.txt,uniform,100,3,rand+nn,4,1778.053014725865,0.000451,True
uniform_n100_m3_pilot.txt,uniform,100,3,rand+nn,5,1790.9137352867515,0.000454,True
uniform_n100_m3_pilot.txt,uniform,100,3,rand+nn,6,1718.7710760262303,0.000706,True
uniform_n100_m3_pilot.txt,uniform,100,3,rand+nn,7,1836.2797611833803,0.000491,True
uniform_n100_m3_pilot.txt,uniform,100,3,rand+nn,8,1785.150937851371,0.000564,True
uniform_n100_m3_pilot.txt,uniform,100,3,rand+nn,9,1828.8362923218806,0.000685,True
uniform_n100_m3_pilot.txt,uniform,100,3,rand+nn,10,1845.1284274576865,0.000471,True
uniform_n100_m3_pilot.txt,uniform,100,3,rand+nn,11,1752.8646629378675,0.000465,True
uniform_n100_m3_pilot.txt,uniform,100,3,rand+nn,12,1830.7157500542794,0.000455,True
uniform_n100_m3_pilot.txt,uniform,100,3,rand+nn,13,1830.452406830616,0.000709,True
uniform_n100_m3_pilot.txt,uniform,100,3,rand+nn,14,1768.5417862229674,0.000502,True
uniform_n100_m3_pilot.txt,uniform,100,3,rand+nn,15,1690.2336737435508,0.000693,True
uniform_n100_m3_pilot.txt,uniform,100,3,rand+nn,16,1747.3561299900698,0.000664,True
uniform_n100_m3_pilot.txt,uniform,100,3,rand+nn,17,1783.1971638455295,0.000441,True
uniform_n100_m3_pilot.txt,uniform,100,3,rand+nn,18,1811.7361331085344,0.000506,True
uniform_n100_m3_pilot.txt,uniform,100,3,rand+nn,19,1648.349596701692,0.000853,True
uniform_n100_m3_pilot.txt,uniform,100,3,rand+nn,20,1858.8713136240956,0.000447,True
uniform_n100_m3_pilot.txt,uniform,100,3,grasp,1,966.5569430324647,0.497991,True
uniform_n100_m3_pilot.txt,uniform,100,3,grasp,2,966.7447042617885,0.473038,True
uniform_n100_m3_pilot.txt,uniform,100,3,grasp,3,969.5378281080115,0.498178,True
uniform_n100_m3_pilot.txt,uniform,100,3,grasp,4,969.8082291875435,0.516,True
uniform_n100_m3_pilot.txt,uniform,100,3,grasp,5,972.3118234169441,0.486114,True
uniform_n100_m3_pilot.txt,uniform,100,3,grasp,6,1008.3784809410754,0.484131,True
uniform_n100_m3_pilot.txt,uniform,100,3,grasp,7,983.9141858024723,0.521662,True
uniform_n100_m3_pilot.txt,uniform,100,3,grasp,8,959.631270697395,0.476395,True
uniform_n100_m3_pilot.txt,uniform,100,3,grasp,9,952.9816734561798,0.425827,True
uniform_n100_m3_pilot.txt,uniform,100,3,grasp,10,952.2742256522251,0.496421,True
uniform_n100_m3_pilot.txt,uniform,100,3,grasp,11,971.4724381959331,0.500926,True
uniform_n100_m3_pilot.txt,uniform,100,3,grasp,12,970.3518685263214,0.516971,True
uniform_n100_m3_pilot.txt,uniform,100,3,grasp,13,938.0606136012714,0.436478,True
uniform_n100_m3_pilot.txt,uniform,100,3,grasp,14,964.5932763525394,0.507121,True
uniform_n100_m3_pilot.txt,uniform,100,3,grasp,15,993.588339458486,0.475053,True
uniform_n100_m3_pilot.txt,uniform,100,3,grasp,16,985.2876872849533,0.4927,True
uniform_n100_m3_pilot.txt,uniform,100,3,grasp,17,976.6609756339387,0.479923,True
uniform_n100_m3_pilot.txt,uniform,100,3,grasp,18,986.9070366410049,0.497893,True
uniform_n100_m3_pilot.txt,uniform,100,3,grasp,19,960.0147021357582,0.505869,True
uniform_n100_m3_pilot.txt,uniform,100,3,grasp,20,970.7326614583939,0.475681,True
uniform_n100_m3_pilot.txt,uniform,100,3,lkh-wrapper-v2,1,934.4307041676204,0.006519,True
uniform_n100_m3_pilot.txt,uniform,100,3,lkh-wrapper-v2,2,940.4920738770727,0.006315,True
uniform_n100_m3_pilot.txt,uniform,100,3,lkh-wrapper-v2,3,936.3342199815309,0.007582,True
uniform_n100_m3_pilot.txt,uniform,100,3,lkh-wrapper-v2,4,940.4920738770727,0.005532,True
uniform_n100_m3_pilot.txt,uniform,100,3,lkh-wrapper-v2,5,940.1436060307738,0.005346,True
uniform_n100_m3_pilot.txt,uniform,100,3,lkh-wrapper-v2,6,940.1436060307738,0.00664,True
uniform_n100_m3_pilot.txt,uniform,100,3,lkh-wrapper-v2,7,940.4920738770727,0.005527,True
uniform_n100_m3_pilot.txt,uniform,100,3,lkh-wrapper-v2,8,935.9857521352317,0.005552,True
uniform_n100_m3_pilot.txt,uniform,100,3,lkh-wrapper-v2,9,939.3640294679706,0.006462,True
uniform_n100_m3_pilot.txt,uniform,100,3,lkh-wrapper-v2,10,940.4920738770727,0.005397,True
uniform_n100_m3_pilot.txt,uniform,100,3,lkh-wrapper-v2,11,940.1436060307738,0.0059,True
uniform_n100_m3_pilot.txt,uniform,100,3,lkh-wrapper-v2,12,935.9857521352319,0.006706,True
uniform_n100_m3_pilot.txt,uniform,100,3,lkh-wrapper-v2,13,940.1436060307738,0.006096,True
uniform_n100_m3_pilot.txt,uniform,100,3,lkh-wrapper-v2,14,940.4920738770727,0.005825,True
uniform_n100_m3_pilot.txt,uniform,100,3,lkh-wrapper-v2,15,937.499152332131,0.006439,True
uniform_n100_m3_pilot.txt,uniform,100,3,lkh-wrapper-v2,16,934.4307041676204,0.005925,True
uniform_n100_m3_pilot.txt,uniform,100,3,lkh-wrapper-v2,17,940.4920738770727,0.006144,True
uniform_n100_m3_pilot.txt,uniform,100,3,lkh-wrapper-v2,18,940.1436060307738,0.007242,True
uniform_n100_m3_pilot.txt,uniform,100,3,lkh-wrapper-v2,19,940.4920738770727,0.006363,True
uniform_n100_m3_pilot.txt,uniform,100,3,lkh-wrapper-v2,20,940.1436060307738,0.005416,True
clustered_center_n100_m3_pilot.txt,clustered_center,100,3,rand+nn,1,885.0605176049837,0.000457,True
clustered_center_n100_m3_pilot.txt,clustered_center,100,3,rand+nn,2,1040.0983423192129,0.000449,True
clustered_center_n100_m3_pilot.txt,clustered_center,100,3,rand+nn,3,987.327872016871,0.000473,True
clustered_center_n100_m3_pilot.txt,clustered_center,100,3,rand+nn,4,956.3480773294621,0.000503,True
clustered_center_n100_m3_pilot.txt,clustered_center,100,3,rand+nn,5,879.5095102944294,0.000491,True
clustered_center_n100_m3_pilot.txt,clustered_center,100,3,rand+nn,6,995.3423458596931,0.000435,True
clustered_center_n100_m3_pilot.txt,clustered_center,100,3,rand+nn,7,898.42301922515,0.000462,True
clustered_center_n100_m3_pilot.txt,clustered_center,100,3,rand+nn,8,930.4165070332197,0.000492,True
clustered_center_n100_m3_pilot.txt,clustered_center,100,3,rand+nn,9,907.7408085748441,0.000668,True
clustered_center_n100_m3_pilot.txt,clustered_center,100,3,rand+nn,10,858.9347488426224,0.000686,True
clustered_center_n100_m3_pilot.txt,clustered_center,100,3,rand+nn,11,872.5751280845814,0.000655,True
clustered_center_n100_m3_pilot.txt,clustered_center,100,3,rand+nn,12,905.1415784648909,0.000893,True
clustered_center_n100_m3_pilot.txt,clustered_center,100,3,rand+nn,13,1005.6032404155513,0.00046,True
clustered_center_n100_m3_pilot.txt,clustered_center,100,3,rand+nn,14,918.894148462168,0.000637,True
clustered_center_n100_m3_pilot.txt,clustered_center,100,3,rand+nn,15,918.0236821589608,0.0006,True
clustered_center_n100_m3_pilot.txt,clustered_center,100,3,rand+nn,16,996.1077782071958,0.000449,True
clustered_center_n100_m3_pilot.txt,clustered_center,100,3,rand+nn,17,910.0434655479585,0.000446,True
clustered_center_n100_m3_pilot.txt,clustered_center,100,3,rand+nn,18,875.1168485732617,0.000445,True
clustered_center_n100_m3_pilot.txt,clustered_center,100,3,rand+nn,19,887.0066289996532,0.000442,True
clustered_center_n100_m3_pilot.txt,clustered_center,100,3,rand+nn,20,876.6502515495447,0.000451,True
clustered_center_n100_m3_pilot.txt,clustered_center,100,3,grasp,1,580.751173203987,0.523819,True
clustered_center_n100_m3_pilot.txt,clustered_center,100,3,grasp,2,565.2964328338252,0.512293,True
clustered_center_n100_m3_pilot.txt,clustered_center,100,3,grasp,3,555.9923929282536,0.522984,True
clustered_center_n100_m3_pilot.txt,clustered_center,100,3,grasp,4,569.229760790219,0.491542,True
clustered_center_n100_m3_pilot.txt,clustered_center,100,3,grasp,5,576.1494889379995,0.480568,True
clustered_center_n100_m3_pilot.txt,clustered_center,100,3,grasp,6,564.8913892942478,0.518818,True
clustered_center_n100_m3_pilot.txt,clustered_center,100,3,grasp,7,564.9060089003237,0.48299,True
clustered_center_n100_m3_pilot.txt,clustered_center,100,3,grasp,8,558.2662515698266,0.493341,True
clustered_center_n100_m3_pilot.txt,clustered_center,100,3,grasp,9,574.0494653198214,0.525239,True
clustered_center_n100_m3_pilot.txt,clustered_center,100,3,grasp,10,577.2382994422494,0.514385,True
clustered_center_n100_m3_pilot.txt,clustered_center,100,3,grasp,11,575.0647653627797,0.544034,True
clustered_center_n100_m3_pilot.txt,clustered_center,100,3,grasp,12,579.2343462401072,0.521286,True
clustered_center_n100_m3_pilot.txt,clustered_center,100,3,grasp,13,571.5531396781798,0.476199,True
clustered_center_n100_m3_pilot.txt,clustered_center,100,3,grasp,14,583.8827362797773,0.546809,True
clustered_center_n100_m3_pilot.txt,clustered_center,100,3,grasp,15,571.6129583899911,0.502136,True
clustered_center_n100_m3_pilot.txt,clustered_center,100,3,grasp,16,564.3586431861718,0.49896,True
clustered_center_n100_m3_pilot.txt,clustered_center,100,3,grasp,17,572.2240057479781,0.50907,True
clustered_center_n100_m3_pilot.txt,clustered_center,100,3,grasp,18,579.4001155267829,0.499277,True
clustered_center_n100_m3_pilot.txt,clustered_center,100,3,grasp,19,575.9460581984956,0.509265,True
clustered_center_n100_m3_pilot.txt,clustered_center,100,3,grasp,20,575.4960589936654,0.513559,True
clustered_center_n100_m3_pilot.txt,clustered_center,100,3,lkh-wrapper-v2,1,499.62696987171853,0.018836,True
clustered_center_n100_m3_pilot.txt,clustered_center,100,3,lkh-wrapper-v2,2,507.0337882878173,0.00954,True
clustered_center_n100_m3_pilot.txt,clustered_center,100,3,lkh-wrapper-v2,3,501.7006947806958,0.012453,True
clustered_center_n100_m3_pilot.txt,clustered_center,100,3,lkh-wrapper-v2,4,505.7928107268505,0.011538,True
clustered_center_n100_m3_pilot.txt,clustered_center,100,3,lkh-wrapper-v2,5,506.2076509816979,0.0116,True
clustered_center_n100_m3_pilot.txt,clustered_center,100,3,lkh-wrapper-v2,6,505.0610184198098,0.007106,True
clustered_center_n100_m3_pilot.txt,clustered_center,100,3,lkh-wrapper-v2,7,509.37112347254646,0.009317,True
clustered_center_n100_m3_pilot.txt,clustered_center,100,3,lkh-wrapper-v2,8,508.2333065432943,0.008971,True
clustered_center_n100_m3_pilot.txt,clustered_center,100,3,lkh-wrapper-v2,9,508.2333065432943,0.007542,True
clustered_center_n100_m3_pilot.txt,clustered_center,100,3,lkh-wrapper-v2,10,501.66929268773623,0.012438,True
clustered_center_n100_m3_pilot.txt,clustered_center,100,3,lkh-wrapper-v2,11,508.639497087052,0.009642,True
clustered_center_n100_m3_pilot.txt,clustered_center,100,3,lkh-wrapper-v2,12,501.9962741741792,0.008996,True
clustered_center_n100_m3_pilot.txt,clustered_center,100,3,lkh-wrapper-v2,13,507.10188031510387,0.007285,True
clustered_center_n100_m3_pilot.txt,clustered_center,100,3,lkh-wrapper-v2,14,501.66929268773623,0.009512,True
clustered_center_n100_m3_pilot.txt,clustered_center,100,3,lkh-wrapper-v2,15,499.0936377351495,0.01615,True
clustered_center_n100_m3_pilot.txt,clustered_center,100,3,lkh-wrapper-v2,16,507.5836566589118,0.009821,True
clustered_center_n100_m3_pilot.txt,clustered_center,100,3,lkh-wrapper-v2,17,501.7856104355497,0.007619,True
clustered_center_n100_m3_pilot.txt,clustered_center,100,3,lkh-wrapper-v2,18,500.3622410738475,0.010852,True
clustered_center_n100_m3_pilot.txt,clustered_center,100,3,lkh-wrapper-v2,19,503.122251181519,0.010286,True
clustered_center_n100_m3_pilot.txt,clustered_center,100,3,lkh-wrapper-v2,20,505.0610184198098,0.011891,True
clustered_offset_depot_n100_m3_pilot.txt,clustered_offset_depot,100,3,rand+nn,1,1144.9593710442673,0.000471,True
clustered_offset_depot_n100_m3_pilot.txt,clustered_offset_depot,100,3,rand+nn,2,1238.5492948634114,0.000487,True
clustered_offset_depot_n100_m3_pilot.txt,clustered_offset_depot,100,3,rand+nn,3,1132.150156312843,0.001622,True
clustered_offset_depot_n100_m3_pilot.txt,clustered_offset_depot,100,3,rand+nn,4,1117.9936929848536,0.000467,True
clustered_offset_depot_n100_m3_pilot.txt,clustered_offset_depot,100,3,rand+nn,5,1030.0890594607613,0.000477,True
clustered_offset_depot_n100_m3_pilot.txt,clustered_offset_depot,100,3,rand+nn,6,1159.0454046466239,0.000541,True
clustered_offset_depot_n100_m3_pilot.txt,clustered_offset_depot,100,3,rand+nn,7,1200.0116556744279,0.000459,True
clustered_offset_depot_n100_m3_pilot.txt,clustered_offset_depot,100,3,rand+nn,8,1187.1765131225507,0.000465,True
clustered_offset_depot_n100_m3_pilot.txt,clustered_offset_depot,100,3,rand+nn,9,1176.2393924171647,0.000465,True
clustered_offset_depot_n100_m3_pilot.txt,clustered_offset_depot,100,3,rand+nn,10,1187.4754682501202,0.000465,True
clustered_offset_depot_n100_m3_pilot.txt,clustered_offset_depot,100,3,rand+nn,11,1157.802739418426,0.000462,True
clustered_offset_depot_n100_m3_pilot.txt,clustered_offset_depot,100,3,rand+nn,12,1170.807031734386,0.000463,True
clustered_offset_depot_n100_m3_pilot.txt,clustered_offset_depot,100,3,rand+nn,13,1098.2469174070363,0.000465,True
clustered_offset_depot_n100_m3_pilot.txt,clustered_offset_depot,100,3,rand+nn,14,1136.7340632437667,0.000469,True
clustered_offset_depot_n100_m3_pilot.txt,clustered_offset_depot,100,3,rand+nn,15,1180.9280850529874,0.00069,True
clustered_offset_depot_n100_m3_pilot.txt,clustered_offset_depot,100,3,rand+nn,16,1107.8661505756525,0.000705,True
clustered_offset_depot_n100_m3_pilot.txt,clustered_offset_depot,100,3,rand+nn,17,1204.8427532358783,0.000448,True
clustered_offset_depot_n100_m3_pilot.txt,clustered_offset_depot,100,3,rand+nn,18,1104.8742874159427,0.000467,True
clustered_offset_depot_n100_m3_pilot.txt,clustered_offset_depot,100,3,rand+nn,19,1180.7105700605578,0.000445,True
clustered_offset_depot_n100_m3_pilot.txt,clustered_offset_depot,100,3,rand+nn,20,1268.4054602127062,0.000465,True
clustered_offset_depot_n100_m3_pilot.txt,clustered_offset_depot,100,3,grasp,1,716.4613673419015,0.563998,True
clustered_offset_depot_n100_m3_pilot.txt,clustered_offset_depot,100,3,grasp,2,722.7170740494812,0.483871,True
clustered_offset_depot_n100_m3_pilot.txt,clustered_offset_depot,100,3,grasp,3,704.5043319710214,0.490649,True
clustered_offset_depot_n100_m3_pilot.txt,clustered_offset_depot,100,3,grasp,4,722.9562203893817,0.473376,True
clustered_offset_depot_n100_m3_pilot.txt,clustered_offset_depot,100,3,grasp,5,703.4684421824244,0.511492,True
clustered_offset_depot_n100_m3_pilot.txt,clustered_offset_depot,100,3,grasp,6,714.7519282942502,0.499012,True
clustered_offset_depot_n100_m3_pilot.txt,clustered_offset_depot,100,3,grasp,7,709.4733195064364,0.520913,True
clustered_offset_depot_n100_m3_pilot.txt,clustered_offset_depot,100,3,grasp,8,711.7566551915158,0.515226,True
clustered_offset_depot_n100_m3_pilot.txt,clustered_offset_depot,100,3,grasp,9,694.1449221441793,0.520964,True
clustered_offset_depot_n100_m3_pilot.txt,clustered_offset_depot,100,3,grasp,10,708.8999213231058,0.483267,True
clustered_offset_depot_n100_m3_pilot.txt,clustered_offset_depot,100,3,grasp,11,683.6529867416077,0.522184,True
clustered_offset_depot_n100_m3_pilot.txt,clustered_offset_depot,100,3,grasp,12,698.4029950706207,0.50001,True
clustered_offset_depot_n100_m3_pilot.txt,clustered_offset_depot,100,3,grasp,13,696.2912622009273,0.547283,True
clustered_offset_depot_n100_m3_pilot.txt,clustered_offset_depot,100,3,grasp,14,712.9772526767742,0.530578,True
clustered_offset_depot_n100_m3_pilot.txt,clustered_offset_depot,100,3,grasp,15,712.2354985458372,0.495513,True
clustered_offset_depot_n100_m3_pilot.txt,clustered_offset_depot,100,3,grasp,16,721.0516301767829,0.504445,True
clustered_offset_depot_n100_m3_pilot.txt,clustered_offset_depot,100,3,grasp,17,685.5787703660103,0.524238,True
clustered_offset_depot_n100_m3_pilot.txt,clustered_offset_depot,100,3,grasp,18,714.6884294960871,0.49573,True
clustered_offset_depot_n100_m3_pilot.txt,clustered_offset_depot,100,3,grasp,19,715.4122313854946,0.515617,True
clustered_offset_depot_n100_m3_pilot.txt,clustered_offset_depot,100,3,grasp,20,719.7593917323661,0.478885,True
clustered_offset_depot_n100_m3_pilot.txt,clustered_offset_depot,100,3,lkh-wrapper-v2,1,512.7166223430089,0.006255,True
clustered_offset_depot_n100_m3_pilot.txt,clustered_offset_depot,100,3,lkh-wrapper-v2,2,511.901720861303,0.005876,True
clustered_offset_depot_n100_m3_pilot.txt,clustered_offset_depot,100,3,lkh-wrapper-v2,3,514.5781702424142,0.005652,True
clustered_offset_depot_n100_m3_pilot.txt,clustered_offset_depot,100,3,lkh-wrapper-v2,4,516.2171497618897,0.005488,True
clustered_offset_depot_n100_m3_pilot.txt,clustered_offset_depot,100,3,lkh-wrapper-v2,5,507.8680834518955,0.005657,True
clustered_offset_depot_n100_m3_pilot.txt,clustered_offset_depot,100,3,lkh-wrapper-v2,6,514.799385161597,0.005409,True
clustered_offset_depot_n100_m3_pilot.txt,clustered_offset_depot,100,3,lkh-wrapper-v2,7,520.7433440870585,0.006051,True
clustered_offset_depot_n100_m3_pilot.txt,clustered_offset_depot,100,3,lkh-wrapper-v2,8,511.32434292597566,0.005855,True
clustered_offset_depot_n100_m3_pilot.txt,clustered_offset_depot,100,3,lkh-wrapper-v2,9,511.1060921104246,0.007396,True
clustered_offset_depot_n100_m3_pilot.txt,clustered_offset_depot,100,3,lkh-wrapper-v2,10,516.588869408339,0.005415,True
clustered_offset_depot_n100_m3_pilot.txt,clustered_offset_depot,100,3,lkh-wrapper-v2,11,510.91085387905525,0.006208,True
clustered_offset_depot_n100_m3_pilot.txt,clustered_offset_depot,100,3,lkh-wrapper-v2,12,512.5416203094568,0.005478,True
clustered_offset_depot_n100_m3_pilot.txt,clustered_offset_depot,100,3,lkh-wrapper-v2,13,509.4625245148886,0.005436,True
clustered_offset_depot_n100_m3_pilot.txt,clustered_offset_depot,100,3,lkh-wrapper-v2,14,516.588869408339,0.005276,True
clustered_offset_depot_n100_m3_pilot.txt,clustered_offset_depot,100,3,lkh-wrapper-v2,15,517.7166640990449,0.00628,True
clustered_offset_depot_n100_m3_pilot.txt,clustered_offset_depot,100,3,lkh-wrapper-v2,16,512.1245666189782,0.00573,True
clustered_offset_depot_n100_m3_pilot.txt,clustered_offset_depot,100,3,lkh-wrapper-v2,17,514.6492468438483,0.007419,True
clustered_offset_depot_n100_m3_pilot.txt,clustered_offset_depot,100,3,lkh-wrapper-v2,18,508.01616169725116,0.005265,True
clustered_offset_depot_n100_m3_pilot.txt,clustered_offset_depot,100,3,lkh-wrapper-v2,19,511.2541703557802,0.006787,True
clustered_offset_depot_n100_m3_pilot.txt,clustered_offset_depot,100,3,lkh-wrapper-v2,20,509.7142815979969,0.00688,True
mixed_outliers_n100_m3_pilot.txt,mixed_outliers,100,3,rand+nn,1,1438.1233457362268,0.00048,True
mixed_outliers_n100_m3_pilot.txt,mixed_outliers,100,3,rand+nn,2,1379.0643320870374,0.000855,True
mixed_outliers_n100_m3_pilot.txt,mixed_outliers,100,3,rand+nn,3,1384.5756634471527,0.000444,True
mixed_outliers_n100_m3_pilot.txt,mixed_outliers,100,3,rand+nn,4,1293.0360839088382,0.000457,True
mixed_outliers_n100_m3_pilot.txt,mixed_outliers,100,3,rand+nn,5,1452.2778843267333,0.000454,True
mixed_outliers_n100_m3_pilot.txt,mixed_outliers,100,3,rand+nn,6,1378.6852466727748,0.000447,True
mixed_outliers_n100_m3_pilot.txt,mixed_outliers,100,3,rand+nn,7,1516.7289961968168,0.000471,True
mixed_outliers_n100_m3_pilot.txt,mixed_outliers,100,3,rand+nn,8,1368.7869009892156,0.000459,True
mixed_outliers_n100_m3_pilot.txt,mixed_outliers,100,3,rand+nn,9,1473.2554871899129,0.000719,True
mixed_outliers_n100_m3_pilot.txt,mixed_outliers,100,3,rand+nn,10,1407.61236911152,0.00045,True
mixed_outliers_n100_m3_pilot.txt,mixed_outliers,100,3,rand+nn,11,1343.7533155508804,0.000481,True
mixed_outliers_n100_m3_pilot.txt,mixed_outliers,100,3,rand+nn,12,1427.5405501209864,0.000466,True
mixed_outliers_n100_m3_pilot.txt,mixed_outliers,100,3,rand+nn,13,1366.326339357588,0.000451,True
mixed_outliers_n100_m3_pilot.txt,mixed_outliers,100,3,rand+nn,14,1362.1047327599454,0.000471,True
mixed_outliers_n100_m3_pilot.txt,mixed_outliers,100,3,rand+nn,15,1590.6477747117228,0.000462,True
mixed_outliers_n100_m3_pilot.txt,mixed_outliers,100,3,rand+nn,16,1378.6870993809364,0.000465,True
mixed_outliers_n100_m3_pilot.txt,mixed_outliers,100,3,rand+nn,17,1432.3103083670987,0.000478,True
mixed_outliers_n100_m3_pilot.txt,mixed_outliers,100,3,rand+nn,18,1392.982783725451,0.000454,True
mixed_outliers_n100_m3_pilot.txt,mixed_outliers,100,3,rand+nn,19,1399.1500932403217,0.000479,True
mixed_outliers_n100_m3_pilot.txt,mixed_outliers,100,3,rand+nn,20,1445.6463333089425,0.000447,True
mixed_outliers_n100_m3_pilot.txt,mixed_outliers,100,3,grasp,1,762.3528489583322,0.586477,True
mixed_outliers_n100_m3_pilot.txt,mixed_outliers,100,3,grasp,2,769.8312370999511,0.54198,True
mixed_outliers_n100_m3_pilot.txt,mixed_outliers,100,3,grasp,3,768.4346984057782,0.577577,True
mixed_outliers_n100_m3_pilot.txt,mixed_outliers,100,3,grasp,4,782.7747281223735,0.526612,True
mixed_outliers_n100_m3_pilot.txt,mixed_outliers,100,3,grasp,5,766.2848068639894,0.505811,True
mixed_outliers_n100_m3_pilot.txt,mixed_outliers,100,3,grasp,6,779.4789677018273,0.537638,True
mixed_outliers_n100_m3_pilot.txt,mixed_outliers,100,3,grasp,7,759.5946102342103,0.488015,True
mixed_outliers_n100_m3_pilot.txt,mixed_outliers,100,3,grasp,8,769.5021189175296,0.540495,True
mixed_outliers_n100_m3_pilot.txt,mixed_outliers,100,3,grasp,9,766.2700441733916,0.547384,True
mixed_outliers_n100_m3_pilot.txt,mixed_outliers,100,3,grasp,10,758.3064773601019,0.535517,True
mixed_outliers_n100_m3_pilot.txt,mixed_outliers,100,3,grasp,11,761.7712603388421,0.528953,True
mixed_outliers_n100_m3_pilot.txt,mixed_outliers,100,3,grasp,12,783.9694852591223,0.53654,True
mixed_outliers_n100_m3_pilot.txt,mixed_outliers,100,3,grasp,13,781.7765309537651,0.497347,True
mixed_outliers_n100_m3_pilot.txt,mixed_outliers,100,3,grasp,14,775.6406138800033,0.526951,True
mixed_outliers_n100_m3_pilot.txt,mixed_outliers,100,3,grasp,15,762.2242224862144,0.529398,True
mixed_outliers_n100_m3_pilot.txt,mixed_outliers,100,3,grasp,16,775.0829811911274,0.523205,True
mixed_outliers_n100_m3_pilot.txt,mixed_outliers,100,3,grasp,17,759.228364093943,0.540986,True
mixed_outliers_n100_m3_pilot.txt,mixed_outliers,100,3,grasp,18,761.8118385277594,0.538185,True
mixed_outliers_n100_m3_pilot.txt,mixed_outliers,100,3,grasp,19,793.1843254021126,0.512215,True
mixed_outliers_n100_m3_pilot.txt,mixed_outliers,100,3,grasp,20,745.6210867856777,0.545989,True
mixed_outliers_n100_m3_pilot.txt,mixed_outliers,100,3,lkh-wrapper-v2,1,763.0907213770699,0.006932,True
mixed_outliers_n100_m3_pilot.txt,mixed_outliers,100,3,lkh-wrapper-v2,2,756.4852318066022,0.009358,True
mixed_outliers_n100_m3_pilot.txt,mixed_outliers,100,3,lkh-wrapper-v2,3,756.4852318066022,0.009777,True
mixed_outliers_n100_m3_pilot.txt,mixed_outliers,100,3,lkh-wrapper-v2,4,755.6986248691645,0.011846,True
mixed_outliers_n100_m3_pilot.txt,mixed_outliers,100,3,lkh-wrapper-v2,5,756.4852318066022,0.011736,True
mixed_outliers_n100_m3_pilot.txt,mixed_outliers,100,3,lkh-wrapper-v2,6,756.4852318066022,0.010291,True
mixed_outliers_n100_m3_pilot.txt,mixed_outliers,100,3,lkh-wrapper-v2,7,756.4852318066022,0.010633,True
mixed_outliers_n100_m3_pilot.txt,mixed_outliers,100,3,lkh-wrapper-v2,8,756.4852318066022,0.010557,True
mixed_outliers_n100_m3_pilot.txt,mixed_outliers,100,3,lkh-wrapper-v2,9,756.4852318066022,0.01139,True
mixed_outliers_n100_m3_pilot.txt,mixed_outliers,100,3,lkh-wrapper-v2,10,756.4852318066022,0.011377,True
mixed_outliers_n100_m3_pilot.txt,mixed_outliers,100,3,lkh-wrapper-v2,11,756.4852318066022,0.009729,True
mixed_outliers_n100_m3_pilot.txt,mixed_outliers,100,3,lkh-wrapper-v2,12,756.4852318066022,0.010119,True
mixed_outliers_n100_m3_pilot.txt,mixed_outliers,100,3,lkh-wrapper-v2,13,765.315978665793,0.008045,True
mixed_outliers_n100_m3_pilot.txt,mixed_outliers,100,3,lkh-wrapper-v2,14,756.4852318066022,0.011519,True
mixed_outliers_n100_m3_pilot.txt,mixed_outliers,100,3,lkh-wrapper-v2,15,751.4101882046973,0.009963,True
mixed_outliers_n100_m3_pilot.txt,mixed_outliers,100,3,lkh-wrapper-v2,16,757.9907303010358,0.011806,True
mixed_outliers_n100_m3_pilot.txt,mixed_outliers,100,3,lkh-wrapper-v2,17,755.6986248691647,0.009802,True
mixed_outliers_n100_m3_pilot.txt,mixed_outliers,100,3,lkh-wrapper-v2,18,756.4852318066022,0.011466,True
mixed_outliers_n100_m3_pilot.txt,mixed_outliers,100,3,lkh-wrapper-v2,19,756.4852318066022,0.01078,True
mixed_outliers_n100_m3_pilot.txt,mixed_outliers,100,3,lkh-wrapper-v2,20,756.4852318066022,0.009717,True
uniform_n200_m5_pilot.txt,uniform,200,5,rand+nn,1,3176.971117381627,0.001132,True
uniform_n200_m5_pilot.txt,uniform,200,5,rand+nn,2,3163.094363654397,0.000939,True
uniform_n200_m5_pilot.txt,uniform,200,5,rand+nn,3,3129.545676767815,0.001223,True
uniform_n200_m5_pilot.txt,uniform,200,5,rand+nn,4,3024.485500794261,0.000989,True
uniform_n200_m5_pilot.txt,uniform,200,5,rand+nn,5,3167.5448672260277,0.000921,True
uniform_n200_m5_pilot.txt,uniform,200,5,rand+nn,6,2974.591184023513,0.000923,True
uniform_n200_m5_pilot.txt,uniform,200,5,rand+nn,7,3021.9913581350356,0.001033,True
uniform_n200_m5_pilot.txt,uniform,200,5,rand+nn,8,2929.9980644514617,0.000938,True
uniform_n200_m5_pilot.txt,uniform,200,5,rand+nn,9,2996.0777925566645,0.001215,True
uniform_n200_m5_pilot.txt,uniform,200,5,rand+nn,10,3086.0707371713156,0.001071,True
uniform_n200_m5_pilot.txt,uniform,200,5,rand+nn,11,3034.2976538096623,0.000965,True
uniform_n200_m5_pilot.txt,uniform,200,5,rand+nn,12,3108.5760689434205,0.000938,True
uniform_n200_m5_pilot.txt,uniform,200,5,rand+nn,13,3032.8506295544657,0.000938,True
uniform_n200_m5_pilot.txt,uniform,200,5,rand+nn,14,3118.6594512234883,0.001241,True
uniform_n200_m5_pilot.txt,uniform,200,5,rand+nn,15,3101.340400490457,0.001183,True
uniform_n200_m5_pilot.txt,uniform,200,5,rand+nn,16,2974.3460721012443,0.001198,True
uniform_n200_m5_pilot.txt,uniform,200,5,rand+nn,17,3119.4992015022813,0.000951,True
uniform_n200_m5_pilot.txt,uniform,200,5,rand+nn,18,3110.4763754307082,0.00088,True
uniform_n200_m5_pilot.txt,uniform,200,5,rand+nn,19,3216.808661786702,0.0009,True
uniform_n200_m5_pilot.txt,uniform,200,5,rand+nn,20,3063.68022940918,0.000926,True
uniform_n200_m5_pilot.txt,uniform,200,5,grasp,1,1409.1807786134634,5.059581,True
uniform_n200_m5_pilot.txt,uniform,200,5,grasp,2,1395.874915856141,5.298777,True
uniform_n200_m5_pilot.txt,uniform,200,5,grasp,3,1365.3012977043363,5.132742,True
uniform_n200_m5_pilot.txt,uniform,200,5,grasp,4,1388.835563902801,5.130686,True
uniform_n200_m5_pilot.txt,uniform,200,5,grasp,5,1406.6862788224234,5.024012,True
uniform_n200_m5_pilot.txt,uniform,200,5,grasp,6,1370.6622562986931,5.145978,True
uniform_n200_m5_pilot.txt,uniform,200,5,grasp,7,1361.916099186979,5.227604,True
uniform_n200_m5_pilot.txt,uniform,200,5,grasp,8,1363.2801620533291,5.016843,True
uniform_n200_m5_pilot.txt,uniform,200,5,grasp,9,1424.7978175060402,4.849774,True
uniform_n200_m5_pilot.txt,uniform,200,5,grasp,10,1350.0064969276925,5.272538,True
uniform_n200_m5_pilot.txt,uniform,200,5,grasp,11,1405.177874643762,5.469467,True
uniform_n200_m5_pilot.txt,uniform,200,5,grasp,12,1376.1410107370994,5.285657,True
uniform_n200_m5_pilot.txt,uniform,200,5,grasp,13,1354.3373105111489,4.867496,True
uniform_n200_m5_pilot.txt,uniform,200,5,grasp,14,1319.0653822801787,5.43746,True
uniform_n200_m5_pilot.txt,uniform,200,5,grasp,15,1404.0565680291581,5.422746,True
uniform_n200_m5_pilot.txt,uniform,200,5,grasp,16,1381.4782096222877,5.195962,True
uniform_n200_m5_pilot.txt,uniform,200,5,grasp,17,1387.8509765808,4.944604,True
uniform_n200_m5_pilot.txt,uniform,200,5,grasp,18,1329.6645046128558,5.335256,True
uniform_n200_m5_pilot.txt,uniform,200,5,grasp,19,1377.1201737649694,5.273424,True
uniform_n200_m5_pilot.txt,uniform,200,5,grasp,20,1384.0372859359081,5.236921,True
uniform_n200_m5_pilot.txt,uniform,200,5,lkh-wrapper-v2,1,1296.492570600965,0.054839,True
uniform_n200_m5_pilot.txt,uniform,200,5,lkh-wrapper-v2,2,1269.5081061046317,0.097678,True
uniform_n200_m5_pilot.txt,uniform,200,5,lkh-wrapper-v2,3,1270.163446361003,0.095583,True
uniform_n200_m5_pilot.txt,uniform,200,5,lkh-wrapper-v2,4,1272.4850683372144,0.095571,True
uniform_n200_m5_pilot.txt,uniform,200,5,lkh-wrapper-v2,5,1271.6363958790757,0.094673,True
uniform_n200_m5_pilot.txt,uniform,200,5,lkh-wrapper-v2,6,1275.979751008839,0.077997,True
uniform_n200_m5_pilot.txt,uniform,200,5,lkh-wrapper-v2,7,1280.6338716090331,0.072482,True
uniform_n200_m5_pilot.txt,uniform,200,5,lkh-wrapper-v2,8,1266.6947052059948,0.074481,True
uniform_n200_m5_pilot.txt,uniform,200,5,lkh-wrapper-v2,9,1269.80978278264,0.068135,True
uniform_n200_m5_pilot.txt,uniform,200,5,lkh-wrapper-v2,10,1279.0166091529345,0.078487,True
uniform_n200_m5_pilot.txt,uniform,200,5,lkh-wrapper-v2,11,1279.8469790777492,0.072701,True
uniform_n200_m5_pilot.txt,uniform,200,5,lkh-wrapper-v2,12,1266.6947052059948,0.07291,True
uniform_n200_m5_pilot.txt,uniform,200,5,lkh-wrapper-v2,13,1275.047128488668,0.078451,True
uniform_n200_m5_pilot.txt,uniform,200,5,lkh-wrapper-v2,14,1288.068803752618,0.070691,True
uniform_n200_m5_pilot.txt,uniform,200,5,lkh-wrapper-v2,15,1277.073416232838,0.055883,True
uniform_n200_m5_pilot.txt,uniform,200,5,lkh-wrapper-v2,16,1263.5536861127334,0.076149,True
uniform_n200_m5_pilot.txt,uniform,200,5,lkh-wrapper-v2,17,1275.979751008839,0.074768,True
uniform_n200_m5_pilot.txt,uniform,200,5,lkh-wrapper-v2,18,1283.7254486228544,0.05236,True
uniform_n200_m5_pilot.txt,uniform,200,5,lkh-wrapper-v2,19,1262.3513500762315,0.069368,True
uniform_n200_m5_pilot.txt,uniform,200,5,lkh-wrapper-v2,20,1280.88009770488,0.073804,True
