instance_family,instance,path,node_count,salesman_count,solver,objective,time_seconds,step_time_seconds,valid,status,steps,routes
clustered-center,clustered-center_n1000_m3_r01.txt,data/mtsp/stratum1_small/clustered-center_n1000_m3_r01.txt,1000,3,ortools-GLS,1893.1791154896257,30.001671075820923,30.001671075820923,True,ok,[],"[[0, 224, 36, 242, 618, 134, 328, 849, 77, 447, 977, 31, 665, 499, 459, 390, 608, 9, 966, 633, 58, 313, 788, 778, 191, 957, 916, 901, 450, 964, 915, 629, 88, 562, 490, 195, 918, 548, 876, 767, 485, 463, 239, 339, 636, 375, 824, 334, 960, 860, 971, 800, 398, 93, 206, 749, 320, 7, 925, 757, 154, 634, 62, 155, 403, 310, 246, 596, 286, 207, 226, 772, 368, 545, 642, 926, 273, 323, 188, 452, 41, 651, 12, 436, 959, 827, 284, 432, 105, 734, 969, 412, 487, 117, 554, 184, 418, 250, 718, 126, 308, 794, 536, 345, 863, 621, 65, 570, 784, 261, 290, 682, 442, 811, 176, 590, 893, 474, 484, 201, 107, 729, 710, 816, 253, 733, 190, 389, 135, 937, 948, 79, 180, 851, 950, 175, 591, 985, 910, 11, 696, 222, 279, 728, 574, 63, 779, 625, 453, 332, 568, 758, 738, 859, 761, 539, 351, 388, 730, 457, 10, 109, 68, 359, 550, 139, 702, 678, 338, 18, 67, 446, 604, 705, 872, 382, 143, 546, 61, 22, 27, 46, 875, 645, 655, 831, 593, 640, 434, 947, 370, 814, 688, 848, 150, 691, 187, 132, 886, 624, 777, 497, 783, 982, 748, 706, 395, 572, 774, 823, 720, 638, 157, 475, 405, 676, 862, 116, 138, 719, 384, 498, 289, 865, 780, 94, 331, 510, 508, 687, 265, 515, 112, 156, 648, 329, 609, 756, 598, 296, 278, 553, 208, 989, 387, 653, 240, 357, 349, 377, 776, 133, 833, 496, 355, 493, 25, 742, 383, 858, 689, 437, 469, 483, 740, 802, 914, 507, 606, 853, 970, 597, 504, 272, 419, 252, 639, 348, 435, 717, 796, 408, 110, 53, 460, 136, 2, 522, 455, 908, 274, 631, 560, 202, 958, 595, 836, 940, 414, 992, 337, 183, 140, 427, 990, 502, 803, 657, 939, 52, 161, 60, 163, 397, 369, 524, 19, 181, 846, 124, 44, 298, 874, 468, 197, 873, 540, 611, 402, 431, 787, 204, 406, 576, 0], [0, 867, 673, 303, 614, 942, 662, 146, 411, 91, 287, 870, 168, 768, 866, 516, 376, 48, 158, 309, 509, 114, 341, 987, 575, 693, 525, 267, 1, 900, 996, 372, 311, 659, 466, 458, 793, 394, 123, 130, 681, 968, 441, 847, 87, 219, 141, 306, 404, 225, 954, 790, 530, 295, 185, 347, 445, 878, 269, 798, 43, 228, 607, 97, 501, 841, 214, 879, 374, 564, 335, 725, 578, 520, 906, 283, 708, 102, 425, 433, 392, 924, 707, 984, 243, 364, 949, 362, 754, 601, 840, 254, 494, 887, 210, 82, 531, 196, 38, 101, 407, 238, 100, 699, 750, 817, 712, 577, 317, 235, 514, 920, 417, 894, 488, 994, 543, 737, 518, 409, 620, 600, 193, 231, 972, 233, 336, 566, 804, 467, 528, 999, 685, 616, 293, 247, 855, 203, 792, 111, 567, 145, 194, 938, 205, 946, 961, 526, 709, 95, 537, 162, 632, 807, 952, 232, 271, 806, 909, 932, 423, 218, 852, 84, 410, 735, 599, 326, 307, 255, 28, 995, 902, 963, 656, 711, 535, 592, 227, 998, 727, 760, 152, 340, 582, 416, 641, 931, 571, 838, 889, 448, 686, 106, 769, 285, 486, 35, 129, 263, 300, 47, 81, 928, 70, 921, 379, 703, 353, 581, 585, 822, 40, 683, 732, 544, 826, 991, 605, 465, 169, 245, 319, 118, 613, 896, 492, 627, 619, 128, 700, 965, 440, 430, 752, 558, 327, 177, 864, 506, 45, 147, 17, 941, 192, 312, 661, 449, 891, 153, 583, 366, 386, 594, 127, 165, 904, 428, 547, 911, 8, 439, 92, 869, 292, 20, 883, 489, 975, 21, 892, 400, 172, 993, 148, 461, 890, 173, 299, 122, 90, 766, 422, 534, 297, 861, 527, 50, 517, 809, 257, 698, 256, 223, 216, 962, 884, 913, 15, 37, 649, 845, 137, 316, 186, 325, 650, 690, 930, 988, 244, 72, 981, 78, 589, 212, 413, 113, 234, 753, 808, 923, 722, 275, 660, 209, 491, 131, 679, 451, 559, 89, 144, 343, 0], [0, 944, 880, 523, 763, 352, 167, 670, 927, 55, 664, 480, 464, 933, 643, 170, 532, 76, 217, 561, 360, 42, 579, 580, 277, 694, 500, 23, 789, 895, 54, 898, 315, 179, 983, 358, 294, 198, 473, 477, 658, 321, 762, 330, 552, 80, 443, 462, 602, 837, 697, 385, 33, 980, 979, 667, 302, 166, 912, 871, 586, 363, 715, 907, 189, 29, 258, 56, 199, 603, 830, 241, 213, 5, 220, 361, 857, 159, 951, 86, 472, 396, 120, 160, 739, 142, 956, 393, 888, 781, 24, 260, 936, 953, 280, 623, 842, 795, 955, 69, 555, 922, 32, 264, 669, 630, 755, 967, 726, 821, 149, 770, 751, 482, 834, 438, 843, 399, 721, 371, 973, 476, 731, 182, 251, 584, 617, 654, 200, 481, 905, 652, 741, 835, 367, 563, 248, 637, 818, 121, 675, 529, 801, 268, 301, 505, 773, 934, 663, 797, 542, 470, 51, 805, 26, 125, 844, 899, 305, 919, 747, 13, 342, 108, 716, 421, 573, 612, 680, 850, 695, 815, 249, 454, 73, 291, 346, 677, 237, 444, 856, 215, 429, 519, 819, 333, 75, 71, 415, 14, 828, 903, 759, 3, 854, 322, 666, 164, 692, 557, 262, 266, 57, 646, 314, 771, 318, 724, 704, 479, 882, 4, 64, 746, 381, 478, 270, 551, 85, 98, 610, 976, 259, 503, 810, 119, 59, 943, 764, 104, 978, 495, 622, 897, 885, 782, 115, 713, 644, 714, 456, 565, 236, 791, 538, 511, 588, 229, 736, 628, 929, 424, 684, 556, 512, 354, 672, 324, 74, 813, 533, 549, 513, 66, 151, 174, 744, 391, 276, 211, 426, 701, 786, 820, 282, 868, 775, 99, 365, 178, 812, 471, 401, 378, 103, 986, 304, 825, 626, 974, 16, 881, 420, 587, 635, 171, 997, 34, 521, 674, 668, 356, 945, 96, 671, 230, 344, 49, 877, 799, 785, 743, 765, 839, 745, 569, 83, 917, 829, 281, 6, 832, 288, 373, 723, 221, 541, 935, 30, 350, 39, 615, 647, 380, 0]]"
clustered-center,clustered-center_n1000_m3_r02.txt,data/mtsp/stratum1_small/clustered-center_n1000_m3_r02.txt,1000,3,ortools-GLS,1751.3368918179337,30.0032742023468,30.0032742023468,True,ok,[],"[[0, 563, 727, 94, 151, 823, 799, 330, 168, 751, 833, 224, 970, 352, 433, 118, 828, 89, 85, 814, 225, 53, 492, 140, 862, 809, 971, 350, 600, 319, 691, 401, 454, 573, 29, 109, 365, 148, 964, 451, 651, 4, 190, 827, 592, 965, 972, 542, 417, 354, 269, 703, 370, 191, 891, 881, 475, 49, 261, 546, 540, 410, 718, 591, 469, 196, 977, 666, 701, 570, 788, 276, 59, 304, 176, 508, 263, 629, 899, 32, 340, 739, 675, 74, 170, 126, 950, 725, 217, 505, 937, 55, 413, 66, 385, 783, 557, 978, 164, 990, 422, 150, 299, 127, 439, 926, 627, 810, 856, 834, 653, 840, 446, 306, 764, 163, 310, 215, 220, 589, 861, 532, 35, 210, 232, 265, 372, 875, 949, 95, 204, 427, 60, 754, 559, 986, 172, 638, 690, 917, 291, 495, 622, 47, 544, 548, 293, 141, 797, 255, 156, 506, 201, 21, 686, 555, 24, 136, 403, 871, 356, 997, 116, 835, 107, 222, 455, 460, 681, 105, 648, 2, 697, 456, 256, 757, 43, 486, 37, 731, 568, 489, 909, 429, 251, 870, 503, 470, 302, 57, 955, 748, 374, 108, 102, 123, 578, 803, 933, 583, 17, 753, 721, 491, 344, 453, 346, 863, 282, 336, 800, 20, 713, 801, 963, 143, 502, 305, 142, 771, 982, 183, 298, 566, 518, 133, 889, 296, 363, 355, 885, 184, 229, 706, 811, 221, 31, 816, 642, 594, 462, 71, 868, 712, 207, 209, 873, 144, 498, 342, 940, 30, 322, 846, 44, 52, 103, 957, 226, 303, 959, 360, 376, 11, 611, 869, 193, 195, 530, 533, 404, 379, 523, 314, 892, 679, 42, 659, 366, 197, 999, 558, 128, 525, 480, 154, 830, 737, 694, 387, 409, 48, 476, 528, 246, 200, 776, 423, 658, 662, 313, 395, 767, 241, 187, 240, 6, 519, 481, 28, 630, 613, 399, 641, 910, 76, 896, 252, 777, 878, 359, 633, 488, 749, 333, 643, 335, 230, 112, 158, 890, 952, 590, 916, 0], [0, 792, 231, 535, 165, 860, 264, 593, 740, 536, 233, 693, 543, 807, 259, 623, 785, 880, 459, 905, 415, 929, 474, 326, 711, 821, 316, 493, 966, 699, 998, 516, 441, 752, 280, 249, 93, 866, 512, 981, 383, 487, 81, 416, 87, 616, 762, 23, 932, 684, 101, 275, 160, 438, 292, 510, 700, 723, 612, 580, 696, 845, 795, 628, 509, 716, 420, 517, 243, 211, 182, 39, 562, 396, 819, 377, 520, 347, 736, 19, 125, 855, 996, 527, 61, 178, 782, 308, 836, 844, 73, 602, 680, 490, 624, 381, 368, 494, 70, 939, 435, 398, 760, 51, 218, 730, 483, 3, 784, 496, 913, 131, 386, 702, 203, 746, 514, 967, 64, 618, 745, 72, 138, 166, 942, 10, 549, 741, 100, 375, 921, 935, 80, 619, 995, 719, 407, 614, 504, 254, 794, 820, 726, 110, 645, 145, 931, 117, 901, 604, 309, 678, 357, 676, 644, 994, 390, 895, 958, 948, 479, 289, 186, 418, 278, 924, 75, 817, 364, 325, 838, 923, 529, 426, 466, 818, 747, 956, 601, 69, 849, 442, 692, 669, 267, 772, 315, 596, 285, 63, 507, 758, 227, 988, 537, 331, 115, 245, 237, 946, 953, 717, 83, 945, 371, 463, 361, 654, 650, 620, 450, 260, 789, 786, 139, 755, 582, 295, 147, 13, 175, 478, 84, 793, 208, 321, 682, 106, 780, 743, 661, 919, 893, 382, 847, 538, 389, 708, 938, 62, 300, 349, 307, 569, 556, 279, 54, 40, 511, 367, 842, 900, 979, 97, 457, 311, 585, 297, 238, 575, 759, 391, 928, 68, 378, 373, 781, 944, 500, 980, 812, 738, 911, 632, 7, 631, 927, 400, 472, 262, 301, 667, 837, 852, 541, 554, 714, 854, 239, 205, 34, 606, 22, 188, 522, 663, 15, 625, 877, 867, 86, 851, 235, 897, 912, 930, 560, 839, 111, 775, 615, 824, 443, 424, 121, 46, 704, 234, 695, 272, 636, 362, 768, 920, 258, 904, 77, 33, 173, 421, 709, 539, 452, 763, 0], [0, 673, 397, 765, 778, 779, 384, 369, 914, 348, 14, 244, 157, 599, 922, 271, 859, 689, 447, 603, 521, 286, 242, 637, 576, 915, 119, 864, 65, 941, 660, 179, 45, 332, 907, 67, 961, 329, 223, 458, 805, 802, 96, 287, 991, 436, 621, 832, 317, 806, 607, 710, 626, 388, 465, 58, 192, 903, 216, 553, 774, 88, 656, 167, 843, 705, 288, 444, 8, 318, 485, 56, 78, 732, 501, 742, 431, 268, 202, 177, 646, 161, 992, 724, 947, 534, 402, 281, 635, 572, 12, 769, 954, 787, 345, 38, 647, 687, 989, 884, 343, 888, 734, 284, 99, 120, 586, 1, 351, 984, 722, 408, 581, 79, 683, 337, 853, 253, 266, 588, 715, 152, 728, 876, 729, 883, 657, 90, 822, 968, 688, 605, 461, 92, 698, 761, 9, 579, 987, 132, 135, 879, 283, 425, 499, 324, 468, 567, 766, 550, 825, 790, 671, 649, 98, 464, 82, 733, 430, 162, 587, 960, 848, 617, 829, 735, 380, 975, 598, 199, 564, 561, 672, 640, 219, 943, 813, 406, 756, 149, 394, 339, 513, 551, 236, 773, 831, 274, 547, 327, 902, 358, 41, 571, 865, 194, 552, 50, 114, 609, 130, 796, 951, 449, 26, 584, 122, 341, 664, 180, 171, 213, 25, 445, 129, 277, 610, 887, 985, 250, 228, 137, 323, 595, 886, 815, 744, 392, 976, 467, 338, 841, 257, 962, 405, 577, 524, 670, 639, 791, 434, 27, 526, 153, 428, 482, 634, 936, 857, 906, 155, 565, 393, 312, 808, 247, 983, 908, 113, 898, 212, 850, 169, 974, 440, 668, 471, 858, 214, 574, 473, 597, 934, 484, 328, 677, 804, 18, 973, 91, 652, 432, 874, 412, 437, 270, 707, 685, 608, 674, 750, 16, 969, 419, 720, 206, 826, 248, 294, 181, 104, 798, 159, 198, 5, 411, 334, 320, 497, 665, 185, 894, 477, 882, 124, 414, 993, 36, 146, 448, 189, 655, 770, 273, 545, 515, 925, 290, 353, 174, 134, 918, 872, 531, 0]]"
clustered-center,clustered-center_n1000_m3_r03.txt,data/mtsp/stratum1_small/clustered-center_n1000_m3_r03.txt,1000,3,ortools-GLS,1760.225748298031,30.00166630744934,30.00166630744934,True,ok,[],"[[0, 313, 491, 324, 622, 793, 512, 928, 99, 508, 312, 763, 126, 632, 257, 591, 427, 459, 681, 326, 371, 383, 306, 729, 506, 641, 17, 658, 443, 354, 48, 196, 841, 488, 154, 262, 53, 400, 56, 364, 838, 61, 741, 79, 68, 509, 994, 833, 942, 589, 579, 879, 309, 373, 177, 197, 115, 773, 246, 935, 374, 34, 208, 722, 489, 705, 882, 155, 876, 775, 148, 796, 339, 130, 840, 522, 107, 142, 528, 89, 541, 169, 58, 616, 184, 376, 411, 463, 686, 559, 642, 50, 783, 991, 904, 967, 499, 774, 677, 551, 620, 765, 902, 843, 701, 549, 922, 95, 352, 831, 712, 573, 108, 263, 93, 914, 546, 830, 895, 521, 954, 818, 985, 708, 846, 630, 827, 355, 101, 23, 660, 418, 918, 932, 255, 826, 558, 799, 866, 361, 302, 476, 437, 778, 530, 384, 956, 751, 329, 690, 859, 457, 116, 423, 894, 706, 479, 776, 453, 963, 387, 174, 923, 182, 872, 878, 723, 643, 307, 764, 346, 648, 646, 176, 230, 250, 22, 734, 100, 311, 829, 927, 977, 497, 821, 131, 731, 82, 788, 492, 42, 166, 614, 483, 234, 229, 565, 264, 587, 180, 88, 431, 392, 198, 171, 667, 185, 817, 950, 113, 767, 97, 535, 349, 655, 143, 849, 915, 969, 49, 278, 639, 318, 59, 218, 782, 248, 948, 314, 38, 597, 544, 900, 721, 627, 785, 432, 118, 13, 640, 828, 455, 805, 624, 462, 484, 972, 4, 943, 634, 252, 961, 510, 514, 322, 106, 957, 748, 469, 448, 569, 999, 665, 814, 217, 260, 144, 809, 69, 716, 612, 580, 66, 368, 596, 272, 884, 917, 291, 209, 979, 117, 160, 18, 299, 370, 777, 637, 323, 924, 605, 966, 57, 867, 456, 172, 691, 386, 134, 195, 673, 531, 308, 881, 851, 571, 572, 887, 504, 877, 54, 651, 213, 221, 158, 650, 351, 989, 588, 407, 714, 124, 245, 285, 71, 797, 369, 467, 746, 422, 750, 344, 11, 286, 0], [0, 715, 973, 860, 393, 526, 700, 543, 787, 281, 21, 842, 90, 604, 710, 39, 911, 834, 406, 98, 766, 815, 298, 870, 635, 823, 925, 274, 240, 663, 236, 898, 226, 267, 317, 825, 237, 626, 916, 745, 466, 439, 936, 621, 74, 214, 399, 539, 769, 912, 444, 280, 389, 43, 52, 5, 72, 31, 359, 844, 578, 141, 112, 779, 190, 885, 730, 408, 889, 742, 780, 379, 602, 204, 287, 676, 547, 988, 210, 556, 592, 995, 461, 170, 382, 993, 577, 60, 913, 365, 343, 301, 16, 247, 996, 737, 962, 984, 32, 151, 55, 179, 468, 837, 964, 672, 791, 523, 713, 223, 458, 235, 534, 803, 975, 820, 678, 617, 724, 560, 348, 688, 147, 420, 6, 153, 873, 542, 12, 687, 944, 740, 992, 666, 584, 982, 868, 76, 704, 145, 259, 657, 152, 855, 744, 595, 78, 181, 608, 216, 692, 19, 702, 474, 981, 84, 157, 857, 743, 647, 416, 502, 495, 62, 358, 149, 109, 836, 419, 598, 520, 486, 175, 211, 390, 261, 122, 934, 105, 807, 133, 609, 613, 835, 20, 625, 305, 292, 755, 70, 45, 808, 536, 360, 668, 424, 795, 695, 896, 752, 273, 662, 890, 202, 414, 449, 454, 377, 801, 114, 983, 952, 696, 903, 24, 187, 693, 670, 720, 86, 739, 189, 238, 75, 300, 8, 789, 515, 792, 736, 334, 7, 707, 438, 380, 219, 586, 277, 856, 717, 581, 768, 441, 282, 561, 96, 129, 77, 127, 907, 886, 847, 929, 638, 883, 425, 357, 470, 784, 254, 241, 958, 711, 249, 790, 447, 430, 986, 409, 652, 215, 138, 505, 475, 1, 30, 819, 772, 51, 191, 375, 440, 243, 87, 629, 28, 228, 396, 980, 128, 682, 893, 758, 394, 590, 537, 753, 552, 576, 513, 320, 503, 472, 863, 436, 321, 288, 583, 421, 910, 566, 473, 603, 978, 341, 951, 615, 481, 865, 14, 446, 709, 517, 203, 683, 212, 47, 931, 325, 762, 611, 199, 959, 644, 0], [0, 947, 391, 937, 921, 41, 800, 295, 193, 771, 607, 519, 201, 135, 990, 65, 464, 207, 429, 477, 435, 188, 839, 121, 67, 173, 110, 266, 568, 206, 37, 367, 725, 328, 345, 269, 335, 802, 726, 971, 760, 36, 283, 548, 451, 29, 810, 224, 294, 271, 955, 811, 478, 220, 601, 858, 699, 619, 850, 385, 168, 563, 675, 738, 80, 905, 412, 256, 120, 480, 163, 64, 759, 997, 410, 284, 258, 832, 450, 150, 754, 192, 103, 897, 15, 159, 366, 888, 874, 362, 161, 27, 575, 940, 908, 395, 770, 397, 268, 529, 178, 165, 402, 960, 485, 669, 331, 445, 91, 953, 44, 507, 623, 353, 125, 553, 496, 494, 674, 222, 761, 689, 798, 594, 653, 356, 289, 327, 697, 482, 398, 442, 460, 239, 659, 471, 297, 593, 85, 654, 290, 303, 892, 645, 137, 679, 703, 73, 253, 2, 527, 102, 862, 545, 296, 35, 633, 232, 518, 275, 316, 111, 251, 987, 146, 733, 976, 875, 735, 567, 401, 636, 812, 694, 822, 225, 786, 901, 336, 600, 270, 434, 33, 974, 26, 186, 340, 404, 970, 83, 938, 227, 732, 824, 941, 9, 949, 585, 848, 684, 333, 403, 381, 524, 405, 698, 123, 574, 562, 25, 139, 853, 498, 337, 806, 555, 945, 965, 242, 119, 372, 363, 81, 899, 330, 500, 136, 10, 342, 279, 417, 40, 104, 864, 606, 465, 265, 233, 231, 487, 388, 920, 244, 582, 532, 350, 63, 194, 781, 946, 664, 162, 869, 433, 727, 293, 511, 930, 426, 747, 919, 550, 413, 845, 871, 538, 533, 540, 164, 998, 315, 685, 452, 557, 332, 813, 909, 719, 564, 618, 880, 415, 854, 525, 756, 156, 671, 649, 46, 933, 599, 428, 906, 310, 304, 319, 852, 661, 516, 338, 968, 749, 554, 861, 276, 94, 378, 628, 804, 92, 493, 656, 891, 200, 570, 939, 3, 680, 167, 926, 347, 140, 718, 490, 610, 183, 816, 728, 757, 132, 205, 631, 501, 794, 0]]"
clustered-center,clustered-center_n1000_m5_r01.txt,data/mtsp/stratum1_small/clustered-center_n1000_m5_r01.txt,1000,5,ortools-GLS,1927.0181372681795,30.00274085998535,30.00274085998535,True,ok,[],"[[0, 8, 336, 149, 222, 384, 43, 855, 628, 483, 727, 443, 700, 682, 161, 968, 411, 999, 582, 285, 330, 186, 951, 690, 798, 688, 239, 768, 576, 229, 598, 486, 511, 120, 667, 755, 836, 757, 970, 506, 237, 517, 918, 771, 197, 684, 635, 361, 686, 980, 469, 664, 847, 463, 610, 745, 227, 781, 11, 609, 180, 590, 698, 243, 794, 534, 616, 597, 514, 930, 840, 355, 509, 289, 405, 915, 188, 981, 654, 940, 952, 362, 848, 474, 856, 562, 875, 51, 363, 190, 689, 425, 134, 604, 435, 432, 459, 818, 692, 988, 434, 544, 442, 26, 921, 737, 339, 13, 608, 184, 945, 383, 658, 495, 98, 669, 911, 927, 869, 736, 851, 751, 450, 942, 613, 708, 961, 181, 717, 388, 606, 1, 516, 830, 827, 17, 662, 246, 683, 332, 76, 316, 265, 978, 521, 746, 61, 206, 904, 358, 248, 638, 883, 770, 45, 640, 71, 92, 993, 809, 577, 551, 584, 870, 172, 132, 145, 50, 465, 39, 269, 319, 979, 826, 812, 820, 305, 218, 880, 431, 889, 791, 307, 676, 87, 898, 649, 501, 85, 657, 75, 612, 468, 721, 797, 122, 100, 934, 133, 704, 423, 0], [0, 972, 37, 313, 170, 444, 508, 762, 272, 850, 796, 397, 387, 12, 505, 125, 194, 488, 73, 277, 412, 599, 973, 499, 956, 429, 74, 705, 949, 447, 22, 21, 799, 877, 491, 183, 298, 618, 312, 165, 735, 296, 391, 585, 103, 739, 769, 941, 114, 254, 540, 214, 728, 767, 536, 625, 487, 592, 928, 868, 187, 527, 131, 626, 369, 408, 580, 318, 532, 249, 356, 595, 385, 663, 400, 360, 63, 135, 205, 314, 89, 150, 731, 651, 146, 756, 678, 59, 494, 108, 167, 225, 779, 493, 245, 944, 759, 707, 716, 621, 570, 520, 764, 962, 884, 256, 860, 16, 754, 492, 438, 843, 199, 903, 960, 685, 317, 143, 490, 207, 622, 379, 123, 748, 806, 155, 900, 845, 563, 528, 9, 129, 761, 354, 292, 273, 995, 153, 282, 975, 209, 176, 974, 78, 144, 315, 953, 583, 828, 20, 477, 306, 109, 587, 573, 496, 219, 446, 311, 749, 329, 672, 814, 179, 601, 985, 990, 524, 623, 441, 694, 415, 679, 274, 241, 743, 264, 489, 201, 619, 513, 66, 238, 882, 267, 147, 722, 787, 164, 967, 819, 902, 732, 482, 437, 27, 729, 121, 373, 611, 228, 0], [0, 323, 278, 455, 253, 49, 703, 894, 458, 805, 909, 52, 216, 556, 750, 917, 905, 543, 148, 291, 470, 766, 997, 825, 464, 885, 284, 396, 480, 865, 137, 212, 991, 325, 950, 6, 863, 42, 920, 841, 932, 776, 795, 350, 151, 392, 372, 224, 154, 84, 485, 823, 349, 171, 475, 377, 478, 760, 908, 118, 204, 406, 578, 647, 744, 936, 519, 47, 929, 198, 871, 656, 97, 390, 448, 709, 525, 652, 346, 93, 365, 518, 861, 888, 874, 128, 261, 111, 753, 288, 262, 139, 872, 231, 986, 558, 271, 815, 810, 641, 337, 244, 81, 152, 407, 334, 393, 674, 41, 782, 191, 58, 374, 88, 301, 553, 416, 454, 864, 829, 637, 687, 777, 19, 178, 653, 670, 232, 293, 668, 68, 102, 367, 785, 258, 471, 772, 338, 86, 15, 817, 586, 326, 922, 340, 906, 157, 958, 542, 680, 378, 414, 173, 515, 351, 711, 800, 35, 189, 803, 650, 44, 99, 299, 575, 541, 564, 77, 593, 40, 645, 873, 413, 398, 545, 531, 811, 498, 677, 203, 352, 546, 386, 328, 348, 964, 107, 701, 773, 57, 281, 821, 801, 671, 838, 747, 110, 989, 476, 938, 220, 0], [0, 138, 410, 849, 603, 643, 420, 510, 440, 240, 208, 996, 775, 192, 561, 5, 808, 445, 839, 633, 859, 195, 529, 217, 210, 479, 60, 955, 742, 4, 648, 275, 854, 774, 295, 632, 283, 402, 866, 789, 426, 193, 783, 895, 919, 158, 778, 892, 738, 166, 572, 816, 522, 726, 723, 430, 215, 136, 235, 394, 34, 788, 119, 730, 376, 660, 233, 523, 642, 706, 72, 503, 302, 200, 368, 699, 370, 321, 29, 725, 712, 966, 568, 460, 602, 428, 234, 807, 382, 615, 539, 822, 538, 168, 64, 457, 675, 101, 605, 211, 896, 790, 451, 916, 733, 977, 175, 550, 620, 853, 569, 2, 250, 159, 113, 32, 862, 646, 893, 83, 713, 813, 344, 67, 533, 371, 734, 30, 422, 629, 792, 897, 7, 25, 763, 596, 724, 280, 607, 341, 31, 549, 858, 56, 380, 931, 740, 65, 890, 112, 117, 948, 710, 912, 935, 591, 969, 221, 266, 926, 303, 364, 881, 14, 160, 46, 526, 242, 504, 115, 424, 276, 937, 418, 399, 627, 260, 309, 185, 322, 481, 252, 634, 530, 574, 23, 290, 456, 963, 554, 79, 500, 971, 268, 202, 33, 589, 695, 324, 106, 0], [0, 24, 343, 163, 213, 36, 939, 55, 535, 389, 90, 992, 403, 673, 933, 879, 537, 345, 661, 381, 887, 436, 95, 320, 404, 752, 279, 174, 327, 907, 976, 983, 467, 560, 287, 901, 832, 559, 824, 943, 720, 914, 162, 124, 878, 127, 53, 954, 257, 461, 353, 236, 831, 286, 835, 837, 82, 357, 594, 484, 630, 644, 579, 472, 452, 335, 697, 846, 507, 614, 957, 80, 419, 347, 886, 910, 69, 624, 834, 946, 741, 473, 867, 308, 375, 310, 891, 636, 223, 300, 659, 462, 116, 417, 665, 899, 552, 714, 10, 655, 715, 548, 331, 141, 409, 333, 177, 702, 857, 140, 18, 105, 156, 844, 982, 718, 512, 502, 639, 427, 366, 91, 696, 449, 925, 401, 567, 259, 270, 182, 965, 571, 566, 433, 3, 852, 342, 453, 802, 104, 226, 833, 547, 784, 196, 466, 693, 557, 142, 994, 691, 998, 631, 617, 54, 38, 984, 359, 294, 719, 913, 924, 600, 255, 70, 395, 842, 923, 588, 581, 765, 497, 421, 263, 230, 666, 96, 780, 247, 94, 804, 555, 959, 130, 681, 28, 126, 169, 758, 62, 987, 947, 439, 876, 297, 251, 793, 565, 48, 304, 786, 0]]"
clustered-center,clustered-center_n1000_m5_r02.txt,data/mtsp/stratum1_small/clustered-center_n1000_m5_r02.txt,1000,5,ortools-GLS,2007.4692108098288,30.002484560012817,30.002484560012817,True,ok,[],"[[0, 778, 700, 424, 429, 292, 550, 722, 380, 760, 962, 143, 419, 485, 584, 256, 123, 370, 176, 342, 131, 477, 1, 869, 37, 649, 392, 257, 142, 762, 80, 86, 442, 93, 613, 856, 705, 2, 715, 315, 322, 52, 438, 40, 603, 826, 435, 939, 309, 839, 403, 611, 270, 600, 24, 20, 921, 68, 489, 112, 249, 321, 312, 664, 158, 65, 15, 885, 47, 221, 846, 214, 475, 894, 25, 682, 365, 629, 545, 82, 154, 468, 985, 987, 556, 97, 779, 293, 275, 785, 716, 264, 258, 33, 650, 934, 278, 643, 241, 120, 538, 793, 433, 695, 878, 827, 4, 244, 454, 754, 782, 290, 347, 224, 665, 872, 753, 901, 652, 585, 232, 946, 867, 809, 450, 140, 817, 759, 527, 288, 210, 658, 654, 276, 345, 738, 706, 427, 784, 455, 832, 708, 736, 481, 940, 194, 997, 712, 788, 83, 10, 691, 448, 860, 576, 64, 203, 341, 299, 328, 609, 881, 237, 812, 709, 122, 814, 910, 765, 235, 159, 259, 699, 417, 209, 806, 396, 596, 253, 732, 986, 504, 101, 260, 891, 720, 815, 750, 768, 28, 655, 359, 710, 398, 533, 912, 530, 954, 250, 555, 945, 0], [0, 127, 879, 226, 404, 295, 514, 291, 95, 445, 841, 453, 215, 148, 279, 267, 681, 177, 76, 216, 884, 329, 189, 173, 219, 99, 11, 213, 74, 877, 39, 637, 139, 820, 661, 118, 463, 283, 680, 3, 349, 976, 156, 182, 582, 616, 470, 377, 834, 739, 718, 153, 428, 255, 769, 23, 144, 72, 952, 927, 663, 509, 737, 657, 977, 360, 971, 678, 571, 551, 18, 633, 639, 907, 836, 931, 513, 688, 32, 405, 683, 285, 963, 966, 547, 674, 379, 823, 630, 254, 520, 981, 902, 163, 532, 205, 426, 862, 243, 302, 517, 461, 145, 149, 164, 38, 446, 792, 331, 117, 385, 735, 43, 337, 466, 924, 531, 125, 502, 418, 696, 333, 697, 179, 89, 670, 350, 874, 724, 897, 595, 672, 58, 443, 849, 298, 915, 497, 268, 402, 382, 842, 388, 968, 147, 821, 575, 756, 767, 458, 865, 488, 764, 19, 311, 62, 354, 187, 557, 880, 185, 635, 287, 707, 593, 992, 989, 781, 192, 130, 791, 21, 193, 486, 175, 728, 698, 107, 744, 415, 174, 197, 471, 356, 456, 625, 805, 800, 36, 317, 983, 310, 673, 917, 796, 605, 252, 763, 552, 686, 96, 0], [0, 631, 330, 387, 515, 854, 141, 947, 573, 775, 751, 383, 537, 694, 441, 507, 324, 868, 236, 484, 199, 457, 409, 668, 480, 932, 626, 882, 386, 620, 474, 103, 357, 662, 847, 375, 729, 384, 430, 568, 234, 804, 916, 462, 400, 560, 647, 69, 116, 304, 636, 618, 876, 628, 358, 318, 274, 581, 498, 919, 261, 937, 494, 171, 766, 969, 526, 928, 890, 106, 77, 660, 677, 723, 422, 134, 717, 340, 906, 263, 651, 248, 978, 31, 108, 617, 313, 979, 566, 833, 410, 824, 366, 774, 770, 306, 271, 355, 799, 957, 91, 206, 578, 802, 638, 961, 451, 565, 92, 659, 991, 594, 434, 460, 13, 933, 198, 892, 437, 953, 534, 71, 597, 818, 828, 914, 506, 105, 803, 852, 604, 577, 239, 870, 90, 761, 730, 247, 469, 895, 529, 114, 857, 170, 393, 984, 272, 843, 289, 421, 27, 493, 794, 46, 886, 406, 713, 982, 840, 690, 200, 87, 431, 195, 500, 30, 412, 811, 167, 570, 316, 679, 211, 113, 269, 747, 646, 851, 207, 913, 988, 56, 98, 825, 423, 245, 687, 372, 623, 797, 41, 352, 208, 449, 511, 998, 364, 711, 574, 896, 0], [0, 115, 138, 505, 227, 401, 955, 749, 325, 591, 855, 973, 893, 601, 319, 583, 369, 743, 166, 220, 152, 129, 733, 562, 938, 936, 714, 222, 102, 327, 807, 950, 168, 554, 771, 787, 314, 795, 911, 693, 975, 183, 883, 523, 8, 94, 326, 296, 542, 136, 671, 844, 191, 201, 741, 999, 223, 830, 146, 525, 160, 459, 411, 837, 801, 510, 133, 45, 229, 344, 822, 871, 338, 922, 899, 949, 499, 408, 863, 63, 777, 752, 26, 558, 648, 467, 75, 178, 501, 165, 464, 407, 590, 579, 17, 967, 111, 395, 923, 332, 277, 439, 128, 150, 218, 848, 944, 541, 518, 859, 725, 479, 390, 612, 73, 746, 903, 990, 959, 55, 432, 539, 634, 273, 831, 755, 132, 29, 483, 866, 667, 521, 88, 519, 731, 622, 669, 776, 378, 59, 492, 251, 265, 184, 161, 641, 904, 447, 786, 397, 12, 512, 685, 124, 368, 351, 81, 926, 602, 909, 204, 374, 335, 816, 994, 810, 242, 305, 780, 745, 942, 598, 524, 196, 346, 704, 740, 135, 307, 920, 543, 157, 632, 110, 367, 301, 798, 772, 580, 66, 642, 78, 624, 964, 420, 974, 758, 284, 472, 119, 476, 0], [0, 549, 353, 100, 569, 675, 217, 757, 935, 789, 640, 14, 528, 614, 875, 440, 503, 381, 561, 701, 619, 233, 835, 188, 929, 943, 645, 586, 536, 60, 79, 473, 864, 930, 608, 51, 42, 225, 564, 958, 819, 373, 951, 228, 858, 487, 567, 482, 599, 452, 783, 478, 495, 853, 363, 202, 348, 589, 727, 559, 790, 572, 50, 925, 535, 413, 231, 610, 137, 362, 230, 162, 587, 540, 965, 941, 465, 496, 850, 6, 773, 212, 104, 425, 606, 918, 61, 546, 703, 684, 361, 280, 399, 993, 726, 414, 491, 262, 889, 689, 719, 294, 246, 972, 592, 44, 155, 702, 238, 900, 621, 653, 553, 371, 48, 190, 343, 588, 180, 323, 389, 544, 888, 905, 563, 300, 436, 126, 240, 692, 297, 320, 548, 444, 607, 54, 644, 742, 7, 898, 861, 9, 286, 282, 16, 956, 281, 339, 85, 873, 53, 734, 336, 303, 266, 838, 508, 151, 172, 980, 996, 67, 748, 391, 186, 627, 808, 334, 666, 49, 813, 416, 522, 70, 5, 676, 121, 845, 34, 376, 84, 995, 394, 35, 721, 948, 57, 970, 22, 960, 829, 908, 615, 887, 490, 169, 181, 656, 308, 109, 516, 0]]"
clustered-center,clustered-center_n1000_m5_r03.txt,data/mtsp/stratum1_small/clustered-center_n1000_m5_r03.txt,1000,5,ortools-GLS,1814.9505218636195,30.00148034095764,30.00148034095764,True,ok,[],"[[0, 558, 932, 84, 741, 49, 952, 714, 654, 205, 535, 295, 424, 850, 24, 694, 127, 328, 894, 855, 891, 91, 52, 680, 696, 134, 527, 780, 963, 541, 701, 332, 225, 953, 573, 717, 162, 726, 511, 198, 286, 18, 409, 442, 12, 333, 563, 480, 829, 902, 861, 844, 548, 37, 403, 582, 294, 131, 942, 296, 393, 909, 381, 319, 277, 491, 44, 912, 985, 737, 887, 567, 561, 711, 877, 232, 47, 299, 13, 703, 916, 552, 980, 935, 365, 757, 727, 749, 139, 648, 389, 955, 847, 731, 267, 870, 688, 883, 110, 9, 219, 864, 761, 238, 842, 750, 21, 538, 53, 498, 20, 550, 401, 644, 112, 374, 507, 35, 668, 607, 882, 787, 41, 130, 889, 75, 996, 823, 400, 288, 715, 444, 416, 54, 150, 999, 841, 508, 308, 243, 557, 33, 667, 820, 252, 895, 371, 606, 859, 778, 846, 384, 906, 152, 756, 186, 879, 633, 96, 135, 637, 213, 515, 114, 471, 652, 586, 228, 30, 477, 638, 195, 343, 254, 202, 129, 167, 423, 246, 880, 751, 526, 936, 533, 268, 762, 504, 836, 380, 937, 837, 572, 187, 266, 388, 122, 890, 831, 342, 242, 447, 0], [0, 217, 121, 700, 17, 262, 649, 593, 165, 373, 601, 692, 801, 98, 341, 88, 106, 767, 235, 968, 160, 785, 438, 397, 543, 920, 998, 795, 473, 23, 728, 154, 706, 172, 562, 494, 560, 173, 699, 257, 467, 792, 159, 966, 659, 209, 943, 590, 924, 290, 609, 211, 594, 157, 725, 191, 457, 896, 832, 623, 69, 739, 610, 406, 710, 687, 370, 849, 181, 642, 815, 755, 360, 639, 528, 71, 395, 674, 316, 414, 632, 208, 236, 90, 874, 766, 259, 95, 965, 240, 592, 628, 408, 819, 984, 70, 250, 220, 166, 161, 772, 357, 420, 604, 722, 282, 939, 405, 448, 835, 102, 962, 432, 735, 616, 747, 540, 746, 911, 579, 531, 233, 518, 251, 207, 969, 771, 322, 93, 331, 276, 537, 669, 651, 967, 960, 671, 194, 493, 25, 993, 568, 6, 918, 239, 178, 675, 570, 481, 353, 199, 177, 394, 148, 684, 948, 693, 690, 454, 589, 484, 335, 92, 391, 825, 271, 190, 147, 691, 629, 377, 461, 311, 390, 184, 946, 514, 886, 509, 48, 81, 315, 587, 261, 272, 100, 516, 580, 608, 878, 82, 346, 138, 422, 707, 838, 788, 231, 450, 670, 502, 0], [0, 807, 917, 656, 460, 440, 132, 776, 914, 2, 556, 619, 770, 641, 733, 679, 720, 921, 149, 78, 446, 800, 293, 793, 385, 368, 888, 298, 431, 40, 437, 63, 375, 45, 421, 4, 872, 843, 865, 830, 468, 660, 625, 462, 241, 860, 951, 802, 930, 32, 697, 658, 203, 51, 719, 760, 182, 655, 465, 321, 876, 234, 605, 821, 709, 685, 506, 103, 635, 451, 410, 58, 456, 662, 941, 665, 297, 977, 702, 170, 571, 666, 415, 803, 126, 975, 144, 784, 853, 11, 497, 618, 7, 428, 352, 188, 856, 950, 822, 791, 435, 862, 945, 77, 302, 983, 197, 513, 555, 151, 362, 192, 525, 971, 248, 244, 875, 273, 991, 265, 931, 125, 396, 158, 68, 22, 179, 329, 532, 536, 646, 634, 661, 392, 413, 794, 613, 922, 222, 15, 773, 997, 163, 745, 730, 716, 512, 839, 523, 227, 354, 283, 577, 478, 201, 140, 470, 926, 237, 214, 627, 782, 954, 155, 588, 85, 324, 974, 229, 489, 958, 520, 517, 434, 907, 153, 469, 210, 806, 496, 505, 871, 758, 884, 804, 934, 630, 305, 840, 740, 814, 247, 994, 602, 176, 564, 224, 992, 663, 624, 169, 0], [0, 120, 723, 474, 256, 146, 189, 774, 828, 631, 530, 816, 559, 109, 364, 475, 490, 29, 736, 196, 704, 307, 42, 55, 796, 459, 174, 260, 487, 136, 729, 113, 940, 775, 808, 978, 777, 36, 336, 94, 320, 270, 175, 500, 430, 826, 764, 418, 905, 281, 591, 899, 482, 367, 325, 585, 425, 372, 848, 681, 463, 676, 900, 752, 287, 59, 73, 62, 200, 278, 274, 284, 351, 957, 141, 643, 529, 790, 852, 458, 72, 386, 927, 677, 817, 544, 369, 554, 14, 868, 763, 566, 553, 350, 547, 833, 783, 881, 66, 705, 689, 327, 313, 599, 904, 379, 378, 383, 653, 812, 485, 80, 959, 620, 734, 893, 495, 5, 123, 398, 330, 636, 164, 519, 34, 345, 206, 915, 851, 310, 193, 867, 453, 576, 104, 314, 583, 640, 204, 944, 645, 811, 10, 724, 754, 358, 869, 133, 441, 221, 300, 291, 156, 721, 682, 972, 964, 180, 145, 64, 412, 698, 866, 768, 292, 226, 854, 116, 857, 748, 3, 338, 334, 402, 223, 612, 65, 309, 910, 615, 255, 683, 708, 359, 347, 521, 472, 546, 323, 492, 622, 989, 510, 988, 280, 433, 970, 355, 873, 417, 0], [0, 86, 361, 19, 215, 312, 105, 713, 923, 672, 57, 61, 439, 797, 348, 445, 60, 611, 534, 168, 306, 892, 949, 614, 419, 786, 626, 981, 598, 664, 982, 275, 26, 111, 289, 279, 363, 789, 695, 781, 318, 578, 986, 565, 574, 340, 501, 903, 426, 118, 443, 617, 600, 27, 650, 108, 230, 101, 142, 742, 455, 245, 38, 107, 339, 452, 621, 551, 301, 908, 56, 382, 744, 83, 317, 813, 128, 858, 818, 956, 269, 987, 124, 824, 97, 1, 678, 995, 539, 483, 503, 427, 657, 961, 524, 798, 929, 326, 79, 938, 769, 171, 337, 31, 753, 263, 387, 466, 349, 50, 183, 486, 732, 743, 545, 115, 476, 973, 976, 404, 499, 99, 919, 76, 143, 779, 411, 264, 43, 429, 119, 712, 344, 376, 117, 584, 479, 488, 827, 933, 74, 845, 928, 185, 947, 765, 718, 28, 834, 542, 304, 436, 569, 258, 212, 46, 647, 738, 898, 575, 990, 303, 356, 810, 799, 603, 67, 925, 216, 597, 913, 549, 285, 805, 8, 686, 596, 253, 137, 249, 673, 89, 87, 595, 449, 16, 581, 759, 885, 399, 522, 39, 407, 901, 897, 464, 809, 218, 366, 863, 979, 0]]"
clustered-center,clustered-center_n500_m3_r01.txt,data/mtsp/stratum1_small/clustered-center_n500_m3_r01.txt,500,3,ortools-GLS,1202.6885069278492,30.00158715248108,30.00158715248108,True,ok,[],"[[0, 10, 375, 496, 323, 344, 126, 103, 5, 107, 328, 111, 175, 163, 75, 246, 209, 132, 313, 137, 422, 434, 231, 149, 276, 425, 164, 30, 178, 144, 142, 324, 32, 455, 447, 211, 333, 437, 21, 25, 399, 329, 289, 277, 383, 67, 85, 453, 258, 310, 432, 349, 222, 124, 253, 233, 108, 43, 265, 38, 409, 181, 410, 295, 77, 16, 366, 401, 303, 180, 413, 442, 99, 388, 274, 37, 287, 302, 334, 272, 342, 439, 6, 273, 194, 458, 93, 117, 55, 79, 89, 50, 435, 403, 406, 46, 309, 385, 396, 139, 352, 494, 63, 347, 80, 341, 51, 367, 98, 395, 206, 118, 18, 357, 408, 417, 100, 150, 382, 490, 14, 41, 275, 386, 62, 448, 465, 444, 189, 308, 374, 416, 423, 78, 271, 59, 248, 148, 259, 119, 433, 8, 267, 140, 15, 353, 1, 446, 101, 127, 318, 285, 157, 378, 266, 397, 488, 364, 42, 390, 154, 133, 314, 20, 53, 463, 354, 348, 0], [0, 391, 218, 336, 462, 241, 143, 61, 445, 83, 153, 172, 22, 290, 221, 244, 192, 228, 369, 487, 110, 480, 97, 190, 113, 201, 452, 404, 249, 130, 286, 381, 443, 74, 45, 71, 171, 187, 49, 106, 65, 483, 376, 226, 34, 255, 282, 254, 36, 489, 332, 473, 486, 191, 227, 472, 73, 250, 426, 193, 19, 29, 373, 430, 152, 257, 188, 300, 236, 400, 389, 240, 162, 200, 66, 370, 450, 95, 498, 169, 243, 245, 461, 317, 17, 2, 195, 293, 415, 268, 264, 456, 441, 112, 223, 278, 351, 337, 88, 165, 160, 464, 196, 167, 68, 57, 474, 56, 161, 232, 365, 229, 484, 421, 125, 428, 91, 174, 460, 355, 86, 9, 492, 205, 23, 52, 176, 454, 147, 220, 312, 297, 213, 299, 158, 197, 372, 482, 256, 156, 33, 398, 84, 159, 237, 438, 96, 26, 475, 288, 183, 179, 135, 466, 321, 11, 306, 419, 262, 81, 247, 384, 39, 493, 260, 182, 0], [0, 155, 457, 402, 451, 198, 54, 4, 477, 358, 27, 316, 115, 479, 76, 203, 292, 212, 296, 387, 330, 371, 170, 261, 239, 368, 361, 298, 185, 459, 377, 134, 269, 291, 217, 424, 44, 280, 418, 471, 48, 315, 405, 497, 31, 64, 380, 307, 94, 207, 327, 251, 204, 294, 252, 350, 219, 359, 440, 429, 70, 122, 225, 469, 485, 319, 326, 47, 102, 224, 322, 338, 363, 304, 360, 168, 177, 238, 431, 270, 499, 28, 283, 146, 131, 141, 263, 234, 92, 216, 495, 114, 230, 476, 335, 281, 470, 346, 166, 186, 69, 202, 411, 58, 208, 356, 279, 60, 104, 339, 284, 82, 392, 414, 491, 12, 40, 184, 379, 138, 320, 412, 436, 427, 340, 481, 145, 105, 362, 478, 242, 394, 123, 109, 35, 345, 120, 24, 3, 235, 151, 129, 331, 199, 215, 116, 305, 90, 325, 393, 13, 121, 128, 467, 311, 420, 87, 136, 210, 407, 72, 468, 449, 7, 173, 343, 301, 214, 0]]"
clustered-center,clustered-center_n500_m3_r02.txt,data/mtsp/stratum1_small/clustered-center_n500_m3_r02.txt,500,3,ortools-GLS,1207.8890960293359,30.001166105270386,30.001166105270386,True,ok,[],"[[0, 87, 479, 316, 489, 449, 200, 408, 90, 379, 319, 48, 229, 416, 413, 183, 121, 89, 438, 118, 260, 114, 7, 186, 269, 436, 410, 446, 199, 232, 295, 366, 252, 302, 309, 299, 376, 297, 181, 120, 330, 109, 432, 427, 103, 86, 193, 196, 466, 220, 64, 141, 3, 26, 143, 243, 214, 374, 95, 240, 296, 249, 282, 147, 326, 31, 29, 429, 448, 344, 210, 153, 469, 45, 415, 271, 227, 180, 165, 495, 92, 158, 132, 478, 36, 320, 312, 207, 187, 71, 134, 393, 224, 1, 27, 238, 226, 491, 421, 44, 477, 267, 159, 288, 59, 253, 160, 435, 430, 215, 304, 365, 30, 251, 291, 167, 357, 85, 294, 54, 396, 83, 82, 231, 497, 480, 24, 56, 2, 37, 450, 161, 164, 152, 244, 474, 66, 185, 418, 389, 484, 459, 247, 110, 414, 43, 487, 369, 258, 97, 307, 94, 259, 298, 222, 324, 364, 318, 5, 354, 457, 154, 9, 169, 385, 69, 46, 346, 0], [0, 40, 55, 241, 303, 78, 6, 325, 47, 423, 25, 277, 157, 419, 472, 498, 275, 262, 254, 329, 339, 400, 397, 373, 403, 14, 63, 407, 202, 402, 286, 34, 350, 205, 314, 406, 399, 322, 422, 72, 28, 156, 482, 250, 145, 343, 122, 194, 57, 16, 488, 311, 496, 74, 42, 281, 208, 431, 105, 331, 234, 123, 486, 166, 150, 8, 228, 345, 493, 371, 336, 471, 130, 356, 370, 355, 338, 33, 445, 58, 77, 492, 151, 272, 483, 284, 49, 367, 337, 444, 395, 211, 377, 381, 129, 368, 363, 212, 453, 441, 401, 88, 442, 50, 404, 328, 60, 148, 287, 41, 124, 239, 235, 261, 378, 144, 108, 100, 340, 225, 38, 273, 264, 274, 13, 265, 62, 32, 452, 494, 391, 201, 420, 411, 327, 292, 380, 102, 475, 51, 188, 127, 198, 104, 443, 301, 361, 12, 172, 382, 119, 136, 278, 11, 313, 347, 280, 412, 315, 351, 359, 426, 91, 21, 334, 256, 0], [0, 101, 490, 106, 139, 125, 213, 384, 126, 81, 23, 146, 387, 468, 470, 73, 61, 454, 162, 140, 263, 333, 98, 270, 476, 481, 20, 19, 465, 456, 425, 216, 197, 99, 462, 424, 195, 306, 321, 300, 137, 93, 290, 113, 142, 266, 178, 149, 348, 112, 375, 461, 174, 15, 455, 308, 115, 246, 230, 117, 173, 463, 257, 182, 177, 84, 305, 155, 392, 237, 35, 171, 219, 341, 217, 233, 128, 131, 342, 65, 236, 268, 383, 276, 358, 437, 248, 10, 189, 473, 18, 372, 179, 485, 433, 223, 405, 163, 388, 464, 52, 467, 360, 434, 409, 447, 70, 22, 242, 209, 293, 80, 135, 191, 439, 386, 335, 203, 428, 398, 192, 451, 138, 221, 417, 96, 4, 68, 332, 168, 53, 218, 17, 116, 349, 310, 175, 67, 184, 352, 362, 204, 39, 460, 107, 255, 440, 390, 458, 353, 394, 279, 76, 323, 283, 170, 111, 79, 289, 245, 190, 285, 499, 317, 176, 133, 75, 206, 0]]"
clustered-center,clustered-center_n500_m3_r03.txt,data/mtsp/stratum1_small/clustered-center_n500_m3_r03.txt,500,3,ortools-GLS,1364.7641217279238,30.00229287147522,30.00229287147522,True,ok,[],"[[0, 196, 4, 183, 200, 472, 471, 436, 441, 81, 205, 57, 275, 490, 391, 306, 191, 3, 409, 185, 314, 350, 88, 150, 282, 179, 415, 79, 364, 412, 311, 455, 374, 147, 493, 234, 326, 40, 54, 2, 164, 122, 66, 427, 128, 315, 65, 12, 304, 153, 385, 371, 73, 72, 171, 177, 344, 35, 321, 258, 443, 459, 334, 166, 213, 305, 278, 294, 286, 82, 219, 323, 121, 159, 75, 434, 50, 474, 25, 101, 359, 292, 42, 7, 120, 83, 64, 262, 145, 30, 255, 71, 295, 316, 110, 284, 446, 221, 204, 381, 180, 38, 487, 353, 33, 19, 168, 410, 452, 355, 1, 273, 360, 26, 481, 203, 223, 70, 198, 157, 130, 361, 271, 330, 437, 152, 376, 422, 202, 207, 251, 308, 378, 9, 444, 290, 47, 303, 457, 450, 384, 324, 49, 15, 269, 296, 476, 270, 417, 106, 74, 336, 100, 144, 22, 172, 313, 394, 266, 379, 129, 405, 238, 105, 240, 34, 155, 109, 0], [0, 454, 351, 386, 256, 216, 210, 115, 338, 458, 52, 92, 265, 11, 125, 274, 151, 362, 470, 498, 349, 289, 46, 435, 173, 393, 272, 23, 117, 461, 126, 403, 418, 482, 419, 447, 80, 478, 484, 78, 190, 357, 397, 325, 449, 161, 413, 247, 133, 307, 77, 343, 118, 132, 495, 29, 460, 333, 425, 178, 287, 426, 254, 332, 76, 276, 113, 87, 492, 114, 372, 141, 137, 396, 194, 479, 370, 383, 243, 291, 131, 163, 259, 143, 182, 231, 499, 169, 439, 68, 463, 63, 496, 206, 228, 380, 181, 201, 24, 365, 165, 235, 473, 480, 401, 10, 440, 224, 322, 21, 85, 407, 138, 233, 45, 328, 32, 158, 230, 346, 56, 192, 86, 149, 99, 156, 112, 331, 408, 494, 55, 390, 402, 119, 404, 347, 382, 249, 298, 227, 340, 423, 103, 281, 245, 433, 448, 135, 411, 98, 297, 69, 175, 124, 253, 239, 241, 102, 226, 442, 108, 352, 464, 252, 400, 377, 462, 491, 0], [0, 14, 301, 280, 199, 189, 369, 43, 337, 428, 170, 95, 59, 424, 432, 310, 48, 244, 388, 356, 392, 366, 44, 257, 154, 477, 90, 375, 468, 20, 497, 368, 363, 445, 236, 341, 53, 28, 94, 218, 148, 421, 197, 91, 13, 329, 188, 430, 208, 31, 107, 279, 93, 373, 395, 116, 339, 139, 84, 184, 483, 416, 162, 8, 283, 268, 60, 263, 312, 302, 261, 136, 211, 51, 195, 327, 267, 399, 127, 6, 146, 438, 248, 398, 465, 229, 167, 61, 431, 342, 215, 467, 36, 140, 123, 237, 62, 288, 209, 41, 358, 104, 67, 335, 27, 134, 277, 485, 111, 220, 387, 174, 264, 429, 214, 96, 37, 232, 222, 317, 246, 453, 187, 451, 406, 225, 299, 97, 475, 285, 300, 5, 456, 348, 367, 489, 242, 319, 309, 469, 345, 466, 89, 16, 39, 420, 160, 389, 318, 486, 193, 212, 488, 17, 186, 142, 18, 293, 320, 414, 58, 250, 260, 217, 176, 354, 0]]"
clustered-center,clustered-center_n500_m5_r01.txt,data/mtsp/stratum1_small/clustered-center_n500_m5_r01.txt,500,5,ortools-GLS,1434.8800417229436,30.00127410888672,30.00127410888672,True,ok,[],"[[0, 27, 62, 194, 267, 405, 336, 257, 94, 417, 81, 302, 449, 104, 253, 248, 411, 278, 127, 83, 424, 277, 268, 445, 116, 164, 210, 444, 103, 415, 300, 250, 232, 342, 226, 231, 124, 327, 460, 478, 149, 233, 476, 291, 375, 13, 204, 242, 293, 148, 384, 179, 481, 153, 114, 489, 337, 122, 396, 446, 321, 69, 59, 421, 395, 70, 376, 154, 74, 180, 368, 266, 152, 215, 357, 92, 264, 325, 480, 4, 407, 340, 35, 379, 111, 36, 167, 251, 499, 171, 359, 313, 120, 281, 52, 95, 30, 486, 216, 175, 0], [0, 350, 39, 128, 113, 447, 184, 349, 464, 169, 305, 159, 422, 348, 115, 84, 469, 157, 309, 107, 366, 386, 51, 106, 262, 249, 453, 343, 46, 261, 383, 289, 96, 284, 435, 388, 126, 345, 108, 90, 322, 370, 441, 26, 203, 312, 280, 314, 244, 123, 214, 206, 282, 93, 473, 311, 482, 143, 182, 467, 144, 183, 365, 118, 77, 299, 225, 488, 185, 430, 188, 333, 73, 9, 195, 274, 316, 151, 186, 156, 99, 174, 165, 41, 65, 344, 491, 54, 166, 142, 377, 190, 273, 212, 334, 239, 324, 224, 463, 468, 55, 0], [0, 276, 252, 335, 360, 475, 11, 37, 89, 68, 374, 363, 58, 393, 372, 72, 137, 301, 177, 43, 256, 173, 8, 259, 155, 140, 141, 429, 247, 330, 442, 490, 57, 492, 354, 88, 412, 402, 146, 161, 109, 7, 205, 310, 254, 385, 369, 367, 461, 221, 163, 110, 98, 389, 410, 456, 380, 125, 331, 408, 285, 150, 158, 63, 487, 168, 243, 131, 381, 100, 134, 373, 319, 416, 24, 76, 472, 433, 112, 47, 117, 1, 323, 295, 425, 361, 79, 465, 339, 498, 371, 466, 19, 198, 474, 347, 338, 392, 201, 364, 303, 0], [0, 193, 34, 265, 139, 130, 403, 246, 147, 326, 399, 17, 346, 192, 3, 5, 420, 304, 138, 255, 219, 306, 485, 53, 172, 341, 202, 418, 129, 82, 329, 119, 428, 91, 238, 288, 404, 162, 494, 471, 2, 419, 222, 286, 355, 318, 315, 105, 387, 351, 394, 23, 181, 352, 413, 240, 455, 378, 241, 439, 87, 406, 390, 207, 28, 67, 228, 18, 97, 477, 296, 283, 448, 269, 208, 270, 479, 484, 38, 21, 189, 196, 450, 297, 454, 49, 353, 101, 298, 382, 145, 32, 427, 236, 217, 85, 220, 31, 234, 78, 40, 0], [0, 409, 458, 362, 414, 462, 229, 75, 211, 328, 423, 20, 495, 102, 136, 22, 426, 80, 279, 56, 213, 45, 436, 235, 397, 237, 320, 66, 178, 170, 457, 294, 452, 358, 437, 258, 497, 64, 493, 71, 260, 356, 227, 451, 271, 15, 434, 223, 398, 432, 133, 400, 263, 209, 287, 16, 272, 187, 86, 483, 496, 290, 438, 308, 121, 33, 401, 292, 176, 391, 200, 135, 61, 199, 275, 10, 160, 218, 6, 245, 230, 42, 317, 60, 44, 50, 132, 459, 29, 25, 12, 440, 48, 191, 332, 197, 14, 470, 307, 443, 431, 0]]"
clustered-center,clustered-center_n500_m5_r02.txt,data/mtsp/stratum1_small/clustered-center_n500_m5_r02.txt,500,5,ortools-GLS,1158.5987278005632,30.001291036605835,30.001291036605835,True,ok,[],"[[0, 397, 68, 143, 33, 164, 292, 6, 253, 428, 252, 19, 45, 484, 369, 11, 65, 208, 180, 240, 284, 67, 304, 136, 288, 303, 141, 257, 420, 297, 91, 128, 407, 55, 405, 87, 235, 149, 206, 355, 330, 120, 177, 161, 256, 18, 290, 346, 317, 379, 21, 140, 181, 358, 109, 456, 230, 179, 314, 223, 416, 408, 339, 50, 195, 123, 299, 300, 76, 465, 388, 475, 56, 479, 396, 222, 370, 441, 78, 176, 471, 318, 7, 493, 364, 236, 445, 390, 305, 88, 85, 383, 150, 352, 97, 185, 30, 283, 217, 440, 474, 0], [0, 287, 432, 298, 130, 152, 313, 202, 233, 226, 12, 122, 43, 454, 178, 417, 165, 470, 64, 84, 311, 491, 134, 35, 356, 482, 22, 156, 205, 124, 338, 199, 189, 273, 201, 289, 488, 105, 32, 16, 239, 125, 51, 232, 410, 101, 155, 365, 400, 452, 345, 221, 53, 399, 308, 327, 112, 372, 104, 336, 20, 371, 52, 4, 207, 385, 472, 481, 446, 328, 28, 71, 115, 296, 17, 329, 139, 402, 102, 418, 469, 213, 214, 269, 395, 151, 168, 250, 468, 424, 261, 326, 225, 431, 241, 266, 145, 60, 306, 443, 461, 0], [0, 381, 73, 463, 24, 384, 412, 13, 295, 409, 131, 478, 274, 282, 444, 79, 81, 316, 380, 401, 332, 69, 48, 166, 406, 279, 294, 348, 63, 99, 349, 126, 448, 451, 276, 57, 462, 310, 191, 322, 77, 464, 321, 75, 61, 142, 153, 167, 255, 197, 301, 93, 442, 342, 275, 315, 394, 244, 114, 163, 148, 419, 186, 285, 159, 237, 192, 293, 245, 433, 354, 210, 434, 135, 498, 238, 492, 200, 334, 10, 363, 173, 231, 389, 499, 137, 264, 27, 46, 457, 127, 83, 170, 158, 258, 263, 41, 183, 98, 234, 0], [0, 162, 106, 107, 413, 119, 404, 403, 89, 392, 34, 39, 398, 259, 374, 366, 86, 490, 246, 174, 188, 368, 391, 359, 70, 29, 211, 449, 26, 309, 216, 218, 367, 203, 319, 483, 116, 196, 66, 343, 49, 331, 467, 429, 133, 36, 495, 277, 320, 5, 248, 260, 147, 229, 430, 268, 172, 47, 59, 215, 118, 423, 270, 344, 144, 72, 54, 450, 414, 113, 262, 458, 62, 182, 100, 132, 421, 411, 422, 286, 436, 90, 357, 58, 393, 439, 204, 37, 487, 94, 9, 333, 415, 198, 187, 447, 108, 110, 323, 1, 438, 0], [0, 360, 44, 347, 265, 31, 473, 378, 386, 373, 477, 427, 453, 227, 480, 169, 425, 80, 361, 460, 362, 489, 280, 95, 25, 271, 40, 23, 312, 325, 340, 466, 291, 96, 435, 184, 459, 476, 377, 3, 494, 243, 14, 224, 129, 267, 146, 103, 324, 82, 254, 228, 455, 426, 8, 485, 486, 190, 92, 111, 212, 278, 341, 247, 353, 121, 74, 335, 281, 387, 171, 242, 375, 157, 496, 2, 497, 193, 175, 15, 220, 209, 154, 42, 382, 138, 160, 219, 376, 117, 437, 194, 249, 38, 302, 350, 351, 337, 251, 307, 272, 0]]"
clustered-center,clustered-center_n500_m5_r03.txt,data/mtsp/stratum1_small/clustered-center_n500_m5_r03.txt,500,5,ortools-GLS,1437.9235398224203,30.000483751296997,30.000483751296997,True,ok,[],"[[0, 95, 137, 265, 197, 397, 271, 129, 316, 213, 89, 456, 58, 310, 253, 84, 177, 30, 224, 264, 73, 167, 18, 145, 97, 422, 295, 268, 494, 153, 100, 132, 90, 195, 223, 453, 61, 15, 203, 286, 94, 294, 226, 156, 31, 496, 315, 182, 393, 85, 463, 439, 215, 28, 35, 162, 212, 476, 91, 328, 33, 201, 433, 235, 426, 347, 38, 431, 335, 391, 63, 160, 428, 157, 173, 142, 1, 468, 471, 443, 450, 93, 378, 24, 178, 399, 292, 230, 281, 77, 102, 421, 237, 305, 70, 461, 228, 451, 135, 222, 238, 0], [0, 246, 47, 323, 255, 356, 459, 348, 40, 333, 27, 300, 400, 5, 455, 303, 179, 121, 108, 290, 245, 199, 435, 184, 344, 349, 340, 351, 388, 41, 284, 406, 442, 330, 194, 381, 104, 210, 92, 101, 131, 403, 159, 420, 339, 438, 408, 20, 68, 9, 345, 46, 322, 134, 275, 252, 291, 329, 37, 186, 482, 165, 327, 402, 60, 309, 3, 49, 296, 280, 200, 239, 263, 110, 413, 233, 269, 387, 241, 485, 487, 23, 386, 202, 183, 251, 221, 283, 267, 250, 288, 114, 486, 282, 232, 273, 437, 144, 371, 169, 242, 0], [0, 334, 82, 364, 409, 59, 301, 369, 187, 148, 52, 353, 7, 343, 225, 62, 480, 446, 392, 192, 370, 244, 382, 207, 124, 118, 154, 363, 69, 289, 51, 174, 415, 372, 96, 133, 368, 474, 109, 99, 270, 138, 17, 285, 107, 449, 418, 43, 117, 6, 277, 373, 140, 362, 8, 227, 83, 423, 470, 196, 126, 111, 394, 385, 185, 261, 445, 98, 103, 352, 248, 136, 146, 492, 198, 158, 105, 276, 312, 106, 483, 71, 10, 464, 139, 434, 74, 29, 206, 14, 256, 80, 481, 147, 427, 417, 383, 120, 209, 331, 357, 0], [0, 122, 32, 297, 414, 112, 72, 346, 81, 4, 143, 236, 350, 56, 458, 411, 214, 16, 50, 189, 39, 287, 447, 359, 407, 78, 332, 493, 161, 389, 467, 76, 360, 462, 469, 314, 240, 320, 390, 155, 53, 11, 341, 448, 498, 395, 152, 355, 398, 472, 479, 254, 36, 304, 460, 116, 416, 204, 88, 424, 432, 266, 272, 54, 229, 219, 180, 401, 436, 361, 478, 440, 279, 22, 234, 66, 45, 499, 473, 454, 64, 425, 141, 176, 150, 366, 249, 193, 119, 358, 259, 490, 298, 337, 491, 166, 495, 404, 55, 336, 257, 0], [0, 429, 79, 374, 338, 44, 489, 25, 175, 452, 125, 318, 365, 130, 342, 164, 243, 190, 274, 65, 205, 149, 128, 488, 384, 163, 86, 354, 123, 293, 127, 208, 217, 380, 216, 211, 278, 308, 444, 151, 26, 13, 317, 379, 419, 396, 313, 441, 12, 220, 410, 324, 67, 306, 231, 484, 191, 321, 319, 188, 181, 376, 247, 377, 466, 87, 75, 218, 260, 34, 258, 405, 326, 115, 171, 497, 475, 311, 21, 477, 465, 57, 262, 430, 457, 2, 113, 412, 48, 19, 299, 375, 168, 367, 42, 325, 170, 172, 307, 302, 0]]"
uniform,n1000_m3_r01.txt,data/mtsp/stratum1_small/n1000_m3_r01.txt,1000,3,ortools-GLS,2637.3095450873266,30.001487255096436,30.001487255096436,True,ok,[],"[[0, 593, 473, 255, 850, 961, 676, 911, 759, 2, 427, 394, 79, 757, 354, 76, 443, 615, 984, 901, 352, 329, 167, 368, 704, 514, 397, 147, 73, 227, 670, 191, 218, 311, 963, 904, 564, 250, 365, 357, 953, 1, 685, 989, 17, 804, 594, 61, 377, 74, 854, 937, 542, 692, 958, 267, 687, 711, 624, 742, 56, 305, 161, 435, 663, 525, 570, 123, 579, 187, 295, 886, 398, 632, 521, 306, 262, 694, 943, 382, 289, 200, 110, 527, 680, 735, 58, 675, 553, 523, 86, 802, 143, 105, 447, 621, 337, 128, 969, 463, 777, 239, 72, 407, 549, 322, 927, 166, 774, 532, 408, 220, 595, 990, 42, 122, 957, 954, 338, 812, 973, 760, 380, 194, 47, 785, 630, 540, 878, 546, 934, 247, 44, 709, 7, 766, 587, 216, 825, 172, 723, 117, 18, 650, 392, 349, 975, 292, 217, 388, 109, 401, 853, 371, 600, 485, 131, 312, 252, 351, 746, 428, 770, 343, 219, 436, 409, 566, 960, 849, 81, 188, 290, 384, 146, 620, 304, 917, 383, 387, 399, 634, 412, 683, 462, 210, 215, 27, 9, 243, 840, 655, 140, 908, 66, 872, 940, 930, 57, 972, 686, 104, 826, 734, 771, 280, 909, 838, 190, 855, 865, 580, 339, 809, 602, 536, 273, 170, 411, 941, 924, 614, 118, 968, 938, 629, 283, 598, 665, 893, 808, 875, 862, 494, 737, 690, 705, 890, 713, 275, 824, 948, 263, 367, 442, 342, 41, 420, 792, 445, 240, 33, 162, 437, 955, 666, 641, 274, 728, 898, 511, 558, 379, 75, 541, 887, 141, 729, 16, 207, 991, 362, 182, 986, 231, 206, 386, 834, 300, 534, 791, 468, 470, 98, 786, 863, 100, 662, 571, 185, 816, 659, 805, 918, 506, 819, 756, 31, 369, 572, 284, 138, 895, 765, 827, 507, 806, 477, 168, 797, 613, 415, 490, 192, 560, 522, 543, 487, 531, 333, 828, 68, 935, 994, 404, 454, 606, 261, 976, 923, 460, 120, 945, 526, 0], [0, 135, 772, 951, 127, 503, 8, 471, 897, 657, 762, 512, 456, 678, 628, 852, 313, 861, 562, 381, 348, 693, 513, 787, 530, 154, 537, 308, 609, 198, 978, 14, 45, 90, 703, 108, 199, 788, 548, 37, 679, 748, 211, 913, 599, 565, 95, 939, 892, 410, 209, 70, 159, 359, 616, 49, 556, 538, 114, 856, 631, 611, 879, 731, 946, 712, 775, 497, 288, 256, 297, 547, 432, 933, 926, 101, 115, 51, 233, 860, 915, 716, 160, 796, 584, 673, 179, 583, 803, 684, 636, 619, 781, 91, 24, 258, 134, 197, 223, 71, 331, 464, 814, 184, 482, 246, 469, 116, 795, 661, 516, 529, 360, 405, 285, 102, 448, 800, 635, 286, 431, 758, 900, 545, 270, 418, 627, 157, 949, 121, 773, 539, 889, 688, 906, 403, 833, 682, 132, 569, 441, 89, 995, 710, 967, 326, 224, 744, 794, 236, 664, 20, 578, 430, 749, 784, 294, 175, 149, 23, 699, 46, 336, 5, 99, 124, 136, 97, 601, 962, 376, 406, 568, 894, 843, 586, 944, 823, 234, 248, 96, 992, 836, 453, 85, 575, 846, 837, 341, 293, 817, 350, 559, 4, 26, 551, 378, 822, 596, 622, 859, 899, 980, 229, 818, 888, 391, 80, 612, 152, 83, 361, 145, 981, 84, 439, 178, 741, 929, 424, 642, 15, 228, 165, 32, 35, 92, 607, 882, 708, 884, 59, 726, 876, 235, 801, 903, 658, 12, 119, 501, 813, 724, 183, 654, 366, 877, 550, 500, 982, 314, 922, 555, 936, 257, 839, 282, 484, 896, 373, 389, 603, 830, 925, 721, 528, 496, 672, 947, 63, 719, 715, 245, 461, 883, 356, 633, 269, 265, 330, 920, 429, 649, 88, 226, 112, 69, 302, 25, 253, 755, 868, 652, 390, 111, 689, 346, 864, 164, 743, 202, 725, 244, 150, 916, 499, 533, 50, 323, 738, 815, 987, 174, 535, 557, 242, 315, 309, 745, 677, 591, 518, 965, 952, 276, 103, 874, 129, 651, 77, 266, 717, 732, 567, 0], [0, 332, 301, 372, 171, 782, 452, 94, 318, 478, 213, 13, 189, 722, 169, 21, 425, 702, 847, 563, 740, 344, 820, 324, 871, 465, 706, 996, 298, 400, 964, 307, 985, 291, 163, 931, 10, 156, 287, 912, 798, 395, 385, 203, 358, 353, 434, 155, 928, 769, 320, 751, 153, 608, 974, 251, 910, 491, 201, 604, 720, 671, 498, 752, 335, 592, 919, 597, 225, 264, 576, 355, 999, 438, 327, 799, 87, 623, 966, 891, 363, 767, 866, 618, 610, 402, 345, 750, 457, 971, 158, 638, 747, 11, 779, 316, 195, 423, 196, 204, 637, 764, 259, 319, 589, 137, 467, 902, 54, 426, 78, 674, 177, 130, 821, 585, 841, 858, 761, 148, 230, 857, 691, 489, 214, 82, 278, 55, 249, 625, 113, 977, 422, 776, 669, 421, 417, 646, 36, 279, 851, 544, 299, 6, 458, 495, 505, 869, 588, 60, 605, 483, 718, 696, 783, 581, 272, 303, 232, 277, 736, 474, 241, 983, 561, 107, 208, 942, 62, 325, 334, 193, 212, 317, 472, 133, 455, 574, 921, 126, 375, 885, 347, 419, 867, 43, 440, 493, 64, 950, 845, 907, 254, 29, 374, 3, 34, 979, 449, 554, 151, 647, 714, 870, 396, 238, 221, 271, 433, 509, 905, 180, 754, 643, 701, 38, 959, 590, 668, 52, 268, 648, 645, 997, 446, 695, 881, 237, 832, 479, 880, 848, 260, 707, 993, 789, 639, 515, 481, 626, 106, 321, 519, 829, 451, 39, 504, 739, 48, 40, 842, 681, 65, 508, 573, 790, 281, 444, 811, 142, 835, 93, 932, 656, 476, 459, 186, 466, 524, 125, 698, 480, 667, 617, 998, 577, 988, 173, 873, 450, 475, 807, 793, 700, 53, 176, 296, 640, 644, 19, 970, 413, 510, 492, 414, 416, 370, 956, 844, 753, 486, 205, 914, 778, 28, 582, 22, 780, 181, 730, 488, 733, 697, 139, 30, 552, 222, 340, 144, 67, 517, 810, 364, 653, 763, 393, 660, 310, 328, 727, 768, 831, 520, 502, 0]]"
uniform,n1000_m3_r02.txt,data/mtsp/stratum1_small/n1000_m3_r02.txt,1000,3,ortools-GLS,2682.18910587058,30.00147247314453,30.00147247314453,True,ok,[],"[[0, 893, 37, 261, 813, 293, 43, 788, 913, 252, 598, 184, 831, 168, 488, 297, 819, 763, 477, 778, 339, 313, 678, 899, 426, 561, 244, 594, 960, 320, 88, 669, 854, 700, 651, 972, 780, 697, 615, 111, 153, 200, 41, 241, 560, 474, 907, 398, 513, 742, 721, 338, 806, 982, 755, 335, 593, 355, 379, 576, 403, 421, 409, 45, 343, 901, 766, 174, 392, 96, 733, 808, 551, 655, 545, 98, 911, 674, 918, 554, 744, 467, 652, 727, 51, 150, 33, 685, 369, 371, 834, 523, 223, 852, 278, 412, 446, 274, 958, 143, 771, 519, 373, 653, 717, 89, 99, 270, 546, 90, 323, 536, 318, 302, 970, 166, 494, 27, 571, 751, 251, 331, 69, 827, 935, 458, 225, 943, 864, 267, 146, 23, 205, 162, 940, 616, 709, 809, 635, 684, 558, 785, 100, 199, 565, 754, 775, 450, 152, 228, 351, 366, 702, 944, 472, 611, 917, 677, 411, 968, 964, 951, 438, 295, 825, 181, 422, 624, 393, 586, 890, 654, 226, 121, 214, 832, 592, 319, 542, 18, 732, 931, 389, 882, 645, 705, 81, 610, 86, 74, 82, 724, 811, 122, 182, 117, 191, 921, 460, 738, 340, 131, 521, 115, 650, 249, 192, 28, 159, 360, 578, 275, 740, 171, 622, 994, 870, 485, 271, 21, 544, 599, 638, 370, 686, 634, 795, 541, 848, 287, 680, 984, 492, 876, 681, 120, 908, 514, 520, 2, 29, 124, 259, 647, 71, 20, 729, 977, 400, 782, 365, 151, 456, 144, 731, 48, 750, 694, 445, 868, 372, 605, 382, 408, 955, 843, 777, 102, 613, 743, 932, 752, 664, 706, 145, 455, 185, 883, 936, 997, 83, 202, 284, 575, 357, 670, 875, 265, 424, 324, 559, 872, 540, 639, 595, 556, 511, 498, 327, 802, 658, 137, 59, 627, 443, 346, 873, 432, 939, 716, 386, 315, 548, 87, 362, 329, 198, 696, 31, 254, 737, 552, 429, 68, 884, 862, 857, 337, 330, 891, 54, 562, 656, 480, 0], [0, 871, 255, 947, 325, 289, 406, 841, 196, 757, 748, 428, 299, 749, 606, 762, 118, 601, 608, 250, 246, 687, 368, 442, 435, 760, 625, 636, 572, 493, 78, 789, 880, 959, 530, 950, 793, 933, 856, 621, 248, 307, 930, 84, 602, 818, 209, 73, 266, 404, 768, 334, 976, 388, 957, 6, 555, 257, 262, 900, 156, 109, 810, 945, 3, 588, 283, 97, 127, 820, 420, 93, 926, 888, 50, 470, 60, 75, 886, 210, 896, 465, 72, 981, 787, 894, 232, 758, 436, 133, 253, 549, 281, 132, 294, 770, 336, 385, 194, 309, 784, 173, 667, 842, 237, 646, 279, 580, 587, 175, 773, 618, 383, 803, 298, 227, 108, 439, 995, 969, 620, 496, 612, 423, 167, 434, 219, 417, 505, 500, 381, 528, 491, 258, 800, 734, 110, 350, 221, 216, 672, 459, 563, 725, 245, 195, 614, 256, 478, 17, 8, 52, 234, 34, 141, 142, 326, 847, 600, 42, 719, 836, 292, 879, 991, 176, 954, 904, 517, 710, 47, 178, 347, 447, 402, 123, 567, 633, 306, 501, 938, 591, 668, 139, 222, 998, 941, 229, 303, 767, 353, 881, 707, 922, 135, 62, 240, 58, 391, 471, 961, 736, 999, 24, 867, 304, 16, 397, 898, 792, 95, 378, 201, 430, 630, 604, 32, 533, 451, 801, 916, 35, 36, 5, 675, 30, 66, 15, 821, 433, 952, 80, 712, 699, 224, 410, 682, 532, 44, 953, 774, 263, 534, 213, 158, 26, 203, 113, 352, 413, 547, 64, 233, 903, 660, 276, 866, 824, 849, 300, 230, 877, 826, 155, 974, 441, 640, 49, 676, 937, 538, 822, 464, 415, 912, 76, 631, 526, 211, 967, 269, 902, 840, 626, 231, 14, 268, 979, 537, 714, 367, 671, 19, 204, 962, 484, 272, 462, 344, 794, 817, 747, 56, 486, 509, 418, 889, 531, 527, 260, 9, 584, 499, 186, 312, 816, 942, 63, 427, 212, 797, 321, 333, 861, 220, 769, 116, 637, 865, 853, 179, 136, 172, 469, 0], [0, 823, 134, 657, 401, 103, 574, 956, 720, 609, 273, 553, 701, 855, 858, 416, 508, 311, 377, 380, 466, 966, 642, 589, 207, 577, 106, 374, 812, 663, 288, 129, 40, 619, 503, 157, 804, 363, 217, 909, 522, 838, 666, 317, 807, 448, 235, 915, 425, 463, 239, 703, 282, 119, 835, 568, 764, 356, 897, 815, 925, 238, 160, 77, 885, 348, 322, 285, 85, 359, 215, 345, 375, 183, 569, 114, 688, 46, 924, 975, 829, 61, 354, 927, 765, 479, 570, 130, 189, 906, 525, 934, 973, 1, 361, 814, 978, 489, 468, 187, 659, 860, 482, 728, 649, 67, 328, 662, 723, 543, 990, 799, 632, 783, 454, 516, 396, 147, 603, 711, 79, 431, 444, 830, 419, 949, 963, 512, 617, 919, 457, 781, 673, 986, 718, 573, 948, 869, 665, 874, 996, 405, 726, 481, 539, 692, 928, 112, 863, 504, 690, 887, 39, 107, 510, 695, 985, 756, 490, 590, 10, 25, 506, 495, 790, 264, 965, 798, 22, 851, 291, 583, 332, 290, 772, 395, 597, 449, 689, 581, 746, 779, 286, 301, 987, 623, 850, 693, 53, 805, 839, 349, 989, 859, 453, 169, 845, 596, 70, 739, 483, 177, 407, 165, 154, 341, 91, 414, 128, 358, 846, 828, 126, 138, 691, 475, 57, 753, 708, 65, 188, 515, 38, 4, 992, 629, 148, 387, 473, 452, 497, 308, 796, 661, 316, 190, 579, 878, 11, 197, 730, 929, 180, 585, 761, 277, 535, 698, 342, 55, 140, 305, 314, 895, 786, 776, 218, 206, 993, 161, 208, 7, 384, 713, 704, 242, 628, 164, 376, 440, 735, 170, 296, 518, 644, 648, 94, 745, 582, 946, 983, 971, 437, 914, 149, 105, 641, 247, 759, 461, 722, 524, 104, 92, 476, 12, 910, 607, 557, 920, 193, 791, 507, 310, 905, 101, 980, 683, 236, 923, 837, 399, 13, 487, 163, 125, 529, 364, 892, 394, 280, 643, 564, 679, 550, 390, 833, 715, 243, 566, 741, 988, 502, 844, 0]]"
uniform,n1000_m3_r03.txt,data/mtsp/stratum1_small/n1000_m3_r03.txt,1000,3,ortools-GLS,2631.6967907725593,30.001962900161743,30.001962900161743,True,ok,[],"[[0, 413, 542, 679, 132, 767, 22, 388, 475, 335, 43, 32, 112, 417, 899, 744, 124, 958, 88, 987, 986, 445, 76, 307, 814, 377, 324, 228, 913, 215, 834, 597, 115, 459, 839, 826, 673, 140, 126, 67, 935, 209, 853, 317, 119, 226, 99, 198, 292, 697, 207, 520, 391, 980, 541, 992, 886, 1, 946, 846, 343, 172, 630, 901, 634, 428, 430, 588, 185, 31, 298, 158, 359, 623, 563, 723, 286, 427, 461, 543, 646, 500, 258, 446, 829, 718, 730, 327, 524, 720, 825, 41, 941, 78, 650, 341, 254, 224, 614, 229, 817, 635, 186, 20, 72, 58, 741, 801, 771, 893, 444, 510, 983, 618, 267, 660, 514, 870, 606, 394, 25, 247, 23, 888, 183, 39, 135, 101, 89, 781, 471, 242, 246, 626, 372, 321, 159, 328, 649, 669, 544, 277, 578, 303, 274, 245, 851, 166, 174, 735, 962, 331, 227, 346, 827, 53, 473, 47, 719, 961, 504, 823, 177, 73, 66, 586, 715, 957, 805, 627, 784, 708, 525, 241, 681, 2, 411, 498, 973, 71, 200, 40, 462, 653, 752, 702, 490, 731, 794, 536, 176, 6, 833, 687, 336, 375, 220, 813, 931, 770, 204, 419, 74, 493, 929, 867, 113, 316, 598, 396, 641, 802, 106, 425, 938, 42, 214, 960, 223, 944, 202, 937, 712, 897, 643, 62, 908, 350, 349, 469, 537, 121, 676, 344, 624, 527, 629, 361, 876, 555, 38, 580, 233, 891, 460, 397, 75, 787, 591, 535, 778, 956, 513, 639, 854, 110, 117, 10, 408, 244, 448, 616, 165, 414, 13, 399, 56, 602, 824, 30, 896, 871, 511, 50, 449, 195, 362, 857, 122, 774, 26, 695, 976, 704, 905, 508, 686, 573, 530, 932, 849, 950, 454, 299, 841, 764, 898, 677, 693, 46, 583, 765, 108, 816, 740, 751, 790, 238, 393, 619, 890, 920, 911, 925, 705, 995, 404, 797, 358, 596, 322, 407, 680, 821, 192, 981, 698, 452, 877, 257, 621, 838, 68, 453, 0], [0, 488, 939, 431, 283, 263, 28, 305, 684, 5, 278, 859, 861, 181, 972, 105, 187, 865, 472, 724, 550, 568, 386, 785, 69, 571, 997, 547, 381, 312, 506, 276, 519, 664, 442, 353, 732, 495, 985, 683, 915, 505, 219, 57, 285, 936, 736, 55, 949, 855, 822, 528, 866, 465, 97, 791, 466, 70, 966, 370, 294, 930, 523, 371, 171, 314, 94, 965, 902, 850, 659, 868, 577, 34, 426, 501, 605, 333, 139, 251, 151, 651, 559, 556, 252, 387, 924, 612, 383, 564, 271, 874, 148, 584, 64, 837, 37, 926, 35, 423, 609, 942, 903, 297, 308, 642, 424, 845, 843, 749, 796, 440, 463, 14, 648, 236, 193, 904, 661, 306, 435, 295, 355, 96, 945, 161, 468, 789, 315, 531, 120, 917, 842, 658, 95, 302, 532, 311, 85, 806, 318, 272, 613, 954, 9, 828, 211, 489, 699, 701, 60, 875, 118, 628, 970, 690, 433, 234, 592, 155, 275, 201, 807, 558, 858, 517, 747, 29, 916, 216, 982, 217, 792, 416, 709, 967, 17, 325, 900, 205, 674, 984, 194, 848, 142, 594, 253, 892, 587, 625, 287, 356, 206, 947, 326, 7, 974, 540, 656, 279, 862, 262, 261, 438, 49, 382, 98, 128, 706, 364, 182, 15, 19, 818, 164, 400, 378, 746, 237, 921, 990, 222, 288, 654, 600, 208, 486, 338, 203, 762, 657, 804, 403, 357, 167, 184, 179, 83, 569, 163, 160, 918, 516, 235, 620, 757, 369, 729, 793, 694, 863, 232, 739, 742, 665, 197, 141, 455, 178, 894, 125, 111, 885, 474, 478, 384, 100, 662, 726, 107, 603, 256, 856, 104, 769, 162, 116, 8, 534, 191, 156, 138, 815, 374, 738, 637, 999, 494, 819, 92, 593, 137, 689, 919, 632, 953, 934, 497, 601, 379, 978, 190, 290, 149, 952, 830, 590, 760, 11, 157, 153, 518, 685, 225, 345, 998, 476, 499, 123, 367, 779, 748, 503, 363, 922, 114, 775, 441, 835, 175, 671, 248, 533, 655, 0], [0, 645, 780, 436, 836, 470, 948, 199, 82, 567, 882, 44, 575, 145, 239, 692, 860, 154, 840, 759, 330, 955, 485, 487, 81, 670, 889, 54, 77, 710, 319, 348, 756, 102, 761, 943, 329, 615, 884, 293, 168, 721, 696, 636, 340, 728, 895, 971, 576, 883, 526, 640, 301, 703, 282, 551, 36, 714, 725, 310, 745, 146, 565, 881, 549, 554, 196, 914, 852, 296, 964, 51, 959, 109, 479, 173, 418, 389, 831, 644, 610, 579, 334, 21, 169, 910, 84, 722, 143, 231, 429, 996, 880, 666, 678, 392, 280, 266, 91, 467, 975, 798, 783, 607, 270, 477, 717, 152, 743, 412, 668, 240, 48, 354, 432, 421, 410, 928, 562, 385, 872, 750, 18, 230, 249, 638, 768, 969, 131, 572, 799, 90, 810, 989, 103, 457, 320, 585, 734, 507, 265, 682, 337, 439, 864, 313, 136, 443, 395, 617, 927, 570, 492, 390, 766, 255, 878, 210, 548, 737, 923, 912, 652, 483, 538, 360, 87, 812, 4, 243, 496, 795, 502, 16, 820, 993, 707, 409, 464, 80, 482, 713, 291, 808, 86, 342, 832, 782, 887, 45, 711, 491, 763, 300, 450, 733, 545, 691, 727, 847, 716, 366, 633, 264, 281, 63, 873, 380, 129, 968, 754, 595, 667, 622, 144, 250, 289, 221, 758, 509, 269, 127, 582, 402, 130, 773, 529, 560, 365, 772, 786, 422, 940, 447, 522, 581, 589, 788, 451, 352, 755, 480, 12, 700, 553, 150, 608, 180, 437, 309, 811, 631, 260, 52, 512, 988, 753, 268, 259, 134, 93, 304, 809, 977, 906, 933, 481, 907, 484, 599, 777, 539, 24, 546, 800, 27, 552, 398, 456, 79, 189, 3, 909, 405, 273, 323, 218, 951, 458, 284, 188, 212, 844, 65, 991, 420, 647, 401, 33, 59, 376, 347, 351, 339, 979, 675, 869, 434, 663, 406, 611, 604, 776, 803, 61, 170, 561, 566, 213, 415, 521, 133, 672, 147, 515, 332, 963, 574, 368, 557, 994, 879, 373, 688, 0]]"
uniform,n1000_m5_r01.txt,data/mtsp/stratum1_small/n1000_m5_r01.txt,1000,5,ortools-GLS,2852.685678358069,30.002054691314697,30.002054691314697,True,ok,[],"[[0, 681, 305, 680, 231, 370, 907, 994, 280, 607, 571, 3, 519, 845, 189, 888, 80, 692, 902, 273, 901, 260, 833, 587, 394, 240, 41, 406, 820, 997, 619, 682, 258, 107, 431, 123, 31, 957, 146, 118, 565, 265, 524, 529, 203, 798, 62, 512, 401, 6, 591, 925, 224, 255, 59, 338, 40, 283, 838, 194, 8, 282, 152, 470, 263, 725, 54, 625, 359, 252, 603, 640, 350, 763, 790, 481, 873, 922, 348, 916, 374, 499, 483, 663, 598, 293, 302, 384, 449, 113, 657, 382, 915, 709, 562, 491, 383, 574, 192, 904, 647, 36, 427, 88, 899, 745, 903, 239, 685, 245, 353, 480, 522, 588, 373, 926, 526, 780, 728, 170, 872, 742, 906, 137, 705, 147, 225, 435, 478, 439, 691, 643, 205, 918, 256, 285, 506, 766, 515, 195, 392, 422, 870, 634, 734, 71, 986, 57, 51, 372, 836, 659, 863, 369, 632, 14, 829, 543, 292, 98, 410, 55, 842, 380, 964, 271, 250, 575, 474, 521, 990, 862, 44, 850, 155, 233, 719, 801, 917, 644, 556, 572, 12, 67, 141, 932, 378, 462, 989, 74, 407, 764, 889, 212, 199, 831, 197, 116, 329, 894, 570, 0], [0, 635, 308, 853, 704, 608, 361, 403, 215, 996, 164, 448, 160, 768, 86, 548, 504, 774, 157, 495, 546, 998, 424, 740, 655, 624, 747, 244, 534, 620, 507, 227, 188, 500, 235, 633, 652, 92, 387, 21, 396, 611, 213, 671, 984, 95, 919, 187, 214, 493, 698, 24, 716, 469, 533, 162, 690, 169, 156, 678, 237, 987, 552, 457, 317, 815, 750, 547, 595, 375, 100, 896, 930, 279, 731, 443, 153, 184, 890, 204, 150, 641, 5, 573, 636, 950, 583, 775, 486, 787, 198, 848, 695, 823, 808, 697, 832, 980, 356, 377, 347, 246, 363, 314, 53, 527, 463, 851, 291, 466, 46, 391, 28, 508, 724, 746, 490, 131, 385, 934, 606, 253, 441, 37, 648, 412, 460, 63, 988, 568, 897, 791, 753, 138, 35, 17, 16, 185, 262, 771, 411, 609, 733, 79, 665, 259, 482, 97, 135, 242, 626, 834, 710, 357, 34, 736, 751, 900, 814, 642, 269, 492, 677, 999, 908, 720, 461, 778, 646, 589, 777, 400, 955, 723, 295, 39, 379, 679, 171, 893, 318, 878, 294, 737, 299, 953, 549, 366, 371, 909, 977, 96, 257, 876, 582, 176, 947, 887, 765, 781, 296, 0], [0, 81, 209, 30, 995, 689, 615, 826, 511, 807, 610, 971, 133, 272, 485, 702, 967, 701, 707, 328, 183, 542, 868, 580, 711, 247, 399, 202, 445, 386, 114, 355, 540, 532, 717, 275, 621, 122, 468, 381, 923, 827, 173, 200, 585, 83, 220, 954, 599, 69, 218, 434, 866, 288, 979, 437, 864, 569, 650, 525, 756, 42, 715, 564, 509, 940, 892, 802, 144, 739, 126, 68, 528, 243, 865, 61, 502, 743, 770, 201, 101, 251, 637, 579, 440, 520, 27, 219, 18, 2, 741, 168, 942, 484, 261, 472, 207, 127, 70, 177, 785, 516, 941, 327, 489, 885, 409, 594, 721, 112, 501, 270, 818, 993, 365, 759, 772, 566, 4, 473, 616, 760, 938, 668, 465, 555, 413, 121, 330, 794, 154, 693, 793, 966, 675, 125, 120, 839, 56, 450, 700, 983, 841, 9, 339, 673, 935, 735, 788, 551, 29, 290, 241, 592, 436, 306, 312, 398, 321, 158, 163, 105, 52, 309, 277, 861, 82, 423, 688, 447, 694, 315, 860, 726, 813, 343, 94, 822, 389, 696, 179, 134, 920, 602, 961, 111, 104, 340, 102, 452, 364, 629, 514, 817, 970, 26, 351, 722, 38, 835, 274, 0], [0, 796, 946, 601, 627, 47, 800, 25, 402, 229, 666, 313, 326, 19, 762, 789, 289, 148, 208, 811, 628, 536, 91, 390, 414, 600, 761, 537, 451, 109, 174, 783, 713, 108, 586, 417, 631, 266, 20, 438, 553, 672, 456, 175, 613, 65, 969, 857, 883, 145, 699, 667, 319, 846, 581, 686, 421, 544, 140, 444, 388, 297, 346, 886, 376, 151, 254, 408, 232, 264, 161, 963, 844, 623, 617, 567, 442, 952, 810, 951, 622, 119, 757, 464, 674, 48, 898, 89, 530, 662, 182, 354, 776, 316, 487, 664, 974, 320, 849, 874, 828, 805, 453, 498, 554, 60, 654, 956, 333, 837, 653, 73, 618, 730, 166, 90, 418, 180, 804, 497, 267, 349, 968, 284, 518, 880, 708, 467, 50, 824, 505, 139, 959, 303, 577, 758, 847, 129, 931, 859, 630, 645, 945, 558, 985, 211, 128, 754, 115, 882, 658, 278, 550, 84, 132, 307, 767, 809, 510, 816, 248, 75, 221, 879, 191, 792, 15, 455, 727, 584, 110, 545, 476, 891, 981, 479, 117, 345, 978, 714, 324, 1, 749, 367, 614, 821, 560, 415, 752, 77, 651, 22, 323, 87, 535, 563, 454, 669, 10, 429, 684, 0], [0, 432, 843, 181, 503, 7, 32, 638, 335, 124, 797, 559, 58, 712, 612, 494, 960, 825, 268, 322, 905, 193, 428, 670, 310, 11, 561, 779, 803, 976, 973, 405, 869, 962, 337, 228, 149, 143, 744, 344, 875, 358, 210, 72, 795, 496, 703, 852, 397, 459, 939, 855, 238, 341, 477, 738, 910, 773, 929, 190, 782, 393, 331, 769, 683, 576, 881, 196, 64, 541, 142, 362, 840, 806, 416, 830, 718, 475, 913, 136, 656, 304, 311, 85, 944, 178, 557, 604, 488, 748, 76, 230, 216, 234, 352, 513, 419, 937, 159, 49, 167, 106, 958, 43, 458, 368, 325, 395, 992, 222, 523, 13, 965, 812, 287, 236, 99, 854, 249, 895, 924, 867, 33, 426, 884, 301, 425, 799, 729, 286, 597, 649, 921, 975, 300, 186, 66, 23, 223, 165, 605, 687, 281, 217, 93, 172, 578, 755, 433, 404, 877, 660, 972, 949, 991, 871, 103, 927, 858, 676, 471, 226, 936, 517, 639, 706, 334, 539, 914, 430, 928, 360, 78, 336, 856, 446, 593, 982, 206, 933, 948, 298, 590, 819, 912, 538, 732, 784, 130, 911, 943, 596, 786, 45, 276, 342, 332, 420, 661, 531, 0]]"
uniform,n1000_m5_r02.txt,data/mtsp/stratum1_small/n1000_m5_r02.txt,1000,5,ortools-GLS,2797.06194646981,30.001847982406616,30.001847982406616,True,ok,[],"[[0, 148, 300, 652, 191, 616, 637, 310, 598, 494, 432, 128, 265, 819, 241, 101, 195, 873, 219, 579, 772, 727, 273, 517, 479, 659, 395, 127, 15, 944, 424, 887, 171, 912, 124, 61, 998, 350, 160, 773, 532, 760, 343, 349, 860, 713, 288, 929, 830, 279, 895, 27, 749, 914, 738, 504, 891, 492, 557, 67, 129, 174, 229, 76, 918, 14, 419, 908, 113, 615, 970, 824, 207, 328, 603, 482, 35, 523, 826, 650, 844, 714, 355, 161, 232, 820, 214, 354, 965, 935, 259, 409, 761, 688, 162, 322, 187, 370, 353, 755, 726, 226, 37, 327, 155, 332, 667, 304, 950, 516, 307, 707, 183, 673, 716, 554, 653, 175, 564, 757, 364, 344, 972, 812, 65, 531, 418, 934, 375, 109, 55, 131, 730, 261, 221, 641, 635, 286, 679, 44, 657, 420, 802, 382, 692, 808, 643, 964, 94, 143, 443, 142, 491, 446, 318, 799, 847, 200, 506, 159, 210, 526, 519, 483, 276, 795, 672, 974, 780, 456, 938, 83, 7, 682, 317, 253, 578, 32, 459, 152, 619, 521, 686, 524, 21, 413, 475, 980, 484, 237, 19, 660, 584, 949, 434, 342, 442, 685, 796, 48, 256, 0], [0, 910, 587, 478, 788, 566, 33, 69, 766, 388, 147, 823, 966, 476, 320, 397, 933, 947, 26, 49, 545, 254, 913, 158, 845, 377, 168, 463, 209, 921, 599, 813, 968, 889, 340, 266, 471, 538, 145, 336, 836, 550, 329, 141, 122, 736, 911, 193, 185, 133, 670, 775, 898, 884, 967, 623, 296, 30, 228, 2, 89, 862, 715, 779, 596, 274, 975, 205, 404, 474, 268, 282, 589, 906, 460, 57, 883, 747, 408, 341, 803, 346, 752, 166, 951, 601, 480, 464, 811, 984, 647, 192, 569, 931, 313, 872, 231, 708, 275, 427, 986, 690, 511, 182, 429, 499, 64, 138, 969, 431, 218, 324, 879, 236, 24, 472, 292, 841, 495, 742, 115, 181, 854, 668, 786, 725, 774, 785, 199, 512, 154, 593, 559, 28, 452, 644, 380, 402, 842, 681, 904, 126, 513, 416, 958, 763, 252, 848, 533, 634, 948, 468, 590, 485, 871, 689, 501, 721, 602, 202, 868, 592, 184, 378, 248, 233, 444, 385, 572, 308, 567, 114, 769, 74, 82, 306, 744, 661, 497, 916, 655, 977, 704, 955, 684, 447, 365, 357, 621, 23, 4, 997, 945, 991, 234, 473, 400, 866, 433, 381, 553, 0], [0, 496, 347, 981, 536, 71, 3, 132, 417, 149, 458, 834, 136, 901, 119, 93, 992, 176, 287, 361, 728, 358, 544, 520, 585, 186, 993, 75, 920, 928, 258, 709, 20, 821, 85, 283, 576, 741, 335, 319, 547, 698, 301, 607, 612, 108, 771, 827, 855, 62, 923, 88, 411, 804, 238, 625, 952, 535, 330, 627, 676, 665, 438, 762, 271, 515, 360, 719, 838, 610, 321, 680, 995, 295, 733, 846, 671, 864, 693, 581, 137, 250, 97, 17, 448, 778, 363, 687, 930, 105, 571, 543, 29, 577, 814, 580, 702, 939, 743, 608, 902, 337, 309, 345, 396, 925, 989, 6, 367, 392, 140, 867, 636, 840, 530, 510, 839, 675, 281, 768, 453, 832, 711, 638, 406, 861, 502, 11, 134, 450, 430, 896, 374, 926, 96, 568, 518, 428, 734, 960, 280, 46, 272, 525, 461, 720, 705, 264, 203, 745, 486, 39, 439, 630, 311, 595, 764, 10, 835, 869, 12, 59, 326, 800, 348, 750, 957, 956, 851, 648, 737, 190, 277, 500, 414, 269, 597, 91, 656, 798, 631, 165, 953, 642, 116, 245, 99, 426, 42, 211, 150, 315, 793, 208, 391, 45, 303, 130, 262, 244, 0], [0, 558, 435, 112, 243, 700, 54, 748, 588, 833, 979, 710, 522, 423, 440, 618, 781, 240, 932, 331, 285, 724, 123, 81, 899, 399, 220, 586, 552, 565, 801, 982, 41, 784, 807, 167, 407, 740, 390, 794, 239, 120, 893, 227, 104, 117, 1, 541, 368, 699, 805, 13, 816, 410, 646, 973, 298, 164, 645, 770, 791, 422, 703, 455, 837, 985, 776, 437, 695, 677, 971, 291, 465, 863, 351, 87, 90, 198, 235, 936, 759, 16, 890, 865, 962, 412, 325, 352, 575, 441, 92, 753, 591, 100, 31, 305, 548, 604, 284, 267, 613, 34, 157, 937, 570, 372, 722, 907, 18, 466, 790, 139, 856, 609, 163, 222, 853, 223, 405, 560, 892, 84, 915, 469, 900, 850, 387, 582, 787, 371, 697, 735, 389, 843, 917, 43, 551, 654, 940, 828, 216, 792, 723, 756, 574, 815, 555, 246, 333, 620, 909, 691, 556, 903, 509, 894, 225, 8, 383, 994, 600, 849, 263, 493, 470, 542, 177, 732, 224, 870, 278, 58, 379, 299, 22, 897, 859, 107, 102, 178, 384, 605, 622, 810, 135, 701, 633, 489, 664, 746, 831, 573, 290, 170, 297, 144, 369, 78, 56, 487, 809, 0], [0, 731, 289, 611, 25, 712, 976, 72, 52, 172, 783, 632, 628, 583, 179, 125, 857, 540, 247, 421, 942, 68, 213, 829, 373, 5, 922, 323, 47, 529, 527, 639, 251, 53, 40, 858, 658, 95, 696, 822, 314, 878, 508, 941, 528, 80, 614, 51, 260, 505, 197, 217, 694, 649, 212, 818, 386, 514, 875, 457, 797, 825, 789, 954, 988, 77, 886, 454, 79, 626, 758, 242, 70, 539, 376, 445, 230, 874, 156, 663, 507, 561, 666, 467, 294, 249, 651, 594, 640, 488, 436, 146, 674, 206, 503, 669, 334, 403, 293, 888, 66, 338, 782, 180, 817, 963, 563, 617, 662, 121, 255, 961, 481, 924, 999, 73, 110, 546, 852, 339, 629, 946, 366, 462, 36, 393, 477, 98, 188, 86, 990, 549, 706, 606, 63, 415, 959, 312, 777, 103, 490, 624, 876, 151, 451, 111, 927, 919, 189, 169, 754, 562, 359, 683, 983, 194, 362, 885, 153, 398, 987, 401, 173, 9, 356, 978, 729, 50, 767, 425, 270, 877, 316, 718, 537, 302, 880, 881, 449, 765, 38, 106, 498, 196, 943, 882, 739, 257, 717, 806, 905, 201, 996, 678, 215, 60, 394, 118, 751, 534, 204, 0]]"
uniform,n1000_m5_r03.txt,data/mtsp/stratum1_small/n1000_m5_r03.txt,1000,5,ortools-GLS,2783.012164162865,30.00224494934082,30.00224494934082,True,ok,[],"[[0, 484, 166, 217, 491, 746, 777, 820, 917, 400, 466, 95, 941, 683, 755, 200, 975, 155, 972, 255, 171, 661, 5, 34, 570, 68, 528, 189, 774, 823, 89, 21, 922, 299, 859, 407, 240, 722, 802, 957, 153, 758, 753, 563, 632, 655, 40, 536, 949, 32, 343, 158, 108, 80, 283, 951, 75, 512, 914, 988, 934, 834, 398, 213, 603, 997, 130, 234, 612, 638, 670, 11, 64, 129, 339, 874, 16, 901, 116, 33, 639, 353, 239, 532, 829, 103, 311, 607, 504, 782, 853, 477, 362, 873, 912, 415, 960, 642, 254, 176, 492, 59, 250, 618, 696, 42, 256, 715, 643, 246, 428, 87, 298, 812, 976, 606, 145, 185, 279, 803, 835, 615, 114, 525, 43, 895, 359, 351, 521, 74, 843, 923, 297, 885, 192, 977, 826, 591, 366, 429, 97, 122, 617, 305, 60, 889, 437, 135, 907, 714, 160, 592, 757, 456, 865, 161, 672, 399, 225, 598, 878, 515, 2, 583, 306, 319, 416, 651, 556, 760, 460, 991, 199, 652, 827, 910, 899, 232, 650, 365, 435, 998, 281, 983, 382, 999, 608, 499, 713, 719, 749, 944, 520, 875, 474, 721, 627, 328, 175, 35, 675, 0], [0, 436, 380, 410, 687, 490, 284, 700, 67, 794, 316, 793, 784, 896, 224, 839, 356, 78, 184, 593, 99, 230, 744, 486, 953, 876, 111, 979, 347, 427, 864, 990, 573, 335, 799, 558, 811, 797, 483, 963, 732, 761, 409, 888, 425, 169, 459, 345, 81, 817, 134, 56, 430, 894, 705, 958, 350, 925, 933, 330, 508, 317, 534, 587, 414, 686, 372, 290, 266, 388, 849, 845, 152, 473, 708, 105, 765, 294, 341, 947, 909, 681, 688, 676, 315, 699, 309, 742, 244, 1, 463, 585, 36, 926, 970, 751, 390, 206, 51, 252, 733, 231, 53, 447, 702, 628, 833, 908, 462, 307, 577, 818, 943, 815, 321, 555, 596, 633, 450, 549, 227, 869, 897, 349, 588, 469, 222, 144, 965, 837, 405, 70, 629, 946, 406, 654, 27, 421, 73, 711, 100, 770, 544, 493, 286, 575, 704, 659, 248, 496, 538, 65, 226, 522, 322, 183, 4, 852, 201, 510, 489, 566, 257, 727, 378, 986, 887, 104, 929, 966, 807, 846, 50, 543, 924, 645, 476, 66, 245, 215, 101, 258, 367, 446, 935, 323, 748, 277, 403, 578, 554, 502, 300, 188, 703, 164, 796, 495, 609, 276, 85, 0], [0, 626, 236, 679, 8, 984, 850, 831, 891, 86, 272, 392, 301, 242, 667, 178, 218, 586, 830, 197, 282, 487, 278, 312, 354, 467, 756, 411, 842, 940, 235, 821, 635, 132, 288, 137, 801, 741, 494, 776, 840, 819, 657, 434, 822, 694, 324, 112, 938, 816, 851, 514, 738, 186, 620, 18, 500, 737, 79, 485, 868, 920, 710, 572, 750, 275, 194, 363, 780, 693, 985, 28, 786, 602, 613, 662, 533, 211, 219, 295, 479, 838, 314, 665, 932, 844, 973, 41, 884, 150, 995, 23, 243, 48, 537, 93, 136, 419, 149, 162, 163, 832, 974, 408, 658, 133, 763, 581, 233, 9, 30, 326, 47, 893, 203, 595, 787, 179, 264, 424, 369, 69, 882, 879, 854, 682, 455, 987, 329, 106, 123, 904, 228, 599, 181, 287, 870, 422, 783, 88, 342, 451, 313, 637, 127, 775, 622, 518, 962, 470, 91, 584, 147, 913, 531, 576, 205, 961, 480, 701, 981, 798, 340, 168, 541, 636, 115, 550, 204, 125, 674, 862, 872, 318, 52, 383, 389, 540, 292, 269, 448, 892, 690, 982, 370, 442, 251, 439, 646, 7, 128, 993, 664, 241, 37, 810, 120, 173, 13, 3, 640, 0], [0, 523, 900, 808, 535, 519, 267, 684, 952, 773, 805, 412, 444, 948, 445, 263, 524, 76, 861, 61, 736, 890, 568, 433, 911, 170, 725, 553, 552, 94, 193, 804, 394, 747, 488, 858, 303, 767, 352, 261, 465, 336, 590, 648, 191, 417, 109, 605, 17, 614, 574, 971, 937, 918, 978, 800, 327, 84, 836, 265, 996, 649, 600, 57, 214, 209, 867, 118, 304, 740, 131, 956, 31, 293, 401, 139, 989, 159, 589, 58, 20, 393, 506, 561, 431, 735, 344, 673, 280, 547, 734, 187, 604, 348, 877, 271, 368, 82, 601, 841, 387, 395, 660, 308, 432, 666, 12, 285, 174, 678, 481, 190, 334, 967, 903, 559, 610, 898, 375, 828, 769, 781, 148, 381, 945, 151, 212, 564, 358, 527, 202, 731, 942, 886, 766, 402, 320, 331, 619, 795, 15, 980, 207, 517, 825, 296, 860, 551, 764, 107, 357, 121, 950, 509, 63, 198, 930, 653, 863, 310, 223, 545, 503, 880, 809, 992, 102, 247, 110, 220, 530, 915, 379, 680, 146, 969, 126, 726, 72, 237, 698, 268, 138, 644, 866, 165, 472, 478, 497, 259, 548, 792, 905, 498, 779, 29, 98, 157, 397, 141, 857, 0], [0, 274, 647, 418, 364, 423, 594, 113, 621, 994, 791, 396, 785, 441, 752, 695, 90, 712, 582, 668, 656, 630, 385, 739, 260, 669, 454, 167, 927, 221, 196, 156, 404, 529, 475, 468, 360, 778, 724, 762, 936, 759, 273, 83, 754, 38, 22, 806, 856, 458, 847, 338, 562, 229, 413, 208, 440, 718, 180, 177, 855, 565, 671, 346, 54, 449, 501, 505, 579, 883, 507, 906, 916, 616, 720, 729, 464, 210, 262, 542, 919, 24, 216, 716, 788, 384, 814, 124, 443, 789, 968, 452, 355, 337, 333, 790, 717, 49, 289, 921, 373, 302, 374, 172, 955, 332, 743, 143, 560, 92, 697, 959, 569, 557, 623, 567, 140, 377, 706, 692, 249, 119, 420, 26, 182, 62, 77, 6, 19, 154, 438, 361, 928, 55, 709, 371, 471, 871, 631, 689, 881, 391, 426, 730, 772, 641, 253, 964, 546, 45, 453, 813, 511, 597, 954, 571, 634, 771, 39, 195, 325, 526, 580, 677, 691, 931, 728, 513, 939, 723, 291, 611, 824, 10, 238, 25, 461, 482, 457, 745, 117, 902, 14, 707, 625, 71, 270, 663, 624, 96, 685, 516, 44, 142, 376, 539, 848, 386, 768, 46, 0]]"
uniform,n500_m3_r01.txt,data/mtsp/stratum1_small/n500_m3_r01.txt,500,3,ortools-GLS,1835.9306873050468,30.002399444580078,30.002399444580078,True,ok,[],"[[0, 236, 334, 246, 121, 166, 151, 419, 446, 107, 53, 373, 310, 216, 129, 269, 332, 103, 423, 340, 309, 10, 298, 447, 21, 50, 451, 358, 143, 353, 427, 415, 212, 371, 167, 27, 204, 187, 282, 25, 453, 337, 281, 364, 324, 32, 90, 132, 176, 296, 259, 163, 22, 119, 463, 289, 484, 467, 161, 89, 8, 444, 224, 392, 116, 472, 421, 277, 248, 489, 480, 74, 197, 152, 174, 240, 333, 3, 328, 481, 128, 492, 362, 48, 311, 347, 397, 164, 320, 67, 106, 342, 302, 112, 184, 249, 272, 39, 398, 28, 193, 114, 336, 45, 233, 400, 137, 181, 69, 215, 436, 377, 278, 229, 147, 407, 495, 425, 284, 209, 54, 52, 264, 360, 105, 395, 211, 168, 417, 179, 49, 449, 135, 292, 442, 316, 368, 406, 40, 338, 438, 146, 243, 98, 429, 244, 369, 469, 420, 323, 153, 473, 314, 418, 414, 157, 59, 213, 111, 413, 274, 126, 113, 47, 335, 440, 16, 4, 0], [0, 165, 183, 365, 91, 175, 293, 83, 160, 354, 327, 363, 6, 214, 226, 455, 96, 258, 294, 416, 185, 325, 63, 251, 60, 387, 139, 454, 295, 441, 141, 140, 221, 490, 202, 61, 488, 97, 329, 268, 189, 389, 66, 95, 94, 13, 319, 180, 462, 12, 301, 499, 350, 304, 456, 78, 36, 205, 378, 321, 486, 477, 283, 75, 195, 72, 372, 239, 100, 287, 81, 231, 359, 122, 7, 148, 396, 343, 225, 474, 408, 220, 431, 351, 445, 426, 102, 428, 238, 483, 227, 380, 405, 127, 391, 92, 401, 457, 434, 138, 87, 465, 82, 20, 300, 422, 17, 235, 70, 196, 341, 110, 2, 192, 34, 346, 374, 253, 367, 461, 493, 23, 485, 46, 464, 279, 169, 386, 206, 443, 217, 273, 349, 271, 65, 432, 312, 496, 142, 57, 475, 15, 84, 241, 33, 437, 356, 177, 299, 123, 326, 297, 376, 245, 439, 130, 479, 86, 68, 491, 308, 318, 394, 487, 124, 262, 0], [0, 223, 424, 375, 344, 201, 178, 317, 104, 134, 136, 101, 410, 412, 468, 203, 330, 381, 494, 313, 80, 190, 31, 43, 263, 29, 476, 265, 452, 352, 14, 150, 1, 260, 41, 402, 44, 270, 458, 303, 158, 355, 42, 162, 286, 370, 171, 194, 200, 459, 252, 186, 145, 498, 117, 144, 357, 26, 222, 125, 79, 51, 85, 37, 35, 56, 234, 64, 118, 433, 470, 291, 403, 199, 388, 450, 460, 182, 247, 288, 5, 331, 275, 257, 18, 58, 280, 305, 237, 120, 478, 404, 170, 306, 254, 218, 255, 219, 159, 207, 399, 109, 155, 77, 232, 435, 307, 210, 38, 24, 482, 188, 339, 345, 115, 379, 276, 242, 191, 393, 382, 149, 76, 261, 55, 348, 30, 71, 290, 208, 497, 88, 322, 409, 361, 133, 9, 198, 430, 73, 108, 62, 267, 411, 172, 448, 383, 173, 228, 19, 250, 466, 390, 366, 131, 315, 154, 266, 11, 93, 256, 230, 156, 285, 99, 385, 471, 384, 0]]"
uniform,n500_m3_r02.txt,data/mtsp/stratum1_small/n500_m3_r02.txt,500,3,ortools-GLS,1816.8728684409969,30.000604152679443,30.000604152679443,True,ok,[],"[[0, 134, 8, 202, 235, 434, 429, 186, 240, 435, 139, 355, 387, 395, 230, 152, 446, 467, 336, 53, 337, 476, 192, 50, 90, 188, 14, 343, 83, 34, 208, 46, 340, 246, 120, 219, 62, 404, 316, 484, 88, 106, 150, 339, 236, 140, 124, 427, 472, 42, 166, 287, 438, 469, 99, 149, 294, 331, 266, 68, 63, 37, 453, 458, 360, 313, 3, 492, 493, 229, 194, 177, 255, 182, 172, 198, 17, 7, 259, 415, 6, 38, 178, 318, 223, 113, 342, 207, 491, 85, 291, 147, 382, 251, 416, 384, 239, 455, 27, 40, 169, 2, 470, 25, 241, 400, 307, 330, 142, 95, 440, 317, 213, 497, 215, 430, 499, 51, 301, 97, 495, 13, 260, 181, 399, 447, 28, 91, 31, 411, 174, 350, 74, 131, 216, 76, 289, 494, 412, 141, 262, 292, 346, 157, 322, 302, 271, 187, 432, 474, 303, 191, 234, 162, 144, 486, 368, 381, 67, 379, 70, 132, 306, 424, 364, 217, 460, 93, 0], [0, 436, 315, 237, 9, 304, 485, 281, 365, 464, 111, 250, 45, 195, 327, 193, 473, 498, 257, 35, 49, 137, 185, 19, 66, 405, 402, 164, 18, 161, 22, 496, 478, 59, 96, 479, 357, 338, 80, 205, 403, 326, 114, 283, 268, 112, 138, 160, 117, 176, 282, 471, 168, 273, 82, 459, 383, 428, 418, 328, 452, 311, 297, 420, 413, 277, 5, 245, 130, 72, 47, 225, 232, 449, 222, 422, 298, 475, 366, 372, 118, 388, 30, 26, 231, 136, 81, 197, 214, 248, 212, 288, 121, 263, 284, 119, 224, 341, 98, 104, 444, 468, 92, 359, 204, 431, 369, 32, 441, 389, 78, 211, 243, 312, 332, 77, 163, 33, 437, 309, 371, 64, 23, 156, 439, 190, 410, 170, 386, 209, 73, 450, 490, 488, 244, 15, 295, 57, 94, 352, 60, 24, 86, 48, 396, 483, 238, 334, 249, 159, 275, 417, 210, 84, 145, 358, 374, 107, 108, 227, 146, 378, 401, 421, 477, 390, 0], [0, 158, 61, 351, 153, 54, 406, 397, 323, 154, 264, 233, 280, 393, 305, 220, 123, 103, 335, 143, 218, 321, 456, 320, 308, 196, 465, 466, 392, 261, 290, 29, 454, 10, 105, 272, 16, 274, 129, 426, 221, 278, 135, 286, 443, 133, 442, 258, 325, 79, 356, 269, 183, 21, 126, 363, 319, 362, 151, 296, 375, 463, 44, 333, 171, 300, 184, 203, 179, 75, 252, 414, 324, 480, 109, 122, 11, 4, 461, 344, 20, 345, 451, 279, 347, 110, 482, 242, 36, 253, 385, 71, 39, 293, 354, 265, 148, 206, 487, 457, 408, 55, 65, 329, 419, 101, 349, 116, 445, 299, 285, 52, 1, 394, 226, 167, 407, 128, 398, 380, 462, 423, 448, 165, 267, 270, 100, 310, 56, 361, 115, 155, 433, 175, 102, 180, 87, 377, 69, 247, 58, 12, 425, 391, 89, 43, 189, 173, 367, 373, 314, 370, 276, 228, 201, 481, 200, 254, 376, 41, 127, 256, 353, 125, 348, 489, 199, 409, 0]]"
uniform,n500_m3_r03.txt,data/mtsp/stratum1_small/n500_m3_r03.txt,500,3,ortools-GLS,1883.2461960737096,30.001697778701782,30.001697778701782,True,ok,[],"[[0, 464, 266, 24, 38, 209, 191, 355, 343, 49, 463, 460, 441, 149, 457, 334, 92, 148, 3, 39, 94, 73, 76, 282, 43, 271, 117, 389, 239, 459, 102, 212, 172, 435, 286, 449, 316, 87, 235, 226, 330, 109, 63, 497, 432, 336, 166, 9, 103, 77, 183, 158, 368, 15, 176, 353, 443, 406, 255, 145, 130, 197, 257, 276, 26, 250, 284, 112, 66, 399, 114, 139, 169, 220, 360, 161, 80, 492, 12, 384, 184, 454, 480, 388, 451, 134, 70, 58, 229, 132, 304, 440, 456, 291, 495, 67, 179, 398, 402, 404, 65, 431, 489, 348, 430, 281, 314, 305, 22, 267, 34, 311, 245, 468, 153, 211, 442, 292, 324, 205, 125, 297, 128, 303, 167, 181, 315, 403, 23, 241, 265, 236, 11, 163, 452, 246, 275, 185, 317, 309, 254, 244, 327, 448, 32, 78, 214, 258, 411, 347, 393, 332, 467, 129, 473, 401, 111, 408, 42, 367, 260, 156, 487, 418, 106, 231, 486, 263, 0], [0, 469, 249, 52, 319, 74, 414, 350, 71, 434, 444, 363, 116, 222, 293, 395, 79, 154, 322, 288, 445, 439, 225, 373, 178, 82, 41, 44, 274, 173, 342, 143, 228, 341, 242, 426, 318, 232, 56, 374, 135, 413, 310, 483, 189, 8, 376, 458, 306, 333, 192, 37, 433, 382, 83, 162, 115, 18, 55, 339, 436, 88, 182, 234, 494, 218, 20, 137, 64, 415, 104, 91, 119, 375, 136, 313, 138, 164, 423, 223, 186, 233, 419, 325, 427, 155, 352, 308, 455, 264, 392, 29, 394, 277, 105, 396, 175, 273, 416, 120, 412, 329, 425, 27, 207, 298, 4, 69, 345, 51, 16, 190, 446, 99, 357, 203, 61, 421, 465, 81, 453, 188, 110, 379, 470, 127, 240, 243, 124, 405, 328, 351, 133, 422, 122, 499, 194, 477, 337, 93, 385, 174, 326, 121, 377, 481, 340, 420, 28, 201, 224, 479, 1, 378, 301, 107, 90, 475, 488, 13, 165, 302, 46, 6, 97, 2, 0], [0, 150, 256, 285, 346, 62, 364, 199, 200, 400, 35, 262, 157, 320, 146, 490, 85, 151, 152, 335, 238, 386, 219, 141, 294, 198, 359, 30, 387, 168, 369, 10, 33, 36, 338, 187, 370, 397, 295, 268, 356, 171, 407, 202, 196, 180, 230, 48, 349, 216, 206, 462, 461, 365, 438, 358, 466, 496, 472, 278, 424, 193, 221, 371, 140, 287, 279, 366, 31, 383, 217, 19, 204, 72, 269, 101, 75, 57, 126, 296, 159, 248, 98, 491, 409, 312, 428, 100, 289, 89, 381, 331, 123, 410, 144, 14, 215, 227, 270, 354, 253, 372, 53, 5, 498, 300, 213, 299, 361, 261, 471, 170, 45, 84, 272, 485, 147, 96, 478, 21, 390, 108, 17, 283, 208, 252, 113, 307, 391, 177, 493, 60, 344, 237, 280, 54, 290, 323, 95, 50, 450, 59, 7, 362, 380, 321, 259, 195, 476, 25, 429, 482, 160, 86, 210, 251, 447, 142, 118, 474, 40, 484, 247, 131, 437, 417, 47, 68, 0]]"
uniform,n500_m5_r01.txt,data/mtsp/stratum1_small/n500_m5_r01.txt,500,5,ortools-GLS,1899.103081227843,30.00083088874817,30.00083088874817,True,ok,[],"[[0, 469, 74, 406, 179, 222, 169, 484, 437, 17, 442, 422, 229, 282, 53, 313, 52, 130, 27, 172, 269, 159, 108, 434, 10, 411, 276, 78, 259, 210, 16, 438, 100, 104, 419, 346, 423, 481, 292, 61, 345, 91, 395, 219, 271, 62, 403, 256, 178, 199, 204, 390, 31, 389, 115, 41, 414, 227, 68, 33, 231, 255, 160, 232, 347, 432, 348, 168, 156, 82, 164, 394, 167, 28, 450, 12, 299, 42, 214, 277, 189, 362, 309, 241, 307, 471, 487, 253, 315, 270, 19, 298, 143, 293, 153, 217, 354, 90, 135, 477, 0], [0, 262, 310, 344, 94, 321, 59, 316, 353, 126, 267, 464, 297, 56, 80, 50, 250, 455, 417, 457, 60, 287, 205, 213, 88, 240, 247, 332, 57, 9, 459, 112, 380, 182, 125, 122, 489, 97, 331, 281, 385, 144, 107, 192, 15, 252, 71, 162, 376, 177, 96, 467, 236, 302, 454, 146, 138, 425, 86, 263, 40, 180, 405, 404, 64, 295, 429, 274, 224, 89, 439, 499, 291, 170, 176, 87, 426, 441, 382, 190, 453, 386, 448, 361, 239, 165, 131, 264, 243, 101, 79, 216, 201, 314, 18, 34, 356, 358, 132, 109, 290, 0], [0, 21, 329, 472, 103, 323, 412, 377, 324, 63, 37, 415, 279, 119, 245, 458, 427, 384, 261, 106, 449, 463, 51, 258, 36, 70, 45, 209, 370, 118, 44, 479, 123, 147, 140, 11, 142, 238, 2, 468, 237, 285, 351, 226, 242, 230, 495, 451, 470, 283, 129, 54, 447, 416, 364, 181, 286, 485, 475, 365, 420, 355, 202, 228, 111, 211, 399, 483, 173, 409, 184, 124, 494, 66, 371, 392, 158, 498, 260, 248, 251, 187, 20, 93, 175, 375, 73, 301, 486, 335, 65, 493, 350, 363, 374, 24, 352, 418, 127, 8, 212, 0], [0, 218, 343, 39, 492, 496, 325, 330, 246, 338, 4, 284, 413, 379, 339, 278, 83, 197, 200, 69, 75, 368, 272, 235, 3, 466, 134, 223, 67, 76, 328, 433, 48, 183, 171, 391, 1, 440, 55, 30, 319, 128, 249, 185, 35, 387, 5, 381, 317, 221, 443, 318, 121, 194, 148, 166, 308, 25, 275, 163, 398, 155, 14, 378, 304, 424, 7, 430, 133, 349, 117, 446, 195, 473, 273, 81, 366, 225, 46, 341, 95, 152, 311, 373, 207, 396, 334, 402, 99, 388, 460, 289, 203, 322, 337, 280, 198, 465, 161, 410, 428, 0], [0, 233, 407, 191, 141, 265, 474, 421, 98, 462, 234, 320, 193, 497, 326, 478, 154, 490, 145, 196, 220, 244, 6, 72, 32, 102, 393, 116, 480, 305, 357, 436, 43, 397, 38, 435, 482, 294, 26, 110, 342, 13, 383, 29, 136, 400, 206, 296, 114, 174, 150, 77, 340, 266, 257, 360, 452, 306, 137, 369, 188, 208, 120, 139, 401, 445, 215, 431, 456, 336, 151, 105, 372, 300, 58, 22, 85, 488, 149, 47, 327, 312, 186, 333, 491, 461, 92, 254, 444, 23, 367, 157, 476, 113, 268, 84, 359, 303, 408, 288, 49, 0]]"
uniform,n500_m5_r02.txt,data/mtsp/stratum1_small/n500_m5_r02.txt,500,5,ortools-GLS,1997.1815641041637,30.000654458999634,30.000654458999634,True,ok,[],"[[0, 137, 427, 140, 118, 398, 332, 221, 274, 243, 309, 455, 474, 89, 301, 369, 479, 459, 27, 416, 396, 343, 284, 464, 76, 117, 310, 454, 9, 397, 178, 42, 115, 224, 428, 202, 65, 226, 79, 298, 400, 367, 215, 453, 166, 30, 5, 139, 22, 125, 187, 133, 391, 175, 17, 173, 46, 363, 70, 145, 185, 64, 48, 86, 265, 347, 80, 113, 109, 201, 417, 388, 443, 94, 220, 327, 237, 90, 83, 212, 334, 389, 273, 197, 207, 482, 425, 292, 442, 4, 152, 361, 412, 71, 345, 336, 282, 496, 490, 424, 339, 0], [0, 174, 234, 132, 235, 11, 381, 61, 73, 316, 457, 405, 358, 57, 348, 460, 101, 429, 313, 100, 6, 262, 375, 437, 225, 188, 340, 31, 484, 433, 7, 164, 200, 494, 252, 182, 157, 271, 328, 374, 23, 159, 478, 256, 372, 359, 87, 25, 333, 472, 492, 21, 29, 219, 306, 96, 452, 2, 408, 231, 53, 489, 350, 296, 204, 304, 108, 355, 276, 290, 269, 488, 468, 383, 169, 395, 351, 130, 475, 99, 228, 217, 248, 342, 283, 401, 56, 287, 128, 286, 229, 249, 291, 106, 353, 451, 491, 364, 26, 236, 208, 0], [0, 471, 198, 105, 135, 376, 246, 281, 93, 360, 321, 141, 285, 349, 356, 77, 51, 122, 16, 232, 255, 36, 163, 239, 294, 299, 331, 107, 214, 49, 368, 123, 467, 199, 338, 370, 34, 97, 319, 244, 267, 37, 446, 322, 318, 85, 158, 250, 463, 43, 112, 438, 148, 481, 419, 324, 380, 493, 498, 209, 203, 441, 403, 84, 129, 230, 156, 238, 63, 434, 247, 323, 218, 432, 458, 155, 469, 456, 411, 278, 170, 311, 279, 487, 74, 258, 440, 253, 143, 66, 499, 240, 210, 35, 295, 44, 172, 314, 13, 329, 0], [0, 176, 55, 462, 435, 330, 449, 20, 104, 289, 12, 181, 110, 28, 266, 470, 103, 142, 261, 394, 404, 430, 40, 213, 378, 88, 39, 315, 260, 431, 18, 114, 75, 119, 136, 177, 393, 233, 50, 95, 448, 497, 293, 461, 390, 62, 352, 277, 436, 98, 149, 82, 307, 59, 180, 447, 216, 423, 346, 305, 259, 146, 420, 189, 41, 477, 211, 257, 379, 386, 171, 382, 326, 102, 357, 444, 227, 120, 320, 205, 179, 366, 223, 245, 111, 196, 251, 302, 186, 124, 10, 495, 413, 312, 33, 127, 15, 168, 365, 184, 264, 0], [0, 47, 241, 335, 280, 406, 486, 150, 91, 38, 341, 195, 399, 3, 24, 387, 392, 263, 275, 68, 32, 116, 325, 144, 193, 344, 161, 1, 415, 421, 81, 190, 297, 165, 371, 466, 439, 402, 373, 147, 134, 154, 19, 160, 222, 121, 450, 194, 385, 272, 300, 14, 485, 407, 483, 191, 362, 72, 206, 317, 418, 183, 192, 384, 153, 445, 126, 288, 8, 480, 426, 60, 377, 354, 131, 303, 58, 67, 167, 254, 476, 268, 242, 162, 52, 422, 151, 45, 337, 138, 92, 414, 308, 465, 270, 409, 78, 410, 69, 54, 473, 0]]"
uniform,n500_m5_r03.txt,data/mtsp/stratum1_small/n500_m5_r03.txt,500,5,ortools-GLS,1946.122123219381,30.00052237510681,30.00052237510681,True,ok,[],"[[0, 155, 68, 177, 420, 243, 84, 38, 42, 186, 210, 328, 272, 380, 445, 382, 225, 470, 355, 195, 349, 227, 467, 442, 106, 263, 471, 26, 45, 291, 281, 276, 439, 275, 383, 372, 262, 214, 342, 267, 133, 189, 301, 9, 82, 253, 35, 297, 358, 1, 222, 116, 136, 489, 150, 360, 241, 193, 192, 434, 22, 129, 287, 165, 401, 208, 140, 320, 479, 75, 309, 422, 274, 306, 277, 395, 371, 465, 476, 73, 126, 484, 288, 483, 334, 47, 256, 230, 174, 130, 330, 466, 187, 71, 219, 400, 290, 44, 117, 394, 111, 0], [0, 273, 101, 211, 72, 125, 285, 493, 141, 7, 295, 112, 414, 232, 475, 93, 336, 389, 472, 151, 337, 226, 313, 402, 284, 280, 209, 203, 438, 152, 427, 197, 54, 65, 477, 494, 410, 473, 347, 94, 90, 185, 259, 196, 204, 200, 370, 411, 307, 221, 443, 340, 357, 247, 250, 245, 254, 18, 86, 325, 128, 175, 170, 376, 108, 323, 64, 237, 359, 11, 201, 378, 4, 21, 49, 404, 468, 398, 482, 182, 292, 498, 491, 406, 265, 431, 118, 324, 8, 2, 233, 178, 199, 110, 28, 450, 343, 478, 51, 283, 169, 0], [0, 399, 441, 344, 368, 318, 444, 446, 303, 81, 456, 413, 167, 407, 375, 257, 326, 52, 248, 384, 457, 202, 392, 132, 492, 134, 13, 246, 367, 15, 460, 74, 350, 70, 218, 260, 338, 305, 352, 453, 135, 481, 304, 154, 205, 147, 271, 63, 114, 34, 455, 78, 158, 88, 179, 428, 109, 39, 16, 41, 252, 448, 437, 198, 89, 499, 486, 316, 235, 127, 279, 314, 440, 354, 319, 269, 142, 353, 282, 159, 418, 66, 436, 236, 220, 433, 48, 163, 146, 121, 240, 56, 348, 322, 321, 95, 156, 365, 231, 207, 363, 0], [0, 120, 416, 403, 162, 266, 302, 239, 409, 172, 397, 391, 251, 366, 224, 390, 161, 171, 143, 244, 346, 461, 294, 412, 234, 421, 32, 356, 138, 137, 458, 31, 24, 261, 29, 59, 278, 258, 387, 462, 115, 216, 339, 485, 435, 19, 459, 464, 37, 91, 119, 495, 55, 166, 57, 469, 183, 14, 103, 223, 238, 67, 5, 351, 43, 487, 124, 379, 168, 180, 369, 122, 405, 17, 173, 255, 417, 497, 296, 327, 425, 97, 77, 105, 113, 139, 345, 80, 164, 315, 23, 364, 217, 474, 213, 191, 131, 160, 40, 329, 249, 0], [0, 310, 311, 270, 181, 488, 331, 12, 194, 268, 447, 424, 107, 451, 229, 83, 27, 463, 176, 10, 99, 25, 144, 490, 87, 98, 429, 148, 60, 454, 100, 393, 61, 289, 362, 341, 386, 149, 388, 212, 317, 102, 308, 76, 286, 423, 408, 480, 298, 293, 96, 20, 215, 85, 153, 432, 33, 396, 69, 157, 3, 50, 46, 242, 381, 377, 415, 373, 190, 6, 430, 145, 58, 92, 452, 104, 332, 335, 419, 184, 36, 496, 374, 188, 312, 449, 385, 333, 300, 228, 264, 79, 299, 426, 361, 123, 62, 30, 53, 206, 0]]"
