"phase","instance_family","instance","path","node_count","salesman_count","solver","solver_budget_ms","wall_timeout_sec","start_time_utc","end_time_utc","wall_seconds","valid","status","objective","time_seconds","step_time_seconds","message","killed","exit_code","artifacts_dir"
"main","clustered-center","clustered-center_n10000_m5_r01.txt","C:\Users\ddkup\coursework\mtsp-routing-optimization\data\mtsp\generated_multifamily\clustered-center_n10000_m5_r01.txt","10000","5","lkh3-baseline","150000","300","2026-04-24T06:18:42.6062692Z","2026-04-24T06:22:21.1475108Z","218.541148","False","runner_error",,"218.541148",,"mtsp.exe exited with code .","False",,""
"main","clustered-center","clustered-center_n10000_m5_r01.txt","C:\Users\ddkup\coursework\mtsp-routing-optimization\data\mtsp\generated_multifamily\clustered-center_n10000_m5_r01.txt","10000","5","lkh-wrapper-v4","150000","300","2026-04-24T06:22:21.3969552Z","2026-04-24T06:24:00.3292523Z","98.931637","False","runner_error",,"98.931637",,"mtsp.exe exited with code .","False",,""
"main","clustered-center","clustered-center_n10000_m5_r01.txt","C:\Users\ddkup\coursework\mtsp-routing-optimization\data\mtsp\generated_multifamily\clustered-center_n10000_m5_r01.txt","10000","5","lkh-wrapper-v7","150000","300","2026-04-24T06:24:00.4054023Z","2026-04-24T06:26:16.3656140Z","135.959504","False","runner_error",,"135.959504",,"mtsp.exe exited with code .","False",,""
"main","clustered-offset-depot","clustered-offset-depot_n10000_m5_r01.txt","C:\Users\ddkup\coursework\mtsp-routing-optimization\data\mtsp\generated_multifamily\clustered-offset-depot_n10000_m5_r01.txt","10000","5","lkh3-baseline","150000","300","2026-04-24T06:26:16.4580580Z","2026-04-24T06:29:56.6063148Z","220.147851","False","runner_error",,"220.147851",,"mtsp.exe exited with code .","False",,""
"main","clustered-offset-depot","clustered-offset-depot_n10000_m5_r01.txt","C:\Users\ddkup\coursework\mtsp-routing-optimization\data\mtsp\generated_multifamily\clustered-offset-depot_n10000_m5_r01.txt","10000","5","lkh-wrapper-v4","150000","300","2026-04-24T06:29:56.6841522Z","2026-04-24T06:32:03.8901565Z","127.205034","False","runner_error",,"127.205034",,"mtsp.exe exited with code .","False",,""
"main","clustered-offset-depot","clustered-offset-depot_n10000_m5_r01.txt","C:\Users\ddkup\coursework\mtsp-routing-optimization\data\mtsp\generated_multifamily\clustered-offset-depot_n10000_m5_r01.txt","10000","5","lkh-wrapper-v7","150000","300","2026-04-24T06:32:03.9528956Z","2026-04-24T06:34:19.7941353Z","135.841856","False","runner_error",,"135.841856",,"mtsp.exe exited with code .","False",,""
"main","high-m-stress","high-m-stress_n10000_m5_r01.txt","C:\Users\ddkup\coursework\mtsp-routing-optimization\data\mtsp\generated_multifamily\high-m-stress_n10000_m5_r01.txt","10000","5","lkh3-baseline","150000","300","2026-04-24T06:34:19.8520591Z","2026-04-24T06:37:57.0030400Z","217.150235","False","runner_error",,"217.150235",,"mtsp.exe exited with code .","False",,""
"main","high-m-stress","high-m-stress_n10000_m5_r01.txt","C:\Users\ddkup\coursework\mtsp-routing-optimization\data\mtsp\generated_multifamily\high-m-stress_n10000_m5_r01.txt","10000","5","lkh-wrapper-v4","150000","300","2026-04-24T06:37:57.0643109Z","2026-04-24T07:17:22.9888941Z","2365.924508","False","runner_error",,"2365.924508",,"mtsp.exe exited with code .","False",,""
"main","high-m-stress","high-m-stress_n10000_m5_r01.txt","C:\Users\ddkup\coursework\mtsp-routing-optimization\data\mtsp\generated_multifamily\high-m-stress_n10000_m5_r01.txt","10000","5","lkh-wrapper-v7","150000","300","2026-04-24T07:17:23.3444378Z","2026-04-24T07:18:19.3327925Z","55.989169","False","runner_error",,"55.989169",,"mtsp.exe exited with code .","False",,""
"main","mixed","mixed_n10000_m5_r01.txt","C:\Users\ddkup\coursework\mtsp-routing-optimization\data\mtsp\generated_multifamily\mixed_n10000_m5_r01.txt","10000","5","lkh3-baseline","150000","300","2026-04-24T07:18:19.3984954Z","2026-04-24T09:42:12.1984538Z","8632.800392","False","runner_error",,"8632.800392",,"mtsp.exe exited with code .","False",,""
"main","mixed","mixed_n10000_m5_r01.txt","C:\Users\ddkup\coursework\mtsp-routing-optimization\data\mtsp\generated_multifamily\mixed_n10000_m5_r01.txt","10000","5","lkh-wrapper-v4","150000","300","2026-04-24T09:42:13.9282321Z","2026-04-24T09:45:00.4782931Z","166.549686","False","runner_error",,"166.549686",,"mtsp.exe exited with code .","False",,""
"main","mixed","mixed_n10000_m5_r01.txt","C:\Users\ddkup\coursework\mtsp-routing-optimization\data\mtsp\generated_multifamily\mixed_n10000_m5_r01.txt","10000","5","lkh-wrapper-v7","150000","300","2026-04-24T09:45:00.6614676Z","2026-04-24T09:45:22.7024773Z","22.040065","False","runner_error",,"22.040065",,"mtsp.exe exited with code .","False",,""
"main","outliers","outliers_n10000_m5_r01.txt","C:\Users\ddkup\coursework\mtsp-routing-optimization\data\mtsp\generated_multifamily\outliers_n10000_m5_r01.txt","10000","5","lkh3-baseline","150000","300","2026-04-24T09:45:23.1672483Z","2026-04-24T09:50:25.0570273Z","301.888666","False","wall_timeout",,"301.888666",,"Killed after exceeding the external wall-clock timeout.","True",,""
"main","outliers","outliers_n10000_m5_r01.txt","C:\Users\ddkup\coursework\mtsp-routing-optimization\data\mtsp\generated_multifamily\outliers_n10000_m5_r01.txt","10000","5","lkh-wrapper-v4","150000","300","2026-04-24T09:50:25.6150551Z","2026-04-24T09:53:27.6284830Z","182.013954","False","runner_error",,"182.013954",,"mtsp.exe exited with code .","False",,""
"main","outliers","outliers_n10000_m5_r01.txt","C:\Users\ddkup\coursework\mtsp-routing-optimization\data\mtsp\generated_multifamily\outliers_n10000_m5_r01.txt","10000","5","lkh-wrapper-v7","150000","300","2026-04-24T09:53:28.0333051Z","2026-04-24T09:53:48.3773981Z","20.344316","False","runner_error",,"20.344316",,"mtsp.exe exited with code .","False",,""
"main","uniform","uniform_n10000_m5_r01.txt","C:\Users\ddkup\coursework\mtsp-routing-optimization\data\mtsp\generated_multifamily\uniform_n10000_m5_r01.txt","10000","5","lkh3-baseline","150000","300","2026-04-24T09:53:48.9076123Z","2026-04-24T09:58:50.5298833Z","301.623153","False","wall_timeout",,"301.623153",,"Killed after exceeding the external wall-clock timeout.","True",,""
"main","uniform","uniform_n10000_m5_r01.txt","C:\Users\ddkup\coursework\mtsp-routing-optimization\data\mtsp\generated_multifamily\uniform_n10000_m5_r01.txt","10000","5","lkh-wrapper-v4","150000","300","2026-04-24T09:58:51.0003123Z","2026-04-24T10:01:42.7558859Z","171.755559","False","runner_error",,"171.755559",,"mtsp.exe exited with code .","False",,""
"main","uniform","uniform_n10000_m5_r01.txt","C:\Users\ddkup\coursework\mtsp-routing-optimization\data\mtsp\generated_multifamily\uniform_n10000_m5_r01.txt","10000","5","lkh-wrapper-v7","150000","300","2026-04-24T10:01:43.0319371Z","2026-04-24T10:02:00.0832309Z","17.051747","False","runner_error",,"17.051747",,"mtsp.exe exited with code .","False",,""
"main","clustered-center","clustered-center_n25000_m5_r01.txt","C:\Users\ddkup\coursework\mtsp-routing-optimization\data\mtsp\generated_multifamily\clustered-center_n25000_m5_r01.txt","25000","5","lkh3-baseline","150000","300","2026-04-24T00:45:57.5573804Z","2026-04-24T00:50:58.5862186Z","301.029282","False","wall_timeout","","301.029282","","Killed after exceeding the external wall-clock timeout.","True","",""
"main","clustered-center","clustered-center_n25000_m7_r01.txt","C:\Users\ddkup\coursework\mtsp-routing-optimization\data\mtsp\generated_multifamily\clustered-center_n25000_m7_r01.txt","25000","7","lkh3-baseline","150000","300","2026-04-24T01:37:53.1154751Z","2026-04-24T01:42:53.8821492Z","300.766558","False","wall_timeout","","300.766558","","Killed after exceeding the external wall-clock timeout.","True","",""
"main","clustered-center","clustered-center_n25000_m5_r01.txt","C:\Users\ddkup\coursework\mtsp-routing-optimization\data\mtsp\generated_multifamily\clustered-center_n25000_m5_r01.txt","25000","5","lkh-wrapper-v4","150000","300","2026-04-24T10:02:00.3537202Z","2026-04-24T10:05:12.8577551Z","192.503756","False","runner_error",,"192.503756",,"mtsp.exe exited with code .","False",,""
"main","clustered-center","clustered-center_n25000_m7_r01.txt","C:\Users\ddkup\coursework\mtsp-routing-optimization\data\mtsp\generated_multifamily\clustered-center_n25000_m7_r01.txt","25000","7","lkh-wrapper-v4","150000","300","2026-04-24T10:05:13.1178024Z","2026-04-24T10:08:22.1005676Z","188.982581","False","runner_error",,"188.982581",,"mtsp.exe exited with code .","False",,""
"main","clustered-center","clustered-center_n25000_m7_r01.txt","C:\Users\ddkup\coursework\mtsp-routing-optimization\data\mtsp\generated_multifamily\clustered-center_n25000_m7_r01.txt","25000","7","lkh-wrapper-v7","150000","300","2026-04-24T10:08:22.3911272Z","2026-04-24T10:09:17.1700699Z","54.777931","False","runner_error",,"54.777931",,"mtsp.exe exited with code .","False",,""
"main","clustered-center","clustered-center_n25000_m5_r01.txt","C:\Users\ddkup\coursework\mtsp-routing-optimization\data\mtsp\generated_multifamily\clustered-center_n25000_m5_r01.txt","25000","5","lkh-wrapper-v7","150000","300","2026-04-24T10:09:17.4049609Z","2026-04-24T10:10:24.8439246Z","67.439463","False","runner_error",,"67.439463",,"mtsp.exe exited with code .","False",,""
"main","clustered-offset-depot","clustered-offset-depot_n25000_m7_r01.txt","C:\Users\ddkup\coursework\mtsp-routing-optimization\data\mtsp\generated_multifamily\clustered-offset-depot_n25000_m7_r01.txt","25000","7","lkh3-baseline","150000","300","2026-04-24T01:46:57.6140020Z","2026-04-24T01:51:58.6255315Z","301.010575","False","wall_timeout","","301.010575","","Killed after exceeding the external wall-clock timeout.","True","",""
"main","clustered-offset-depot","clustered-offset-depot_n25000_m5_r01.txt","C:\Users\ddkup\coursework\mtsp-routing-optimization\data\mtsp\generated_multifamily\clustered-offset-depot_n25000_m5_r01.txt","25000","5","lkh3-baseline","150000","300","2026-04-24T00:54:43.3885857Z","2026-04-24T00:59:44.2306271Z","300.842726","False","wall_timeout","","300.842726","","Killed after exceeding the external wall-clock timeout.","True","",""
"main","clustered-offset-depot","clustered-offset-depot_n25000_m7_r01.txt","C:\Users\ddkup\coursework\mtsp-routing-optimization\data\mtsp\generated_multifamily\clustered-offset-depot_n25000_m7_r01.txt","25000","7","lkh-wrapper-v4","150000","300","2026-04-24T10:10:25.0936945Z","2026-04-24T10:13:22.5402922Z","177.446066","False","runner_error",,"177.446066",,"mtsp.exe exited with code .","False",,""
"main","clustered-offset-depot","clustered-offset-depot_n25000_m5_r01.txt","C:\Users\ddkup\coursework\mtsp-routing-optimization\data\mtsp\generated_multifamily\clustered-offset-depot_n25000_m5_r01.txt","25000","5","lkh-wrapper-v4","150000","300","2026-04-24T10:13:22.7741264Z","2026-04-24T10:16:31.2936245Z","188.519235","False","runner_error",,"188.519235",,"mtsp.exe exited with code .","False",,""
"main","clustered-offset-depot","clustered-offset-depot_n25000_m5_r01.txt","C:\Users\ddkup\coursework\mtsp-routing-optimization\data\mtsp\generated_multifamily\clustered-offset-depot_n25000_m5_r01.txt","25000","5","lkh-wrapper-v7","150000","300","2026-04-24T10:16:31.5748788Z","2026-04-24T10:17:50.9306914Z","79.356233","False","runner_error",,"79.356233",,"mtsp.exe exited with code .","False",,""
"main","clustered-offset-depot","clustered-offset-depot_n25000_m7_r01.txt","C:\Users\ddkup\coursework\mtsp-routing-optimization\data\mtsp\generated_multifamily\clustered-offset-depot_n25000_m7_r01.txt","25000","7","lkh-wrapper-v7","150000","300","2026-04-24T10:17:51.2153452Z","2026-04-24T10:19:54.6593808Z","123.447324","False","runner_error",,"123.447324",,"mtsp.exe exited with code .","False",,""
"main","high-m-stress","high-m-stress_n25000_m7_r01.txt","C:\Users\ddkup\coursework\mtsp-routing-optimization\data\mtsp\generated_multifamily\high-m-stress_n25000_m7_r01.txt","25000","7","lkh3-baseline","150000","300","2026-04-24T01:29:18.9975365Z","2026-04-24T01:34:19.7553600Z","300.757938","False","wall_timeout","","300.757938","","Killed after exceeding the external wall-clock timeout.","True","",""
"main","high-m-stress","high-m-stress_n25000_m5_r01.txt","C:\Users\ddkup\coursework\mtsp-routing-optimization\data\mtsp\generated_multifamily\high-m-stress_n25000_m5_r01.txt","25000","5","lkh3-baseline","150000","300","2026-04-24T00:37:31.0308803Z","2026-04-24T00:42:31.9682371Z","300.936961","False","wall_timeout","","300.936961","","Killed after exceeding the external wall-clock timeout.","True","",""
"main","high-m-stress","high-m-stress_n25000_m7_r01.txt","C:\Users\ddkup\coursework\mtsp-routing-optimization\data\mtsp\generated_multifamily\high-m-stress_n25000_m7_r01.txt","25000","7","lkh-wrapper-v4","150000","300","2026-04-24T10:19:54.9339380Z","2026-04-24T10:36:32.8513400Z","997.91715","False","runner_error",,"997.91715",,"mtsp.exe exited with code .","False",,""
"main","high-m-stress","high-m-stress_n25000_m5_r01.txt","C:\Users\ddkup\coursework\mtsp-routing-optimization\data\mtsp\generated_multifamily\high-m-stress_n25000_m5_r01.txt","25000","5","lkh-wrapper-v4","150000","300","2026-04-24T10:36:33.2153849Z","2026-04-24T10:40:09.1397439Z","215.924587","False","runner_error",,"215.924587",,"mtsp.exe exited with code .","False",,""
"main","high-m-stress","high-m-stress_n25000_m5_r01.txt","C:\Users\ddkup\coursework\mtsp-routing-optimization\data\mtsp\generated_multifamily\high-m-stress_n25000_m5_r01.txt","25000","5","lkh-wrapper-v7","150000","300","2026-04-24T10:40:09.4870824Z","2026-04-24T10:41:26.2284212Z","76.74113","False","runner_error",,"76.74113",,"mtsp.exe exited with code .","False",,""
"main","high-m-stress","high-m-stress_n25000_m7_r01.txt","C:\Users\ddkup\coursework\mtsp-routing-optimization\data\mtsp\generated_multifamily\high-m-stress_n25000_m7_r01.txt","25000","7","lkh-wrapper-v7","150000","300","2026-04-24T10:41:26.6394448Z","2026-04-24T10:42:23.0527184Z","56.413643","False","runner_error",,"56.413643",,"mtsp.exe exited with code .","False",,""
"main","mixed","mixed_n25000_m7_r01.txt","C:\Users\ddkup\coursework\mtsp-routing-optimization\data\mtsp\generated_multifamily\mixed_n25000_m7_r01.txt","25000","7","lkh3-baseline","150000","300","2026-04-24T01:12:24.8204123Z","2026-04-24T01:17:25.5699632Z","300.74914","False","wall_timeout","","300.74914","","Killed after exceeding the external wall-clock timeout.","True","",""
"main","mixed","mixed_n25000_m5_r01.txt","C:\Users\ddkup\coursework\mtsp-routing-optimization\data\mtsp\generated_multifamily\mixed_n25000_m5_r01.txt","25000","5","lkh3-baseline","150000","300","2026-04-24T00:20:20.5753251Z","2026-04-24T00:25:21.5566392Z","300.980944","False","wall_timeout","","300.980944","","Killed after exceeding the external wall-clock timeout.","True","",""
"main","mixed","mixed_n25000_m7_r01.txt","C:\Users\ddkup\coursework\mtsp-routing-optimization\data\mtsp\generated_multifamily\mixed_n25000_m7_r01.txt","25000","7","lkh-wrapper-v4","150000","300","2026-04-24T10:42:23.4756691Z","2026-04-24T10:45:24.2051040Z","180.729091","False","runner_error",,"180.729091",,"mtsp.exe exited with code .","False",,""
"main","mixed","mixed_n25000_m5_r01.txt","C:\Users\ddkup\coursework\mtsp-routing-optimization\data\mtsp\generated_multifamily\mixed_n25000_m5_r01.txt","25000","5","lkh-wrapper-v4","150000","300","2026-04-24T10:45:24.8231533Z","2026-04-24T10:49:00.1710228Z","215.347734","False","runner_error",,"215.347734",,"mtsp.exe exited with code .","False",,""
"main","mixed","mixed_n25000_m5_r01.txt","C:\Users\ddkup\coursework\mtsp-routing-optimization\data\mtsp\generated_multifamily\mixed_n25000_m5_r01.txt","25000","5","lkh-wrapper-v7","150000","300","2026-04-24T10:49:00.6483464Z","2026-04-24T10:50:57.2446397Z","116.59453","False","runner_error",,"116.59453",,"mtsp.exe exited with code .","False",,""
"main","mixed","mixed_n25000_m7_r01.txt","C:\Users\ddkup\coursework\mtsp-routing-optimization\data\mtsp\generated_multifamily\mixed_n25000_m7_r01.txt","25000","7","lkh-wrapper-v7","150000","300","2026-04-24T10:50:57.8233200Z","2026-04-24T10:52:30.9153832Z","93.092824","False","runner_error",,"93.092824",,"mtsp.exe exited with code .","False",,""
"main","outliers","outliers_n25000_m7_r01.txt","C:\Users\ddkup\coursework\mtsp-routing-optimization\data\mtsp\generated_multifamily\outliers_n25000_m7_r01.txt","25000","7","lkh3-baseline","150000","300","2026-04-24T01:20:58.1689486Z","2026-04-24T01:25:58.8864547Z","300.717221","False","wall_timeout","","300.717221","","Killed after exceeding the external wall-clock timeout.","True","",""
"main","outliers","outliers_n25000_m5_r01.txt","C:\Users\ddkup\coursework\mtsp-routing-optimization\data\mtsp\generated_multifamily\outliers_n25000_m5_r01.txt","25000","5","lkh3-baseline","150000","300","2026-04-24T00:29:02.4582563Z","2026-04-24T00:34:03.4643128Z","301.005643","False","wall_timeout","","301.005643","","Killed after exceeding the external wall-clock timeout.","True","",""
"main","outliers","outliers_n25000_m5_r01.txt","C:\Users\ddkup\coursework\mtsp-routing-optimization\data\mtsp\generated_multifamily\outliers_n25000_m5_r01.txt","25000","5","lkh-wrapper-v4","150000","300","2026-04-24T10:52:31.2713796Z","2026-04-24T10:55:37.4326548Z","186.159064","False","runner_error",,"186.159064",,"mtsp.exe exited with code .","False",,""
"main","outliers","outliers_n25000_m7_r01.txt","C:\Users\ddkup\coursework\mtsp-routing-optimization\data\mtsp\generated_multifamily\outliers_n25000_m7_r01.txt","25000","7","lkh-wrapper-v4","150000","300","2026-04-24T10:55:37.8478993Z","2026-04-24T10:58:53.7981992Z","195.949096","False","runner_error",,"195.949096",,"mtsp.exe exited with code .","False",,""
"main","outliers","outliers_n25000_m5_r01.txt","C:\Users\ddkup\coursework\mtsp-routing-optimization\data\mtsp\generated_multifamily\outliers_n25000_m5_r01.txt","25000","5","lkh-wrapper-v7","150000","300","2026-04-24T10:58:54.1563742Z","2026-04-24T11:00:08.5786344Z","74.422681","False","runner_error",,"74.422681",,"mtsp.exe exited with code .","False",,""
"main","outliers","outliers_n25000_m7_r01.txt","C:\Users\ddkup\coursework\mtsp-routing-optimization\data\mtsp\generated_multifamily\outliers_n25000_m7_r01.txt","25000","7","lkh-wrapper-v7","150000","300","2026-04-24T11:00:08.8485676Z","2026-04-24T11:01:01.2980831Z","52.449495","False","runner_error",,"52.449495",,"mtsp.exe exited with code .","False",,""
"main","uniform","uniform_n25000_m5_r01.txt","C:\Users\ddkup\coursework\mtsp-routing-optimization\data\mtsp\generated_multifamily\uniform_n25000_m5_r01.txt","25000","5","lkh3-baseline","150000","300","2026-04-24T00:11:47.2171700Z","2026-04-24T00:16:48.0213482Z","300.804301","False","wall_timeout","","300.804301","","Killed after exceeding the external wall-clock timeout.","True","",""
"main","uniform","uniform_n25000_m7_r01.txt","C:\Users\ddkup\coursework\mtsp-routing-optimization\data\mtsp\generated_multifamily\uniform_n25000_m7_r01.txt","25000","7","lkh3-baseline","150000","300","2026-04-24T01:03:22.4414817Z","2026-04-24T01:08:23.3179293Z","300.876206","False","wall_timeout","","300.876206","","Killed after exceeding the external wall-clock timeout.","True","",""
"main","uniform","uniform_n25000_m5_r01.txt","C:\Users\ddkup\coursework\mtsp-routing-optimization\data\mtsp\generated_multifamily\uniform_n25000_m5_r01.txt","25000","5","lkh-wrapper-v4","150000","300","2026-04-24T11:01:01.5598277Z","2026-04-24T11:04:05.8899544Z","184.329889","False","runner_error",,"184.329889",,"mtsp.exe exited with code .","False",,""
"main","uniform","uniform_n25000_m7_r01.txt","C:\Users\ddkup\coursework\mtsp-routing-optimization\data\mtsp\generated_multifamily\uniform_n25000_m7_r01.txt","25000","7","lkh-wrapper-v4","150000","300","2026-04-24T11:04:06.1314724Z","2026-04-24T11:07:04.1300007Z","177.997814","False","runner_error",,"177.997814",,"mtsp.exe exited with code .","False",,""
"main","uniform","uniform_n25000_m5_r01.txt","C:\Users\ddkup\coursework\mtsp-routing-optimization\data\mtsp\generated_multifamily\uniform_n25000_m5_r01.txt","25000","5","lkh-wrapper-v7","150000","300","2026-04-24T11:07:04.3761828Z","2026-04-24T11:07:47.2889087Z","42.912558","False","runner_error",,"42.912558",,"mtsp.exe exited with code .","False",,""
"main","uniform","uniform_n25000_m7_r01.txt","C:\Users\ddkup\coursework\mtsp-routing-optimization\data\mtsp\generated_multifamily\uniform_n25000_m7_r01.txt","25000","7","lkh-wrapper-v7","150000","300","2026-04-24T11:07:47.5342927Z","2026-04-24T11:08:41.5336942Z","53.999032","False","runner_error",,"53.999032",,"mtsp.exe exited with code .","False",,""
"main","clustered-center","clustered-center_n50000_m7_r01.txt","C:\Users\ddkup\coursework\mtsp-routing-optimization\data\mtsp\generated_multifamily\clustered-center_n50000_m7_r01.txt","50000","7","lkh3-baseline","150000","300","2026-04-23T23:52:31.5474318Z","2026-04-23T23:57:32.4222970Z","300.874554","False","wall_timeout","","300.874554","","Killed after exceeding the external wall-clock timeout.","True","",""
"main","clustered-center","clustered-center_n50000_m5_r01.txt","C:\Users\ddkup\coursework\mtsp-routing-optimization\data\mtsp\generated_multifamily\clustered-center_n50000_m5_r01.txt","50000","5","lkh3-baseline","150000","300","2026-04-23T22:50:56.0264213Z","2026-04-23T22:55:56.8683138Z","300.841897","False","wall_timeout","","300.841897","","Killed after exceeding the external wall-clock timeout.","True","",""
"main","clustered-center","clustered-center_n50000_m5_r01.txt","C:\Users\ddkup\coursework\mtsp-routing-optimization\data\mtsp\generated_multifamily\clustered-center_n50000_m5_r01.txt","50000","5","lkh-wrapper-v4","150000","300","2026-04-24T11:08:41.7624401Z","2026-04-24T11:11:40.2542603Z","178.49225","False","runner_error",,"178.49225",,"mtsp.exe exited with code .","False",,""
"main","clustered-center","clustered-center_n50000_m7_r01.txt","C:\Users\ddkup\coursework\mtsp-routing-optimization\data\mtsp\generated_multifamily\clustered-center_n50000_m7_r01.txt","50000","7","lkh-wrapper-v4","150000","300","2026-04-24T11:11:40.5153595Z","2026-04-24T11:14:34.3911621Z","173.875956","False","runner_error",,"173.875956",,"mtsp.exe exited with code .","False",,""
"main","clustered-center","clustered-center_n50000_m7_r01.txt","C:\Users\ddkup\coursework\mtsp-routing-optimization\data\mtsp\generated_multifamily\clustered-center_n50000_m7_r01.txt","50000","7","lkh-wrapper-v7","150000","300","2026-04-24T11:14:34.6517221Z","2026-04-24T11:16:54.3479517Z","139.695846","False","runner_error",,"139.695846",,"mtsp.exe exited with code .","False",,""
"main","clustered-center","clustered-center_n50000_m5_r01.txt","C:\Users\ddkup\coursework\mtsp-routing-optimization\data\mtsp\generated_multifamily\clustered-center_n50000_m5_r01.txt","50000","5","lkh-wrapper-v7","150000","300","2026-04-24T11:16:54.6079113Z","2026-04-24T11:19:15.6655521Z","141.057649","False","runner_error",,"141.057649",,"mtsp.exe exited with code .","False",,""
"main","clustered-offset-depot","clustered-offset-depot_n50000_m7_r01.txt","C:\Users\ddkup\coursework\mtsp-routing-optimization\data\mtsp\generated_multifamily\clustered-offset-depot_n50000_m7_r01.txt","50000","7","lkh3-baseline","150000","300","2026-04-24T00:03:12.4038081Z","2026-04-24T00:08:13.2480158Z","300.843744","False","wall_timeout","","300.843744","","Killed after exceeding the external wall-clock timeout.","True","",""
"main","clustered-offset-depot","clustered-offset-depot_n50000_m5_r01.txt","C:\Users\ddkup\coursework\mtsp-routing-optimization\data\mtsp\generated_multifamily\clustered-offset-depot_n50000_m5_r01.txt","50000","5","lkh3-baseline","150000","300","2026-04-23T23:01:29.0075014Z","2026-04-23T23:06:29.8929003Z","300.885303","False","wall_timeout","","300.885303","","Killed after exceeding the external wall-clock timeout.","True","",""
"main","clustered-offset-depot","clustered-offset-depot_n50000_m5_r01.txt","C:\Users\ddkup\coursework\mtsp-routing-optimization\data\mtsp\generated_multifamily\clustered-offset-depot_n50000_m5_r01.txt","50000","5","lkh-wrapper-v4","150000","300","2026-04-24T11:19:15.9097846Z","2026-04-24T11:35:49.3627443Z","993.453312","False","runner_error",,"993.453312",,"mtsp.exe exited with code .","False",,""
"main","clustered-offset-depot","clustered-offset-depot_n50000_m7_r01.txt","C:\Users\ddkup\coursework\mtsp-routing-optimization\data\mtsp\generated_multifamily\clustered-offset-depot_n50000_m7_r01.txt","50000","7","lkh-wrapper-v4","150000","300","2026-04-24T11:35:49.6453612Z","2026-04-24T11:39:17.9165665Z","208.271284","False","runner_error",,"208.271284",,"mtsp.exe exited with code .","False",,""
"main","clustered-offset-depot","clustered-offset-depot_n50000_m7_r01.txt","C:\Users\ddkup\coursework\mtsp-routing-optimization\data\mtsp\generated_multifamily\clustered-offset-depot_n50000_m7_r01.txt","50000","7","lkh-wrapper-v7","150000","300","2026-04-24T11:39:18.2294191Z","2026-04-24T11:41:36.0045748Z","137.775868","False","runner_error",,"137.775868",,"mtsp.exe exited with code .","False",,""
"main","clustered-offset-depot","clustered-offset-depot_n50000_m5_r01.txt","C:\Users\ddkup\coursework\mtsp-routing-optimization\data\mtsp\generated_multifamily\clustered-offset-depot_n50000_m5_r01.txt","50000","5","lkh-wrapper-v7","150000","300","2026-04-24T11:41:36.2329637Z","2026-04-24T11:43:55.6124211Z","139.379716","False","runner_error",,"139.379716",,"mtsp.exe exited with code .","False",,""
"main","high-m-stress","high-m-stress_n50000_m7_r01.txt","C:\Users\ddkup\coursework\mtsp-routing-optimization\data\mtsp\generated_multifamily\high-m-stress_n50000_m7_r01.txt","50000","7","lkh3-baseline","150000","300","2026-04-23T23:41:58.6260713Z","2026-04-23T23:46:59.5550255Z","300.929364","False","wall_timeout","","300.929364","","Killed after exceeding the external wall-clock timeout.","True","",""
"main","high-m-stress","high-m-stress_n50000_m5_r01.txt","C:\Users\ddkup\coursework\mtsp-routing-optimization\data\mtsp\generated_multifamily\high-m-stress_n50000_m5_r01.txt","50000","5","lkh3-baseline","150000","300","2026-04-23T22:40:18.1231541Z","2026-04-23T22:45:18.9347347Z","300.810526","False","wall_timeout","","300.810526","","Killed after exceeding the external wall-clock timeout.","True","",""
"main","high-m-stress","high-m-stress_n50000_m5_r01.txt","C:\Users\ddkup\coursework\mtsp-routing-optimization\data\mtsp\generated_multifamily\high-m-stress_n50000_m5_r01.txt","50000","5","lkh-wrapper-v4","150000","300","2026-04-24T11:43:55.8786986Z","2026-04-24T11:47:11.8868817Z","196.007542","False","runner_error",,"196.007542",,"mtsp.exe exited with code .","False",,""
"main","high-m-stress","high-m-stress_n50000_m7_r01.txt","C:\Users\ddkup\coursework\mtsp-routing-optimization\data\mtsp\generated_multifamily\high-m-stress_n50000_m7_r01.txt","50000","7","lkh-wrapper-v4","150000","300","2026-04-24T11:47:12.1292189Z","2026-04-24T11:50:23.0305254Z","190.901348","False","runner_error",,"190.901348",,"mtsp.exe exited with code .","False",,""
"main","high-m-stress","high-m-stress_n50000_m5_r01.txt","C:\Users\ddkup\coursework\mtsp-routing-optimization\data\mtsp\generated_multifamily\high-m-stress_n50000_m5_r01.txt","50000","5","lkh-wrapper-v7","150000","300","2026-04-24T11:50:23.3269206Z","2026-04-24T11:52:42.5097102Z","139.182578","False","runner_error",,"139.182578",,"mtsp.exe exited with code .","False",,""
"main","high-m-stress","high-m-stress_n50000_m7_r01.txt","C:\Users\ddkup\coursework\mtsp-routing-optimization\data\mtsp\generated_multifamily\high-m-stress_n50000_m7_r01.txt","50000","7","lkh-wrapper-v7","150000","300","2026-04-24T11:52:42.7800144Z","2026-04-24T11:55:01.9592618Z","139.178812","False","runner_error",,"139.178812",,"mtsp.exe exited with code .","False",,""
"main","mixed","mixed_n50000_m7_r01.txt","C:\Users\ddkup\coursework\mtsp-routing-optimization\data\mtsp\generated_multifamily\mixed_n50000_m7_r01.txt","50000","7","lkh3-baseline","150000","300","2026-04-23T23:21:16.8756984Z","2026-04-23T23:26:17.7625459Z","300.886794","False","wall_timeout","","300.886794","","Killed after exceeding the external wall-clock timeout.","True","",""
"main","mixed","mixed_n50000_m5_r01.txt","C:\Users\ddkup\coursework\mtsp-routing-optimization\data\mtsp\generated_multifamily\mixed_n50000_m5_r01.txt","50000","5","lkh3-baseline","150000","300","2026-04-23T22:21:41.9718070Z","2026-04-23T22:26:42.7911395Z","300.818965","False","wall_timeout","","300.818965","","Killed after exceeding the external wall-clock timeout.","True","",""
"main","mixed","mixed_n50000_m7_r01.txt","C:\Users\ddkup\coursework\mtsp-routing-optimization\data\mtsp\generated_multifamily\mixed_n50000_m7_r01.txt","50000","7","lkh-wrapper-v4","150000","300","2026-04-24T11:55:02.2295319Z","2026-04-24T11:58:37.4059124Z","215.175694","False","runner_error",,"215.175694",,"mtsp.exe exited with code .","False",,""
"main","mixed","mixed_n50000_m5_r01.txt","C:\Users\ddkup\coursework\mtsp-routing-optimization\data\mtsp\generated_multifamily\mixed_n50000_m5_r01.txt","50000","5","lkh-wrapper-v4","150000","300","2026-04-24T11:58:37.6715071Z","2026-04-24T12:02:18.1443234Z","220.471928","False","runner_error",,"220.471928",,"mtsp.exe exited with code .","False",,""
"main","mixed","mixed_n50000_m7_r01.txt","C:\Users\ddkup\coursework\mtsp-routing-optimization\data\mtsp\generated_multifamily\mixed_n50000_m7_r01.txt","50000","7","lkh-wrapper-v7","150000","300","2026-04-24T12:02:18.4462599Z","2026-04-24T12:04:39.2864974Z","140.839837","False","runner_error",,"140.839837",,"mtsp.exe exited with code .","False",,""
"main","mixed","mixed_n50000_m5_r01.txt","C:\Users\ddkup\coursework\mtsp-routing-optimization\data\mtsp\generated_multifamily\mixed_n50000_m5_r01.txt","50000","5","lkh-wrapper-v7","150000","300","2026-04-24T12:04:39.5817622Z","2026-04-24T12:06:59.1828296Z","139.601565","False","runner_error",,"139.601565",,"mtsp.exe exited with code .","False",,""
"main","outliers","outliers_n50000_m5_r01.txt","C:\Users\ddkup\coursework\mtsp-routing-optimization\data\mtsp\generated_multifamily\outliers_n50000_m5_r01.txt","50000","5","lkh3-baseline","150000","300","2026-04-23T22:31:12.0345800Z","2026-04-23T22:36:12.8178963Z","300.783448","False","wall_timeout","","300.783448","","Killed after exceeding the external wall-clock timeout.","True","",""
"main","outliers","outliers_n50000_m7_r01.txt","C:\Users\ddkup\coursework\mtsp-routing-optimization\data\mtsp\generated_multifamily\outliers_n50000_m7_r01.txt","50000","7","lkh3-baseline","150000","300","2026-04-23T23:31:53.3448504Z","2026-04-23T23:36:54.1652890Z","300.819806","False","wall_timeout","","300.819806","","Killed after exceeding the external wall-clock timeout.","True","",""
"main","outliers","outliers_n50000_m5_r01.txt","C:\Users\ddkup\coursework\mtsp-routing-optimization\data\mtsp\generated_multifamily\outliers_n50000_m5_r01.txt","50000","5","lkh-wrapper-v4","150000","300","2026-04-24T12:06:59.4859574Z","2026-04-24T12:10:28.1287508Z","208.642685","False","runner_error",,"208.642685",,"mtsp.exe exited with code .","False",,""
"main","outliers","outliers_n50000_m7_r01.txt","C:\Users\ddkup\coursework\mtsp-routing-optimization\data\mtsp\generated_multifamily\outliers_n50000_m7_r01.txt","50000","7","lkh-wrapper-v4","150000","300","2026-04-24T12:10:28.3941093Z","2026-04-24T12:14:09.5412198Z","221.1463","False","runner_error",,"221.1463",,"mtsp.exe exited with code .","False",,""
"main","outliers","outliers_n50000_m5_r01.txt","C:\Users\ddkup\coursework\mtsp-routing-optimization\data\mtsp\generated_multifamily\outliers_n50000_m5_r01.txt","50000","5","lkh-wrapper-v7","150000","300","2026-04-24T12:14:09.8198772Z","2026-04-24T12:16:28.6508778Z","138.830194","False","runner_error",,"138.830194",,"mtsp.exe exited with code .","False",,""
"main","outliers","outliers_n50000_m7_r01.txt","C:\Users\ddkup\coursework\mtsp-routing-optimization\data\mtsp\generated_multifamily\outliers_n50000_m7_r01.txt","50000","7","lkh-wrapper-v7","150000","300","2026-04-24T12:16:28.9045036Z","2026-04-24T12:18:49.1697791Z","140.264894","False","runner_error",,"140.264894",,"mtsp.exe exited with code .","False",,""
"main","uniform","uniform_n50000_m5_r01.txt","C:\Users\ddkup\coursework\mtsp-routing-optimization\data\mtsp\generated_multifamily\uniform_n50000_m5_r01.txt","50000","5","lkh3-baseline","150000","300","2026-04-23T22:11:11.3126233Z","2026-04-23T22:16:12.1100453Z","300.796847","False","wall_timeout","","300.796847","","Killed after exceeding the external wall-clock timeout.","True","",""
"main","uniform","uniform_n50000_m7_r01.txt","C:\Users\ddkup\coursework\mtsp-routing-optimization\data\mtsp\generated_multifamily\uniform_n50000_m7_r01.txt","50000","7","lkh3-baseline","150000","300","2026-04-23T23:10:54.2780508Z","2026-04-23T23:15:55.1022885Z","300.823674","False","wall_timeout","","300.823674","","Killed after exceeding the external wall-clock timeout.","True","",""
"main","uniform","uniform_n50000_m5_r01.txt","C:\Users\ddkup\coursework\mtsp-routing-optimization\data\mtsp\generated_multifamily\uniform_n50000_m5_r01.txt","50000","5","lkh-wrapper-v4","150000","300","2026-04-24T12:18:49.4281462Z","2026-04-24T12:22:01.7466625Z","192.318509","False","runner_error",,"192.318509",,"mtsp.exe exited with code .","False",,""
"main","uniform","uniform_n50000_m7_r01.txt","C:\Users\ddkup\coursework\mtsp-routing-optimization\data\mtsp\generated_multifamily\uniform_n50000_m7_r01.txt","50000","7","lkh-wrapper-v4","150000","300","2026-04-24T12:22:02.0664743Z","2026-04-24T12:25:33.5365818Z","211.471155","False","runner_error",,"211.471155",,"mtsp.exe exited with code .","False",,""
"main","uniform","uniform_n50000_m7_r01.txt","C:\Users\ddkup\coursework\mtsp-routing-optimization\data\mtsp\generated_multifamily\uniform_n50000_m7_r01.txt","50000","7","lkh-wrapper-v7","150000","300","2026-04-24T12:25:33.8133370Z","2026-04-24T12:27:52.1557504Z","138.342595","False","runner_error",,"138.342595",,"mtsp.exe exited with code .","False",,""
"main","uniform","uniform_n50000_m5_r01.txt","C:\Users\ddkup\coursework\mtsp-routing-optimization\data\mtsp\generated_multifamily\uniform_n50000_m5_r01.txt","50000","5","lkh-wrapper-v7","150000","300","2026-04-24T12:27:52.5328341Z","2026-04-24T12:30:11.5720953Z","139.03974","False","runner_error",,"139.03974",,"mtsp.exe exited with code .","False",,""
"overflow","clustered-center","clustered-center_n10000_m7_r01.txt","C:\Users\ddkup\coursework\mtsp-routing-optimization\data\mtsp\generated_multifamily\clustered-center_n10000_m7_r01.txt","10000","7","lkh3-baseline","150000","300","2026-04-24T12:30:11.8384333Z","2026-04-24T12:34:48.9130523Z","277.073787","False","runner_error",,"277.073787",,"mtsp.exe exited with code .","False",,""
"overflow","clustered-center","clustered-center_n10000_m7_r01.txt","C:\Users\ddkup\coursework\mtsp-routing-optimization\data\mtsp\generated_multifamily\clustered-center_n10000_m7_r01.txt","10000","7","lkh-wrapper-v4","150000","300","2026-04-24T12:34:49.1925839Z","2026-04-24T12:37:46.1432272Z","176.950563","False","runner_error",,"176.950563",,"mtsp.exe exited with code .","False",,""
"overflow","clustered-center","clustered-center_n10000_m7_r01.txt","C:\Users\ddkup\coursework\mtsp-routing-optimization\data\mtsp\generated_multifamily\clustered-center_n10000_m7_r01.txt","10000","7","lkh-wrapper-v7","150000","300","2026-04-24T12:37:46.3955855Z","2026-04-24T12:38:25.7057753Z","39.309872","False","runner_error",,"39.309872",,"mtsp.exe exited with code .","False",,""
"overflow","clustered-offset-depot","clustered-offset-depot_n10000_m7_r01.txt","C:\Users\ddkup\coursework\mtsp-routing-optimization\data\mtsp\generated_multifamily\clustered-offset-depot_n10000_m7_r01.txt","10000","7","lkh3-baseline","150000","300","2026-04-24T12:38:26.0004807Z","2026-04-24T12:43:22.0548334Z","296.054188","False","runner_error",,"296.054188",,"mtsp.exe exited with code .","False",,""
"overflow","clustered-offset-depot","clustered-offset-depot_n10000_m7_r01.txt","C:\Users\ddkup\coursework\mtsp-routing-optimization\data\mtsp\generated_multifamily\clustered-offset-depot_n10000_m7_r01.txt","10000","7","lkh-wrapper-v4","150000","300","2026-04-24T12:43:22.3642036Z","2026-04-24T12:46:17.6820196Z","175.317453","False","runner_error",,"175.317453",,"mtsp.exe exited with code .","False",,""
"overflow","clustered-offset-depot","clustered-offset-depot_n10000_m7_r01.txt","C:\Users\ddkup\coursework\mtsp-routing-optimization\data\mtsp\generated_multifamily\clustered-offset-depot_n10000_m7_r01.txt","10000","7","lkh-wrapper-v7","150000","300","2026-04-24T12:46:17.9370580Z","2026-04-24T12:46:56.2525412Z","38.315227","False","runner_error",,"38.315227",,"mtsp.exe exited with code .","False",,""
"overflow","high-m-stress","high-m-stress_n10000_m7_r01.txt","C:\Users\ddkup\coursework\mtsp-routing-optimization\data\mtsp\generated_multifamily\high-m-stress_n10000_m7_r01.txt","10000","7","lkh3-baseline","150000","300","2026-04-24T12:46:56.5549312Z","2026-04-24T12:51:32.0925648Z","275.537765","False","runner_error",,"275.537765",,"mtsp.exe exited with code .","False",,""
"overflow","high-m-stress","high-m-stress_n10000_m7_r01.txt","C:\Users\ddkup\coursework\mtsp-routing-optimization\data\mtsp\generated_multifamily\high-m-stress_n10000_m7_r01.txt","10000","7","lkh-wrapper-v4","150000","300","2026-04-24T03:01:21.8643687Z","2026-04-24T03:04:05.5637406Z","163.699506","False","runner_error","","163.699506","","mtsp.exe exited with code .","False","",""
"overflow","high-m-stress","high-m-stress_n10000_m7_r01.txt","C:\Users\ddkup\coursework\mtsp-routing-optimization\data\mtsp\generated_multifamily\high-m-stress_n10000_m7_r01.txt","10000","7","lkh-wrapper-v7","150000","300","2026-04-24T03:04:05.6289108Z","2026-04-24T03:06:07.6044324Z","121.975993","False","runner_error","","121.975993","","mtsp.exe exited with code .","False","",""
"overflow","mixed","mixed_n10000_m7_r01.txt","C:\Users\ddkup\coursework\mtsp-routing-optimization\data\mtsp\generated_multifamily\mixed_n10000_m7_r01.txt","10000","7","lkh3-baseline","150000","300","2026-04-24T02:50:31.7457914Z","2026-04-24T02:54:08.4189842Z","216.672853","False","runner_error","","216.672853","","mtsp.exe exited with code .","False","",""
"overflow","mixed","mixed_n10000_m7_r01.txt","C:\Users\ddkup\coursework\mtsp-routing-optimization\data\mtsp\generated_multifamily\mixed_n10000_m7_r01.txt","10000","7","lkh-wrapper-v4","150000","300","2026-04-24T02:47:06.7778665Z","2026-04-24T02:49:10.6889122Z","123.911472","False","runner_error","","123.911472","","mtsp.exe exited with code .","False","",""
"overflow","mixed","mixed_n10000_m7_r01.txt","C:\Users\ddkup\coursework\mtsp-routing-optimization\data\mtsp\generated_multifamily\mixed_n10000_m7_r01.txt","10000","7","lkh-wrapper-v7","150000","300","2026-04-24T02:49:10.7378619Z","2026-04-24T02:50:31.6781870Z","80.94018","False","runner_error","","80.94018","","mtsp.exe exited with code .","False","",""
"overflow","outliers","outliers_n10000_m7_r01.txt","C:\Users\ddkup\coursework\mtsp-routing-optimization\data\mtsp\generated_multifamily\outliers_n10000_m7_r01.txt","10000","7","lkh3-baseline","150000","300","2026-04-24T02:57:45.0926197Z","2026-04-24T03:01:21.7945070Z","216.701887","False","runner_error","","216.701887","","mtsp.exe exited with code .","False","",""
"overflow","outliers","outliers_n10000_m7_r01.txt","C:\Users\ddkup\coursework\mtsp-routing-optimization\data\mtsp\generated_multifamily\outliers_n10000_m7_r01.txt","10000","7","lkh-wrapper-v4","150000","300","2026-04-24T02:54:08.4790928Z","2026-04-24T02:56:30.3416589Z","141.862686","False","runner_error","","141.862686","","mtsp.exe exited with code .","False","",""
"overflow","outliers","outliers_n10000_m7_r01.txt","C:\Users\ddkup\coursework\mtsp-routing-optimization\data\mtsp\generated_multifamily\outliers_n10000_m7_r01.txt","10000","7","lkh-wrapper-v7","150000","300","2026-04-24T02:56:30.4000199Z","2026-04-24T02:57:45.0193921Z","74.619244","False","runner_error","","74.619244","","mtsp.exe exited with code .","False","",""
"overflow","uniform","uniform_n10000_m7_r01.txt","C:\Users\ddkup\coursework\mtsp-routing-optimization\data\mtsp\generated_multifamily\uniform_n10000_m7_r01.txt","10000","7","lkh3-baseline","150000","300","2026-04-24T02:43:28.2173659Z","2026-04-24T02:47:06.6947245Z","218.478238","False","runner_error","","218.478238","","mtsp.exe exited with code .","False","",""
"overflow","uniform","uniform_n10000_m7_r01.txt","C:\Users\ddkup\coursework\mtsp-routing-optimization\data\mtsp\generated_multifamily\uniform_n10000_m7_r01.txt","10000","7","lkh-wrapper-v4","150000","300","2026-04-24T02:38:28.4218325Z","2026-04-24T02:41:12.1488686Z","163.727672","False","runner_error","","163.727672","","mtsp.exe exited with code .","False","",""
"overflow","uniform","uniform_n10000_m7_r01.txt","C:\Users\ddkup\coursework\mtsp-routing-optimization\data\mtsp\generated_multifamily\uniform_n10000_m7_r01.txt","10000","7","lkh-wrapper-v7","150000","300","2026-04-24T02:41:12.2099207Z","2026-04-24T02:43:28.1477689Z","135.936782","False","runner_error","","135.936782","","mtsp.exe exited with code .","False","",""
"overflow","mixed","mixed_n100000_m5_r01.txt","C:\Users\ddkup\coursework\mtsp-routing-optimization\data\mtsp\generated_multifamily\mixed_n100000_m5_r01.txt","100000","5","lkh3-baseline","150000","300","2026-04-24T03:41:28.1283765Z","2026-04-24T03:46:28.9127959Z","300.78399","False","wall_timeout","","300.78399","","Killed after exceeding the external wall-clock timeout.","True","",""
"overflow","mixed","mixed_n100000_m5_r01.txt","C:\Users\ddkup\coursework\mtsp-routing-optimization\data\mtsp\generated_multifamily\mixed_n100000_m5_r01.txt","100000","5","lkh-wrapper-v4","150000","300","2026-04-24T03:35:59.4298383Z","2026-04-24T03:39:05.7380186Z","186.30828","False","runner_error","","186.30828","","mtsp.exe exited with code .","False","",""
"overflow","mixed","mixed_n100000_m5_r01.txt","C:\Users\ddkup\coursework\mtsp-routing-optimization\data\mtsp\generated_multifamily\mixed_n100000_m5_r01.txt","100000","5","lkh-wrapper-v7","150000","300","2026-04-24T03:39:05.8094742Z","2026-04-24T03:41:28.0597322Z","142.250504","False","runner_error","","142.250504","","mtsp.exe exited with code .","False","",""
"overflow","uniform","uniform_n100000_m5_r01.txt","C:\Users\ddkup\coursework\mtsp-routing-optimization\data\mtsp\generated_multifamily\uniform_n100000_m5_r01.txt","100000","5","lkh3-baseline","150000","300","2026-04-24T03:30:58.2971437Z","2026-04-24T03:35:59.3161448Z","301.018226","False","wall_timeout","","301.018226","","Killed after exceeding the external wall-clock timeout.","True","",""
"overflow","uniform","uniform_n100000_m5_r01.txt","C:\Users\ddkup\coursework\mtsp-routing-optimization\data\mtsp\generated_multifamily\uniform_n100000_m5_r01.txt","100000","5","lkh-wrapper-v4","150000","300","2026-04-24T03:25:25.4745812Z","2026-04-24T03:28:38.4435643Z","192.96883","False","runner_error","","192.96883","","mtsp.exe exited with code .","False","",""
"overflow","uniform","uniform_n100000_m5_r01.txt","C:\Users\ddkup\coursework\mtsp-routing-optimization\data\mtsp\generated_multifamily\uniform_n100000_m5_r01.txt","100000","5","lkh-wrapper-v7","150000","300","2026-04-24T03:28:38.5097115Z","2026-04-24T03:30:58.1939741Z","139.683428","False","runner_error","","139.683428","","mtsp.exe exited with code .","False","",""
